item,cluster,cluster_name,mean_units,cv_units,avg_price,trend_slope_norm,seasonality_strength
ACCESORIES_1_001,2,Baja rotación volátil,2.139571353894407,1.2476973186775715,11.032754939106901,0.0016301099385510052,0.18498249500920141
ACCESORIES_1_002,3,Nicho premium,2.6445373758494513,0.8857272349795698,5.275707883971737,0.00013773348881488076,0.3772844569793341
ACCESORIES_1_003,2,Baja rotación volátil,0.7501306847882906,1.9089445524200919,3.9441249779346865,0.00207529607538757,0.3108860551830918
ACCESORIES_1_004,1,Básicos de alto volumen,20.478306325143752,0.40139194551688123,5.983299060693641,5.822315688268503e-05,0.04485756680469431
ACCESORIES_1_005,1,Básicos de alto volumen,7.642969158389963,0.6538342498299476,3.832119391634981,0.00011166350101723018,0.21246145278719827
ACCESORIES_1_006,1,Básicos de alto volumen,6.83115525352849,0.8538345882690305,1.334331651376147,0.0004323983553722741,0.050164306626329015
ACCESORIES_1_007,3,Nicho premium,1.5755358076319916,1.0558699017479285,10.480751780264496,0.0011068979765009649,0.1567432578750751
ACCESORIES_1_008,1,Básicos de alto volumen,45.815473078933614,0.5946704673792556,0.6328636130450714,-3.090992173543823e-05,0.09485284335776639
ACCESORIES_1_009,1,Básicos de alto volumen,8.184526921066388,0.6668905495728139,2.2907282471157426,-0.0002113140841222527,0.05208905525137647
ACCESORIES_1_010,1,Básicos de alto volumen,6.110297961317302,0.49364524807811144,3.9563924731182794,-0.00020909527891004335,0.08033466568342734
ACCESORIES_1_011,2,Baja rotación volátil,0.7841087297438578,1.3803460127193723,4.6284,0.0007106849770246106,0.09413912086379216
ACCESORIES_1_012,3,Nicho premium,3.8295870360690016,0.7136331039832359,8.606006059519542,-0.0006996533898069817,0.07157739081762257
ACCESORIES_1_013,2,Baja rotación volátil,2.2927339257710404,0.9877564428917136,2.6201000000000003,0.000817194076290335,0.1224680375395709
ACCESORIES_1_014,1,Básicos de alto volumen,19.480920020909565,0.7031486051750021,1.3343381502890173,0.0009242655243898996,0.06873699549315979
ACCESORIES_1_015,1,Básicos de alto volumen,44.19289074751699,0.5122417627369452,0.9416991747398638,-0.0001427121049953825,0.08158829808215026
ACCESORIES_1_016,1,Básicos de alto volumen,31.269733403031886,0.5235630507622308,0.9437299309843807,-0.00011560951839952826,0.04393095916028398
ACCESORIES_1_017,1,Básicos de alto volumen,7.621536853110298,0.649968740016077,2.5884464146531565,0.00015766663429872738,0.06985670246852387
ACCESORIES_1_018,3,Nicho premium,0.6685833768949294,1.577139266927646,15.719025318761387,0.001188902041311963,0.25722682752096393
ACCESORIES_1_019,1,Básicos de alto volumen,27.750653423941454,0.8818022116252748,0.6271774440196615,0.0009759250201747801,0.06840077517364128
ACCESORIES_1_020,3,Nicho premium,2.34343962362781,0.7399664768611381,16.202583821376283,-6.964981781432768e-05,0.03885338330337025
ACCESORIES_1_021,3,Nicho premium,3.521170935703084,0.8565665235109887,15.709523210332106,0.0002738787500980218,0.29694996626639564
ACCESORIES_1_022,3,Nicho premium,3.845791949817041,0.6509719364173081,9.496576594982079,-0.0003475111420687777,0.13141253438357875
ACCESORIES_1_023,1,Básicos de alto volumen,10.876633559853634,0.6530225468228168,4.5704806451612905,-0.00059258838324644,0.25104914218911806
ACCESORIES_1_024,3,Nicho premium,1.9874542603240983,1.1393414451724035,11.806242110453649,0.000857357515231694,0.0879590344780532
ACCESORIES_1_025,1,Básicos de alto volumen,4.237323575535807,0.7806348121732796,5.175192699029127,-9.790989539180999e-05,0.05915400044205498
ACCESORIES_1_026,3,Nicho premium,1.789858860428646,1.230172372687755,23.855662352941174,0.001501993777540404,0.12098827418765258
ACCESORIES_1_027,3,Nicho premium,1.0627286983795086,1.7245856814326552,26.5594252794497,0.0018125223240851446,0.12160738153868934
ACCESORIES_1_028,3,Nicho premium,4.271301620491375,0.5648682850101776,10.21162559139785,-0.0003457006847209001,0.016697820030559935
ACCESORIES_1_029,3,Nicho premium,9.491374803972818,0.4595524077944354,11.228648503425893,3.224589849663619e-05,0.052373580505179804
ACCESORIES_1_030,1,Básicos de alto volumen,15.501829587036069,0.9542879538328431,0.9527470229007634,0.0011141518109837303,0.08385574455052357
ACCESORIES_1_031,3,Nicho premium,3.1871406168322007,0.659877150401607,14.602116289917475,-0.0002968657843899296,0.07495270106729074
ACCESORIES_1_032,1,Básicos de alto volumen,33.17982226868792,0.7195315661962955,0.7441087813620072,-0.000281889014086541,0.16486033100170905
ACCESORIES_1_033,3,Nicho premium,1.312598013591218,1.4097681211351418,21.370023059532784,0.0014965604234170112,0.16289124460699977
ACCESORIES_1_034,1,Básicos de alto volumen,4.723470987977,0.6411271579046689,6.382769412191583,6.50302810943181e-05,0.2519125913208516
ACCESORIES_1_035,1,Básicos de alto volumen,1.6027182435964453,0.9432848663572867,2.6873013671875,0.0002141548635561044,0.13884375826025933
ACCESORIES_1_036,1,Básicos de alto volumen,5.496602195504443,0.6587281776028122,1.4140586917238889,-0.0002485876071974707,0.09624546325906018
ACCESORIES_1_037,3,Nicho premium,7.317825405122844,0.7346400292004518,17.183678985838284,0.0006667305295072768,0.09743905419923783
ACCESORIES_1_038,1,Básicos de alto volumen,3.1019341348667013,0.6416797351950357,4.264008602150538,-9.808049879188778e-05,0.07246745098307415
ACCESORIES_1_039,3,Nicho premium,0.8964976476738108,1.2753636652259814,7.8192142924528305,0.0006963169537996033,0.08741719339592209
ACCESORIES_1_040,3,Nicho premium,8.207004704652379,0.8722750415550352,17.207924578313254,0.0007037184382711305,0.21124813574494708
ACCESORIES_1_041,1,Básicos de alto volumen,3.299006795608991,0.733407723415097,5.278096588731314,-0.00014083190497231332,0.104848923126152
ACCESORIES_1_042,3,Nicho premium,3.879247255619446,0.8668571758218905,10.162882530120482,0.00017901428367436199,0.06866060576729316
ACCESORIES_1_043,1,Básicos de alto volumen,26.25614218504966,0.5356222664805752,0.9422066617862372,-0.0002378696826316646,0.039695786263450356
ACCESORIES_1_044,1,Básicos de alto volumen,5.840564558285416,0.6476825968103342,1.9691604099244875,-0.0005774459990490263,0.10741773384635946
ACCESORIES_1_045,2,Baja rotación volátil,0.5426032409827496,2.1194784769815715,14.0714,0.002122124197027684,0.34328190911914164
ACCESORIES_1_046,3,Nicho premium,1.1536853110297962,1.97662100180021,25.143799438202247,0.002360399531243444,0.3473466200828181
ACCESORIES_1_047,1,Básicos de alto volumen,7.629377940407736,0.6603619565852599,2.2898572055596196,-0.0002722688671750804,0.07581439578700955
ACCESORIES_1_048,1,Básicos de alto volumen,39.58024046001046,0.7661934462006345,0.6249411940298507,0.000988329017179154,0.09938977262777232
ACCESORIES_1_049,3,Nicho premium,2.27025614218505,0.9986143630175036,10.702454195804195,0.0003211402631238955,0.1521881146474328
ACCESORIES_1_050,3,Nicho premium,4.546262415054888,0.5328926159200262,13.788494200797391,4.653029714930721e-05,0.044998915532723956
ACCESORIES_1_051,2,Baja rotación volátil,1.3507579717720857,1.2971323822215997,7.953400000000001,0.0013100782478796767,0.11685615418382225
ACCESORIES_1_052,2,Baja rotación volátil,0.46732880292733925,1.6466322859831046,7.819183721993599,0.0008733124534712381,0.13641448077088061
ACCESORIES_1_053,2,Baja rotación volátil,1.6696288552012546,1.5308699202528244,5.279275960346965,0.0013291241036019674,0.16723500345293205
ACCESORIES_1_054,2,Baja rotación volátil,0.5033978044955567,1.8070878255674845,3.9486021505376345,0.0015454490837336708,0.4051135119406471
ACCESORIES_1_055,3,Nicho premium,10.6382645060115,0.47286232801429373,11.250967228121567,0.00017364502466891193,0.08930421818545209
ACCESORIES_1_056,1,Básicos de alto volumen,10.501829587036069,0.9975043143716136,1.2502,0.0012972129019835708,0.10142348150479144
ACCESORIES_1_057,3,Nicho premium,4.742289597490852,0.845649084045739,6.431811996066863,0.0008827613347463777,0.26799346821889736
ACCESORIES_1_058,3,Nicho premium,2.6644014636696287,0.8560369963945537,11.188801008282319,-0.0005564083639579173,0.164225612300892
ACCESORIES_1_060,3,Nicho premium,1.7846314688970204,1.0447902450092184,39.48410133070478,0.001134555342408601,0.15037477227620547
ACCESORIES_1_061,1,Básicos de alto volumen,3.6121275483533717,0.6415641817660673,3.716505897159296,-0.00015760157764629798,0.07183861796358487
ACCESORIES_1_062,2,Baja rotación volátil,0.5922634605331939,1.9437547378605322,1.2901,0.0014649248371630759,0.18667464859442687
ACCESORIES_1_063,3,Nicho premium,2.507579717720857,0.7205565383084167,7.1079014890282135,-0.0002536795937600383,0.1039800704839118
ACCESORIES_1_064,3,Nicho premium,10.331939362258233,0.4680028103012137,17.143641581259153,0.00018932551126130112,0.08639630857628158
ACCESORIES_1_065,2,Baja rotación volátil,0.7323575535807632,1.361507968105516,6.4904,0.0006425185899242962,0.10116794186032543
ACCESORIES_1_066,2,Baja rotación volátil,1.5321484579194982,1.9655458150974592,1.6613628590971272,0.0018242142879617079,0.25238582374738466
ACCESORIES_1_067,1,Básicos de alto volumen,34.226346053319396,0.7087924182266175,0.7352421146953405,-0.00031784015578621304,0.12020555091032237
ACCESORIES_1_068,3,Nicho premium,5.095661265028751,0.6271284751693607,9.276124173850574,-0.0003595781517323876,0.15981612284678615
ACCESORIES_1_069,3,Nicho premium,1.70935703084161,0.9178417462631437,17.99469277620397,0.00039812991212037375,0.06963880683163508
ACCESORIES_1_070,2,Baja rotación volátil,0.7898588604286461,1.3585267711896014,7.819766364935685,0.0007900597283071267,0.12113754722593445
ACCESORIES_1_072,1,Básicos de alto volumen,5.530580240460011,0.6261965790168806,2.6201000000000003,-4.634592092545852e-05,0.16017592429335953
ACCESORIES_1_073,1,Básicos de alto volumen,5.89231573444851,0.4540849852032415,7.110704534005038,8.074636302579006e-06,0.034860873479825506
ACCESORIES_1_074,1,Básicos de alto volumen,13.857292211186618,0.3872751286866239,4.87763429844098,-3.917771053683968e-05,0.026540137951906538
ACCESORIES_1_075,3,Nicho premium,3.623105070569786,0.6356544024339488,9.277848362720404,-0.0001496958788228228,0.08914452875825439
ACCESORIES_1_076,1,Básicos de alto volumen,5.416100365917408,0.6862406545567803,4.342764608161791,-7.037685465681673e-05,0.27705633800088675
ACCESORIES_1_077,3,Nicho premium,1.6832200731834814,1.3730021722937489,13.126824066390041,0.0002976820153744244,0.1503891639108924
ACCESORIES_1_078,3,Nicho premium,9.405122843700994,0.6197616789339861,16.569239367816092,-5.977533133112112e-05,0.16025451896119286
ACCESORIES_1_079,3,Nicho premium,5.545739675901725,0.5073141743091875,10.762086078220308,0.0002856204939887248,0.08714785648504086
ACCESORIES_1_080,1,Básicos de alto volumen,19.898065865133297,0.7907992621373447,0.7334381909547738,-0.00033720948348864895,0.14551302434522767
ACCESORIES_1_081,3,Nicho premium,2.5337166753789857,1.1678919136794914,19.5776,0.001505109890271808,0.13242505052240638
ACCESORIES_1_082,3,Nicho premium,1.4819654992158913,0.9414221927263771,5.1176575071839085,-0.0003021075353110173,0.14705521284095013
ACCESORIES_1_083,3,Nicho premium,1.0888656560376373,1.4994586968571524,22.607111507293357,0.0014754423246248537,0.3141828215837044
ACCESORIES_1_084,1,Básicos de alto volumen,6.342394145321484,0.7031859258542525,5.657039835066332,-0.0004119938317423912,0.21570992332780523
ACCESORIES_1_085,3,Nicho premium,4.151071615263984,0.9195624827971696,19.582853608247426,0.0011196232350519273,0.14553973022297131
ACCESORIES_1_086,3,Nicho premium,6.410872974385781,0.5190265905030802,11.129211182795698,4.9277308002254306e-05,0.08037431862669184
ACCESORIES_1_087,3,Nicho premium,7.25405122843701,0.9006233826149189,16.737508341511287,0.0004209681319346924,0.13501059755382103
ACCESORIES_1_088,1,Básicos de alto volumen,3.226868792472556,0.8392137489826438,3.4181,-3.9164581594961996e-05,0.13216781724465043
ACCESORIES_1_089,1,Básicos de alto volumen,10.291688447464715,0.44035884167557776,10.696423943661971,-0.00016635229334707524,0.06342297656195216
ACCESORIES_1_090,2,Baja rotación volátil,10.755358076319917,1.2438109419452088,1.35072875,0.0014492739441404575,0.16235341357069988
ACCESORIES_1_091,2,Baja rotación volátil,2.0433873497124933,1.8528457497499928,0.9197231323132313,0.001968771564074148,0.16255079005366094
ACCESORIES_1_092,1,Básicos de alto volumen,3.522739153162572,0.5911338907283925,3.107199276934201,-0.0001535491969423761,0.039452901377787654
ACCESORIES_1_093,3,Nicho premium,1.4558285415577628,1.0906682204686682,26.311012992125985,0.0008856847853036755,0.14487448606830947
ACCESORIES_1_094,3,Nicho premium,1.9273392577104025,0.9251462517840155,17.240153610175835,5.7579037184937474e-05,0.20634257153133667
ACCESORIES_1_095,3,Nicho premium,1.949817041296393,0.9861586515246088,10.208967773788151,0.0006717463210090846,0.14472390971078172
ACCESORIES_1_097,1,Básicos de alto volumen,6.01620491374804,0.4901259548765917,5.543688356164384,-0.00019424469808810798,0.04503455243561116
ACCESORIES_1_098,3,Nicho premium,5.603240982749608,0.8566021528004658,19.683928494623657,-0.0001929322528158044,0.2518854017840239
ACCESORIES_1_099,3,Nicho premium,7.913748039728175,0.9182999717888324,19.68809487455197,-0.000330148911340112,0.40083209970915085
ACCESORIES_1_100,3,Nicho premium,3.9686356508102456,0.6697988537765533,14.915272596843614,-0.00019672812112674323,0.16473318760560723
ACCESORIES_1_102,2,Baja rotación volátil,1.0104547830632515,1.3150035988128725,6.623400000000001,0.00115183593659589,0.16106545006186676
ACCESORIES_1_103,1,Básicos de alto volumen,37.124411918452694,0.4893894956357616,0.9417258064516129,-0.00011582197791899123,0.05282322549293001
ACCESORIES_1_104,3,Nicho premium,1.3800313643491897,1.5521516964735906,31.82607931034483,0.0018745978164138996,0.07921124631849609
ACCESORIES_1_105,1,Básicos de alto volumen,6.497124934657606,0.48580524454934065,8.876749515260324,-0.00012419040299739995,0.04452499900849109
ACCESORIES_1_106,1,Básicos de alto volumen,2.1045478306325145,1.2008105070076451,3.304064549695013,-0.0006559576456942465,0.16148585161773774
ACCESORIES_1_107,2,Baja rotación volátil,1.6267642446419237,1.0603978968807428,5.292063987945756,0.0009299551021218771,0.10783730825414269
ACCESORIES_1_108,3,Nicho premium,10.133298484056455,0.5802509161395752,16.97756075307748,-0.00029544935999870927,0.14843517180898663
ACCESORIES_1_109,3,Nicho premium,4.730266596968113,0.6595582602721747,7.787387044844768,-1.2928232828132071e-05,0.33176235149969197
ACCESORIES_1_110,3,Nicho premium,1.5399895452169368,0.912930450110811,4.8811,-9.740835669446493e-05,0.08777967079529174
ACCESORIES_1_111,1,Básicos de alto volumen,3.974385781495034,0.8597833183949526,4.05627849384504,-0.000557972034942954,0.14128925823802327
ACCESORIES_1_112,3,Nicho premium,0.9111343439623628,1.4923193326889952,3.5695289766606826,-0.0012170750807015676,0.192584610238751
ACCESORIES_1_113,2,Baja rotación volátil,1.1589127025614219,1.4473847082264448,1.9542639014906027,0.0014801380284631097,0.11751912154926444
ACCESORIES_1_114,3,Nicho premium,1.6283324621014115,1.118892798559263,7.896486244841816,0.0005231341360019066,0.26773058071264544
ACCESORIES_1_115,2,Baja rotación volátil,10.206481965499217,1.2778864576937612,0.9101533296642819,0.0008919411339683159,0.18324904190358232
ACCESORIES_1_116,3,Nicho premium,2.7673810768426557,1.021640922703839,8.6051,0.0008552100363229404,0.21424405238447744
ACCESORIES_1_117,3,Nicho premium,1.8379508625196028,0.788900950524621,16.21443603020496,-5.763935895811138e-05,0.04701797725348459
ACCESORIES_1_118,3,Nicho premium,1.560376372190277,0.847447573105831,14.75141813602015,-1.0393076683988761e-05,0.07482214846006185
ACCESORIES_1_119,2,Baja rotación volátil,3.1385258755880816,1.4001503097090509,2.3046602564102567,0.0014526031669919103,0.1441068652271137
ACCESORIES_1_120,3,Nicho premium,2.0559330893883954,0.8801758681543344,13.934210684551342,0.0007318458112605189,0.07256503523587955
ACCESORIES_1_121,2,Baja rotación volátil,2.2875065342394145,1.5928417931033492,1.3912007189934092,0.0014086169777656138,0.13543243069105532
ACCESORIES_1_122,2,Baja rotación volátil,3.806586513329848,1.3410663576789896,2.3040705050505053,0.00141662458564724,0.21479058196677672
ACCESORIES_1_123,3,Nicho premium,3.053319393622582,1.1058538560502256,10.579337982005141,0.0014278327812528794,0.15742564897038522
ACCESORIES_1_124,3,Nicho premium,3.922111866178777,1.0765153903997957,7.954017363896849,0.001131992125610549,0.07734226630447474
ACCESORIES_1_125,2,Baja rotación volátil,0.680083638264506,2.3019964932092605,15.600582388059701,0.002328315038780147,0.3730178938780849
ACCESORIES_1_126,2,Baja rotación volátil,1.3685311029796132,1.5447639760341239,12.734677978339352,0.002036794404186659,0.08053185072617168
ACCESORIES_1_127,1,Básicos de alto volumen,4.376372190277052,0.8811878786530902,1.4281125628140705,-2.0108817305407297e-05,0.06492014286522492
ACCESORIES_1_128,3,Nicho premium,2.453737584945112,0.7165184945403914,11.337151637279597,-4.634575823451596e-05,0.0433517694026336
ACCESORIES_1_129,3,Nicho premium,4.784108729743858,0.8208461094476547,6.446507355864812,0.0008311768634298506,0.13447901224204126
ACCESORIES_1_130,1,Básicos de alto volumen,6.185572399372713,0.623255623724214,3.5410946291560106,-0.00027886662995483906,0.058807346941688106
ACCESORIES_1_131,1,Básicos de alto volumen,10.381599581808677,1.256068272866669,0.9098445291235712,0.0008689948155999146,0.16256004484415681
ACCESORIES_1_132,1,Básicos de alto volumen,6.219027705175118,0.7065201841884197,5.664512903225806,-0.00017866813706548425,0.11118913799988392
ACCESORIES_1_133,3,Nicho premium,2.1996863565081024,1.1008582789873744,16.793664914004918,0.0003123311681294005,0.13691753899529865
ACCESORIES_1_134,1,Básicos de alto volumen,28.997386304234187,0.6214331077535254,4.805457619439868,8.056516996315931e-05,0.13805517436962594
ACCESORIES_1_135,3,Nicho premium,1.009932043910089,1.5329567115847909,26.34058755868545,0.0019191825051447541,0.13551276923632838
ACCESORIES_1_136,2,Baja rotación volátil,0.6387872451646628,1.453995548079825,6.4904,0.0008628235285682402,0.10829600473307137
ACCESORIES_1_137,3,Nicho premium,3.7663355985363305,0.8219657545158129,12.541384976694157,-0.000138938595871718,0.3233747298345519
ACCESORIES_1_138,3,Nicho premium,1.3549398849973864,1.1370199230269027,7.820400000000001,0.0008054166097888744,0.11843215302212988
ACCESORIES_1_139,2,Baja rotación volátil,3.665446941975954,1.3060052351948093,3.4394063739376772,0.0016431717940871035,0.11894521267474131
ACCESORIES_1_140,2,Baja rotación volátil,2.6314688970203868,1.6144989032767851,1.3911111378687542,0.0014034814699557185,0.1211916966222908
ACCESORIES_1_141,3,Nicho premium,7.623105070569785,0.9090469448201324,19.68194541218638,-0.00014805668131003826,0.3459528005280366
ACCESORIES_1_142,1,Básicos de alto volumen,14.720857292211187,0.8534742858302683,1.256351905387648,0.0007370783390203969,0.1292774717338294
ACCESORIES_1_143,3,Nicho premium,4.238891792995295,0.6292660001828433,11.353137419354837,-0.00022942772570424625,0.04809026343568803
ACCESORIES_1_144,3,Nicho premium,4.5833768949294305,0.660501963437819,14.897999784172663,-0.0002130538956997389,0.12368904157533403
ACCESORIES_1_145,1,Básicos de alto volumen,3.105070569785677,1.235640126433147,1.7243903975994,-0.00014740051891978,0.11317365903475822
ACCESORIES_1_146,1,Básicos de alto volumen,5.171981181390486,0.6670973857263964,6.379196162123387,-5.760123427612343e-05,0.30861327621707635
ACCESORIES_1_147,3,Nicho premium,21.094615786722425,0.521897023708035,13.368498785578748,0.0005048708640107561,0.12694161158542777
ACCESORIES_1_148,1,Básicos de alto volumen,7.8938839519079975,0.9463737956125671,6.4904,0.0012337143434276538,0.08929039677606414
ACCESORIES_1_149,1,Básicos de alto volumen,4.964453737584945,0.7074097876618253,2.055688788128607,7.751869978726939e-05,0.1621511649722634
ACCESORIES_1_150,1,Básicos de alto volumen,9.019864087820178,0.6933961792124285,2.2923233644859815,-0.0003051282906055376,0.056731772315626615
ACCESORIES_1_151,1,Básicos de alto volumen,6.669628855201254,0.5137993654963962,6.83583770609319,-0.00041590649244923554,0.0350246356613175
ACCESORIES_1_152,2,Baja rotación volátil,2.3403031887088344,1.2237843873740284,6.740446846846847,0.00150463791656612,0.09607178534321548
ACCESORIES_1_153,1,Básicos de alto volumen,14.25405122843701,0.7236169441202516,8.21488181818182,0.0002651409416520284,0.08739656039440621
ACCESORIES_1_154,1,Básicos de alto volumen,5.902247778358599,0.8100887489144212,3.6879625178826894,0.0008045886092243853,0.09144827948968827
ACCESORIES_1_155,3,Nicho premium,6.124411918452692,1.105764673342687,25.2434,0.0016289972160614882,0.21611524304229032
ACCESORIES_1_156,2,Baja rotación volátil,2.376894929430214,1.6001707975745625,2.4784502669039146,0.0019332541060985157,0.09146136022827413
ACCESORIES_1_157,3,Nicho premium,3.5530580240460012,0.6509797381516276,14.926971223021583,0.0002583431043545685,0.0835966539084848
ACCESORIES_1_158,3,Nicho premium,12.994772608468374,1.7241013828411527,29.27427080291971,0.002329655039894767,0.201710733856398
ACCESORIES_1_159,1,Básicos de alto volumen,5.2498693152117095,0.6524205700777027,4.305237477346865,-0.0002061981187508265,0.10578950981174427
ACCESORIES_1_160,3,Nicho premium,2.2780972294824884,0.9308588685305584,26.303433447600394,0.0008998790091845353,0.13099278137044743
ACCESORIES_1_161,2,Baja rotación volátil,2.1594354417145842,1.7332314733727612,0.91962375,0.0019503712842251551,0.15937780806546567
ACCESORIES_1_162,2,Baja rotación volátil,1.1327757449032934,1.277219603324066,5.292211006289308,0.0006802197875828467,0.26352188898579615
ACCESORIES_1_163,3,Nicho premium,2.3633037114479873,0.7603920268412274,12.446756060606061,-0.00027806140101122484,0.049195843879390695
ACCESORIES_1_164,3,Nicho premium,5.709879769994773,0.5015677283501692,11.927025268817204,-9.03200244821311e-05,0.0599976130151992
ACCESORIES_1_165,3,Nicho premium,2.0690015682174594,0.9643018721207434,6.592954405979545,-0.00021895078476413777,0.07290511658870447
ACCESORIES_1_166,3,Nicho premium,5.708311552535285,1.1200672580117321,14.92245207280081,0.0006613658188106317,0.16537465159536552
ACCESORIES_1_167,2,Baja rotación volátil,11.564035546262415,1.2321083420757721,0.9094825258573761,0.0009520511746246315,0.24416151855697413
ACCESORIES_1_168,2,Baja rotación volátil,2.7600627286983794,1.4889853251443468,6.423900000000001,0.0018617150240882873,0.1589373172449811
ACCESORIES_1_169,1,Básicos de alto volumen,23.20491374803973,0.7708327021071579,0.735055494100295,-9.536088905542709e-05,0.1601973597596518
ACCESORIES_1_170,3,Nicho premium,0.7893361212754836,1.4813421534303648,23.9001,0.0014067798774381444,0.16975967860082586
ACCESORIES_1_171,2,Baja rotación volátil,1.8980658651332984,1.5206900625088389,3.777735726795097,0.0018083681798854146,0.15596202398463357
ACCESORIES_1_172,1,Básicos de alto volumen,5.058024046001045,0.5708206793400822,3.8892012544802865,-0.00014921488249286998,0.08277692630147336
ACCESORIES_1_173,3,Nicho premium,3.9435441714584423,0.8337148770177085,14.585907819329773,0.0008127408720933391,0.1143482026532082
ACCESORIES_1_174,2,Baja rotación volátil,0.8039728175640355,1.2971586274704365,6.4904,0.0005972799893377594,0.14673928155382812
ACCESORIES_1_175,3,Nicho premium,1.3397804495556718,1.0471231567330175,2.620889672544081,-8.680146728383532e-05,0.2853283453277065
ACCESORIES_1_176,3,Nicho premium,1.5912179822268688,1.052650548207394,7.609858684719536,0.0003312749643864817,0.22656711391042278
ACCESORIES_1_177,1,Básicos de alto volumen,6.203868269733403,0.9307401401232671,5.581329349330872,0.0002533143894495912,0.3117973281745749
ACCESORIES_1_178,1,Básicos de alto volumen,47.272869837950864,0.5904834332092413,0.6329798769453493,9.713381603900543e-05,0.08975810426160158
ACCESORIES_1_179,1,Básicos de alto volumen,9.430214323052796,0.557414979744825,9.136017441860465,0.0003718508041849206,0.09553686671441973
ACCESORIES_1_180,3,Nicho premium,0.6884474647151072,1.779092994588109,26.53035679012346,0.0019834498159569665,0.20354882705658967
ACCESORIES_1_181,2,Baja rotación volátil,0.4913748039728176,1.6820258454511676,2.5978866912151504,0.0014089176064590253,0.21264992596159468
ACCESORIES_1_183,3,Nicho premium,2.1610036591740722,1.231176258142732,10.593776620825148,0.0011593015393278362,0.17675138873679824
ACCESORIES_1_184,3,Nicho premium,1.7354939884997387,0.8717250705945538,16.3856224,0.00045781327063214083,0.14801882301554659
ACCESORIES_1_185,1,Básicos de alto volumen,2.725039205436487,0.7408767501426041,4.190976715774345,0.00020089291347374677,0.051417570602978115
ACCESORIES_1_186,0,Estacionales volátiles,0.5969681129116571,2.3974017305103485,22.332610259179265,0.0024726900095652527,0.5633548392912595
ACCESORIES_1_187,3,Nicho premium,2.8128593831677993,0.7231424007382266,9.277295788336934,2.6325230314504057e-05,0.14983816484433754
ACCESORIES_1_188,3,Nicho premium,1.0355462624150549,1.2330922058457243,17.10753204951857,0.0008078807934834502,0.161079704209559
ACCESORIES_1_189,1,Básicos de alto volumen,30.14845791949817,0.6609035943946867,0.6341515264333581,0.0005137369427778497,0.04764166296522029
ACCESORIES_1_190,2,Baja rotación volátil,0.6732880292733926,1.7415435959873053,13.249802560124127,0.0016979043081838965,0.28036105517050686
ACCESORIES_1_191,2,Baja rotación volátil,0.9398849973863043,1.654962761433426,11.920645926589078,0.001955467046209754,0.13112161813758905
ACCESORIES_1_192,3,Nicho premium,0.6314688970203868,1.392885517557884,4.62319713761468,-0.0003404483916503532,0.09674854225607385
ACCESORIES_1_193,3,Nicho premium,2.716675378985886,0.8663956750978096,11.309644747221226,0.0007017089204208854,0.09937725151226098
ACCESORIES_1_194,1,Básicos de alto volumen,11.84161003659174,0.6143991323151428,3.5866810752688174,4.9373732523953845e-05,0.13207640770435294
ACCESORIES_1_195,3,Nicho premium,3.387349712493466,0.6901000500935643,14.899898191214472,0.0002468071114971514,0.08296992738158471
ACCESORIES_1_197,3,Nicho premium,1.4239414532148458,0.912097228772841,16.995270313119303,0.00022200810163751356,0.07285538466056714
ACCESORIES_1_198,3,Nicho premium,4.271824359644538,0.9072136283940341,11.140860009078532,0.0010822991758179196,0.14266940147928883
ACCESORIES_1_199,1,Básicos de alto volumen,3.521170935703084,0.7759478837086575,4.825455555555556,0.0006863115862964987,0.12679058956005287
ACCESORIES_1_200,3,Nicho premium,4.394668060637742,0.8241102355127197,10.442576678269516,0.0008152490944388382,0.15735491335675247
ACCESORIES_1_201,1,Básicos de alto volumen,12.003659174072139,0.40141143420801806,7.319003376436782,-0.000265037926068132,0.03755890862552835
ACCESORIES_1_202,1,Básicos de alto volumen,9.806063774176685,0.7107172285729003,2.283114229390681,-0.0005373133876069405,0.08663205032713348
ACCESORIES_1_203,3,Nicho premium,2.0261369576581285,1.3884066005138556,17.45509885550787,0.0018141697051074898,0.2585902047468191
ACCESORIES_1_204,0,Estacionales volátiles,2.222686879247256,1.9098187183603217,13.2006,0.0023723247972035205,0.4806506004502641
ACCESORIES_1_205,3,Nicho premium,0.9874542603240982,1.2354738037273008,7.820400000000001,0.0006905431092756219,0.11396824341926624
ACCESORIES_1_206,2,Baja rotación volátil,2.316257187663356,1.7254461356065494,3.956312802768166,0.0021429384130170004,0.3524522721452364
ACCESORIES_1_207,1,Básicos de alto volumen,3.0590695243073704,0.7923922205752156,3.6015999282639886,-0.0005688546114197736,0.13249397099032556
ACCESORIES_1_208,2,Baja rotación volátil,2.883951907997909,1.1678853052786489,4.308411556886228,0.001293764404589049,0.08387779892379599
ACCESORIES_1_209,1,Básicos de alto volumen,26.115525352848927,0.598922239797253,0.9293458422939069,-0.0002763716779625348,0.04961277127307505
ACCESORIES_1_210,3,Nicho premium,4.709879769994773,0.8523266380090259,7.670269505127061,0.0007188417836360109,0.13345151148113965
ACCESORIES_1_211,2,Baja rotación volátil,4.699947726084684,1.6120139466435446,6.460613793103448,0.0021601248536595365,0.21350752801936093
ACCESORIES_1_212,3,Nicho premium,0.4929430214323053,1.543004788548533,9.930347181008903,0.00039548502660043133,0.1635870923883379
ACCESORIES_1_213,3,Nicho premium,4.975953998954521,0.5516515946191866,11.12968788530466,0.0001210126663341307,0.06362702609409285
ACCESORIES_1_214,3,Nicho premium,1.019341348667015,1.1710154743125945,13.118627575887132,0.00034503610178116017,0.12766581542221817
ACCESORIES_1_215,3,Nicho premium,4.535284892838473,0.6768667590892397,14.291882638389648,3.257834893740925e-05,0.20421436183665753
ACCESORIES_1_216,1,Básicos de alto volumen,7.452169367485625,0.707989111412727,2.2917014525139665,-0.0003956293452075468,0.047232633118659155
ACCESORIES_1_217,2,Baja rotación volátil,0.854678515420805,1.3611371670340153,4.615100000000001,0.000630031751479204,0.31461114550027797
ACCESORIES_1_218,3,Nicho premium,1.3251437532671198,1.2999557381872269,14.101836233611442,0.0011639023736290197,0.10883585251763496
ACCESORIES_1_219,2,Baja rotación volátil,0.886565603763722,1.634386154092214,2.3142,0.0016302129103763065,0.1843374609598253
ACCESORIES_1_220,1,Básicos de alto volumen,3.8029273392577103,0.8538259069948566,4.067492611372692,-4.40500418932891e-05,0.08845922569154349
ACCESORIES_1_221,1,Básicos de alto volumen,2.534762153685311,0.7966233630119232,3.9139079655543596,-0.0002383412539361857,0.22267800227091655
ACCESORIES_1_223,2,Baja rotación volátil,2.5243073706220596,1.623914777910155,1.391805411906194,0.0015780807483948575,0.09304755535860729
ACCESORIES_1_224,2,Baja rotación volátil,1.4166231050705698,1.0750933287977964,5.266375797373359,0.0008164087457954628,0.1465002663164788
ACCESORIES_1_225,3,Nicho premium,2.7443805541035022,0.8660114666332289,39.49448371750859,0.0008965036310296735,0.10951586515733801
ACCESORIES_1_226,3,Nicho premium,5.746994249869315,0.8230828008866734,19.63581670849767,-0.0003000023071043562,0.24593858313763584
ACCESORIES_1_227,1,Básicos de alto volumen,2.2665969681129114,0.978034282348594,2.619104175665947,-0.00021566123030624727,0.2388171753655249
ACCESORIES_1_228,1,Básicos de alto volumen,10.106638787245165,0.5223737230374106,9.1371,0.00031688532387362506,0.09052200524144811
ACCESORIES_1_229,2,Baja rotación volátil,1.0595922634605333,1.5806275091875308,8.573844085281982,0.0015171491575344707,0.14053508704869283
ACCESORIES_1_230,2,Baja rotación volátil,0.893883951907998,1.2047658825587573,5.952149903006791,0.0006375865206139563,0.13668205848528334
ACCESORIES_1_231,3,Nicho premium,5.9038159958180865,0.6015345707990069,9.1371,0.0004955198815722636,0.07323545943520936
ACCESORIES_1_232,2,Baja rotación volátil,4.138525875588082,2.100504914401007,0.6328952243125905,0.002343762851277814,0.21942824845946263
ACCESORIES_1_233,1,Básicos de alto volumen,32.638787245164664,0.4929923404595647,0.9426792114695342,-9.097205327725761e-05,0.06874373933663773
ACCESORIES_1_234,1,Básicos de alto volumen,30.446419236800836,1.1382766687827601,0.396620527306968,0.0009313191072381169,0.18532001684665989
ACCESORIES_1_235,3,Nicho premium,7.39623627809723,0.6419665407158179,17.03091579748763,0.00016146150459056346,0.16625536954300527
ACCESORIES_1_236,3,Nicho premium,13.0977522216414,0.7984380108730517,15.660740249266862,-6.654680745099116e-05,0.3802123594565814
ACCESORIES_1_237,3,Nicho premium,6.1191845269210665,0.5161700456293115,10.612360788530466,-0.00025712030949865913,0.06534906786402288
ACCESORIES_1_238,3,Nicho premium,3.7783585990590693,0.5594794163384017,7.864287456978968,-0.00018279439908779058,0.04739989539962589
ACCESORIES_1_239,1,Básicos de alto volumen,2.9550444328280188,0.7839142393347336,3.9501,-0.00030964670758434784,0.1523782240826997
ACCESORIES_1_240,1,Básicos de alto volumen,4.135912179822268,0.8030264715348218,3.8308734799999997,0.0005663247805449667,0.130528125586409
ACCESORIES_1_241,3,Nicho premium,3.492420282279143,1.372214031798463,28.217972032520326,0.0019823059649465772,0.22836755357302732
ACCESORIES_1_242,1,Básicos de alto volumen,13.073706220595923,0.5464133351461431,3.583000931899641,-0.0006626101805444581,0.037326106053813056
ACCESORIES_1_243,3,Nicho premium,1.304234187140617,1.3497156916872404,18.458756856403625,0.0014185583165123548,0.28566920719914124
ACCESORIES_1_244,1,Básicos de alto volumen,35.41453214845792,0.6106958527018652,0.6306249170659787,0.00012485287846770508,0.13807228292235427
ACCESORIES_1_245,2,Baja rotación volátil,0.9451123889179299,1.2807003007632671,6.571365310683952,0.0008834533262188037,0.25383767984921135
ACCESORIES_1_246,2,Baja rotación volátil,1.5582854155776267,1.630280189722223,14.593998679577465,0.0017117874430752596,0.23525248271855828
ACCESORIES_1_247,3,Nicho premium,2.520125457396759,1.4394105560004473,22.4504,0.0020169593107954233,0.0747481833135509
ACCESORIES_1_248,1,Básicos de alto volumen,17.625196027182437,0.8309493227895312,1.2628425855513308,-5.2282179076503225e-05,0.12136450177047525
ACCESORIES_1_249,1,Básicos de alto volumen,5.86983795086252,0.5416920914768677,6.539534899817851,0.0004678714319098006,0.05912971758821195
ACCESORIES_1_250,3,Nicho premium,1.4286461055933088,1.0719854780914861,6.4865302596239935,0.00043338628662428064,0.1259477647100364
ACCESORIES_1_251,3,Nicho premium,1.8849973863042342,0.9588940158240546,20.595007571246278,0.0009241055105615952,0.11606236273458119
ACCESORIES_1_252,2,Baja rotación volátil,5.806586513329848,1.8190441655815435,0.906848691588785,0.002191801647956398,0.2396772671269106
ACCESORIES_1_253,3,Nicho premium,2.19916361735494,1.4998293906520497,17.00074885222382,0.0013157331616850943,0.2962309738782306
ACCESORIES_1_254,1,Básicos de alto volumen,45.55933089388395,0.4854181319598137,0.9427507168458781,9.665862963885459e-05,0.030647650746056933
ACCESORIES_1_255,2,Baja rotación volátil,3.4208050182958702,1.1853781851246492,2.495974907063197,0.0005544694296996502,0.17958329939630166
ACCESORIES_1_256,1,Básicos de alto volumen,41.35964453737585,0.6239878036780496,0.6321027598566309,-0.00016701999831402942,0.10620598294272171
ACCESORIES_1_257,3,Nicho premium,1.713016204913748,0.8529068582819064,22.346680773521758,0.0001826576171572472,0.12649287457974642
ACCESORIES_1_258,3,Nicho premium,6.984840564558286,0.5159531980152077,15.259768844221105,-0.00038176763624999706,0.07379368690604063
ACCESORIES_1_259,2,Baja rotación volátil,1.9519079979090435,0.9474831444471703,1.3698891428571431,0.0008004834653554373,0.11768911694913718
ACCESORIES_1_260,3,Nicho premium,3.8285415577626765,0.9679469175866768,16.79974103448276,0.0004537060398551774,0.13299279210218382
ACCESORIES_1_261,2,Baja rotación volátil,15.565081024568741,1.121175619618364,0.6235342435094002,0.001487944739468055,0.11914223577728239
ACCESORIES_1_262,2,Baja rotación volátil,1.5933089388395192,1.4979654355775647,11.9434,0.0019556350715601,0.13006249498652017
ACCESORIES_1_263,3,Nicho premium,0.9472033455305803,1.378899703954837,6.608131619537275,0.0003370390216941032,0.19924401305276415
ACCESORIES_1_264,1,Básicos de alto volumen,5.58128593831678,0.5978122829517221,5.945099999999999,-0.0003236395678125215,0.1795634083624376
ACCESORIES_1_265,3,Nicho premium,2.1411395713538943,1.0887210033148738,5.280100000000001,0.0006040511902634406,0.0903121802905383
ACCESORIES_1_266,1,Básicos de alto volumen,5.47360167276529,0.6448009030122525,6.38043827249729,-7.248037809763604e-06,0.3165512524224717
ACCESORIES_1_267,2,Baja rotación volátil,0.9268165185572399,1.3126128625834992,3.8304,0.0003567756276289336,0.14616513482180027
ACCESORIES_1_268,1,Básicos de alto volumen,49.74960794563513,0.6216671764087353,0.632981660021747,-2.7597039798198855e-05,0.11555249243468108
ACCESORIES_1_269,2,Baja rotación volátil,0.6152639832723471,2.3179511656671314,15.613978668683812,0.0023437422428411034,0.2691937885442886
ACCESORIES_1_270,3,Nicho premium,4.114479874542603,0.8311440933698058,6.444060693069307,0.0007868589869077791,0.157007114328145
ACCESORIES_1_271,3,Nicho premium,1.6194458964976477,1.1093430301606237,7.6741,0.0007472376021709351,0.33910512716258945
ACCESORIES_1_272,3,Nicho premium,0.8395190799790905,1.3052271917867728,11.2252,0.0006379169953024526,0.18614144399613816
ACCESORIES_1_273,3,Nicho premium,2.0763199163617356,0.7325094799070959,16.20142339433082,-0.00012154374043099376,0.07182028964174175
ACCESORIES_1_274,3,Nicho premium,1.4406691061160481,1.1100045170834305,13.138534242571845,0.0005391556935345708,0.16977096834291514
ACCESORIES_1_275,3,Nicho premium,7.627286983795086,0.8970868625873739,16.76186423321901,0.0004265077022012854,0.13291631193273892
ACCESORIES_1_276,3,Nicho premium,4.475169890224778,0.5359990306924789,10.211601756272401,-0.00020231065059937156,0.0346472219291496
ACCESORIES_1_277,1,Básicos de alto volumen,9.58337689492943,0.7165185892144728,2.2922716845878135,-0.0003918476517304137,0.06989106824323567
ACCESORIES_1_278,1,Básicos de alto volumen,39.12179822268688,0.7213877304242543,0.7432085051546392,-0.00031563950235136883,0.12490828598528499
ACCESORIES_1_279,2,Baja rotación volátil,2.4568740198640877,1.559607084714182,5.219124615384615,0.0019122626821386943,0.1725369731221377
ACCESORIES_1_280,3,Nicho premium,4.74803972817564,0.6675233326823786,14.302339415795167,2.336111193249453e-05,0.20510549127474573
ACCESORIES_1_281,3,Nicho premium,4.32723470987977,1.0366316941867122,5.583026916058395,0.00043291204862732626,0.3580206258735213
ACCESORIES_1_282,1,Básicos de alto volumen,4.342394145321484,0.8008411614989986,5.6565805734767025,-5.802112432661869e-05,0.12167800317320945
ACCESORIES_1_283,2,Baja rotación volátil,0.7757449032932566,1.7447952032114928,14.072446557377049,0.0021055266794603052,0.20001764406659855
ACCESORIES_1_284,3,Nicho premium,1.0235232618923158,1.1982525418434138,6.489646492805755,0.00047162585435660677,0.14839822622738982
ACCESORIES_1_285,3,Nicho premium,0.7344485101934135,1.524536278804977,14.45876699729486,0.0008271952383995289,0.24475108805743534
ACCESORIES_1_286,1,Básicos de alto volumen,22.108729743857815,0.5591278233182816,0.9419209051724138,-0.00014990904799253997,0.04136553930726954
ACCESORIES_1_287,3,Nicho premium,3.9984317825405125,0.8317066262851689,7.507393432835822,0.0008952167798526612,0.06255206714893753
ACCESORIES_1_288,1,Básicos de alto volumen,23.507056978567693,0.763923288319865,0.7420205360376675,-2.0456796808369183e-05,0.13508811087505715
ACCESORIES_1_289,3,Nicho premium,2.092524830109775,0.9088028754301736,6.610099999999999,-4.4525963353326715e-05,0.19724657707677515
ACCESORIES_1_290,3,Nicho premium,1.4898065865133299,0.9332438939014861,7.305180597552196,-6.63558333143492e-05,0.1641703031171643
ACCESORIES_1_292,2,Baja rotación volátil,1.3669628855201255,1.5728451370459942,8.7514,0.0018664109380631406,0.07001653989304499
ACCESORIES_1_293,3,Nicho premium,2.2195504443282803,0.881175156169634,4.810543081761006,0.00029303861123677384,0.1219078893037322
ACCESORIES_1_294,2,Baja rotación volátil,1.0951385258755881,1.3732962308723584,5.1604,0.0012006378216745737,0.1872572151697638
ACCESORIES_1_295,1,Básicos de alto volumen,37.63669628855201,0.5923373255455797,0.6324159722222222,5.6202723919303065e-05,0.10491103380135476
ACCESORIES_1_296,3,Nicho premium,3.2190277051751175,0.6425997812288777,9.514634840330103,-3.0677301438939325e-05,0.04730156439120955
ACCESORIES_1_297,3,Nicho premium,5.7276529012023,0.58962839962331,19.797098188405798,-4.330791840384385e-05,0.0987299306141347
ACCESORIES_1_298,1,Básicos de alto volumen,6.189754312598014,0.734797252611899,5.655184797418429,-0.0004876321272911688,0.22517649232284687
ACCESORIES_1_299,2,Baja rotación volátil,1.8797699947726085,1.0936197667774092,1.6886083759339365,0.0003512331271865944,0.12945967991569085
ACCESORIES_1_300,3,Nicho premium,6.035546262415055,0.739060818068245,12.585364553314122,9.884285654996038e-05,0.23602183051419956
ACCESORIES_1_301,3,Nicho premium,5.400940930475692,0.6665499618835392,8.081242078853046,0.00016958266744487014,0.11176879576385887
ACCESORIES_1_302,3,Nicho premium,0.7846314688970204,1.1901263278862075,3.8304,-3.711406711532343e-05,0.06953523350983344
ACCESORIES_1_303,3,Nicho premium,1.7145844223732358,0.9085813230697362,11.83228017524644,-1.5143730679446827e-05,0.08234880967153053
ACCESORIES_1_304,3,Nicho premium,1.3058024046001044,1.0836038674250827,5.282609533227848,-0.0003983591117329272,0.05756550796700019
ACCESORIES_1_305,3,Nicho premium,1.6006272869837952,0.9260532041418471,3.8171,-0.00017459096220293765,0.28420694520605316
ACCESORIES_1_306,3,Nicho premium,2.0872974385781493,1.1532159882395818,18.576493835242776,0.0013278071622256618,0.21401968510837724
ACCESORIES_1_307,2,Baja rotación volátil,1.150026136957658,1.1778082124739941,5.280100000000001,0.0007905582894434037,0.17266749227274314
ACCESORIES_1_308,3,Nicho premium,3.300575013068479,1.1999699997353568,14.943422624434389,0.000489252719224045,0.17297755248543675
ACCESORIES_1_309,3,Nicho premium,3.802404600104548,0.7203651299044492,6.801111555075594,-0.0002865264701891712,0.23230477514692277
ACCESORIES_1_310,1,Básicos de alto volumen,5.029796131730267,0.6119676404979655,7.095466547149516,-0.0004321356073742583,0.09055176580343685
ACCESORIES_1_311,3,Nicho premium,1.1866178776790381,1.5134226177935233,20.981067877629066,0.0013611529333685487,0.25940917966684324
ACCESORIES_1_312,1,Básicos de alto volumen,30.33768949294302,0.6789378022306778,0.7440944802867383,-0.0001913018197934175,0.1356549258613872
ACCESORIES_1_313,1,Básicos de alto volumen,5.807109252483011,0.5859804603775066,1.6359000000000001,-0.00023594201684799826,0.1108941941112214
ACCESORIES_1_314,3,Nicho premium,1.141662310507057,1.0475289935491894,5.280100000000001,-0.0004684633886769222,0.14146475633057773
ACCESORIES_1_315,3,Nicho premium,1.659174072138003,1.018291634335006,5.770747058823529,-0.0006894385509380359,0.1290320718919019
ACCESORIES_1_316,1,Básicos de alto volumen,6.728175640355462,1.152880787191962,1.2502,0.0005951620231259211,0.26592793572326345
ACCESORIES_1_317,3,Nicho premium,5.285415577626765,0.5074877620270356,10.180711433691757,-9.871214140244008e-05,0.05040465772705502
ACCESORIES_1_318,2,Baja rotación volátil,1.258755880815473,1.8331920583216152,5.588093738819321,0.0017502447105460877,0.27434656237234156
ACCESORIES_1_319,1,Básicos de alto volumen,24.789336121275483,0.5127501660975059,1.3430950179211472,1.7265934968693553e-06,0.048299631129228915
ACCESORIES_1_320,1,Básicos de alto volumen,9.901202300052274,0.567753288665756,5.911735344827587,-0.0002369329018859091,0.23220088056223032
ACCESORIES_1_321,1,Básicos de alto volumen,6.279665446941976,0.5200728041278121,8.86987964157706,-0.00014469340598720262,0.029570225138693226
ACCESORIES_1_322,2,Baja rotación volátil,1.5279665446941977,1.035962742379737,5.2720618781961885,0.0007396329058865199,0.16903523184373603
ACCESORIES_1_323,1,Básicos de alto volumen,18.23314166231051,0.3631785859501188,6.745294356578002,-0.00034764772280536285,0.046442743285388804
ACCESORIES_1_324,3,Nicho premium,5.358599059069524,0.6109079584330626,19.818690556552962,6.766392096820249e-05,0.09833846283668606
ACCESORIES_1_325,2,Baja rotación volátil,0.8003136434918976,1.4875036110091908,8.558886411764707,0.0012019214808800425,0.15924325446831036
ACCESORIES_1_326,1,Básicos de alto volumen,4.517511761630947,0.6688058475936056,2.622303155252779,-0.00038848773743060694,0.17363422209503943
ACCESORIES_1_327,3,Nicho premium,5.521693674856246,0.7791481386441663,10.438334731129748,0.00079211668835662,0.12929178433448923
ACCESORIES_1_328,3,Nicho premium,3.9587036069001567,0.5957813112868484,8.564809103942652,-0.0002462826926366657,0.04901598372103315
ACCESORIES_1_329,1,Básicos de alto volumen,8.118139048614742,0.4464635947531258,5.279094203454895,2.7485325387292186e-05,0.0396091178468754
ACCESORIES_1_330,1,Básicos de alto volumen,13.753267119707266,0.48843198241077956,10.142862410329986,-0.0003245953285494375,0.10530740459512417
ACCESORIES_1_331,2,Baja rotación volátil,2.5452169367485626,1.2167113606187636,1.2502,0.0004694438794790531,0.3173252254340771
ACCESORIES_1_332,3,Nicho premium,4.060115002613696,0.8589489740166032,10.42140711111111,0.0009299985177919853,0.2292406296563146
ACCESORIES_1_333,2,Baja rotación volátil,1.8682697334030318,1.0869559099289885,6.5987578076062645,0.0009167823689182478,0.2715559418865316
ACCESORIES_1_334,2,Baja rotación volátil,1.7684265551489806,1.4973568881784394,7.953400000000001,0.0018232484018708462,0.11681987777783023
ACCESORIES_1_335,0,Estacionales volátiles,2.6346053319393623,2.442693912704459,16.787168948655257,-0.0009407986589309626,0.4514110685686383
ACCESORIES_1_336,2,Baja rotación volátil,0.6633559853633038,1.4952955257675296,2.4994261006289307,0.0005292024857222229,0.15251766589510252
ACCESORIES_1_337,1,Básicos de alto volumen,21.214845791949816,0.36180891668132686,4.8811,-0.00025667233832330166,0.041194737343544945
ACCESORIES_1_338,3,Nicho premium,9.277574490329325,0.4911135243267054,11.243217313323573,0.00010663129527782937,0.1007453657222315
ACCESORIES_1_339,2,Baja rotación volátil,2.468897020386827,1.4474177376597341,10.6134,0.001967286348120775,0.17801075709643416
ACCESORIES_1_340,3,Nicho premium,1.4851019341348668,1.331641903171106,10.585519196428573,0.0012467169943939371,0.1151082188568115
ACCESORIES_1_341,1,Básicos de alto volumen,48.31521170935703,0.6197621826131726,0.6326795698924731,-0.00020051940690313442,0.10952498810196458
ACCESORIES_1_342,3,Nicho premium,2.165185572399373,0.9309149117564166,26.286737266470013,0.0008321180698242139,0.10572084175905641
ACCESORIES_1_343,1,Básicos de alto volumen,6.937271301620491,0.5092643753619776,6.847984086021507,-0.00027647417756631367,0.05552456916387585
ACCESORIES_1_344,2,Baja rotación volátil,1.2211186617877678,2.028323969418232,15.744993013100437,0.002395027807459151,0.2057306386026145
ACCESORIES_1_345,1,Básicos de alto volumen,14.277574490329325,0.45527520223192325,10.13916218155723,-0.0003370255305579437,0.07197768220347006
ACCESORIES_1_346,2,Baja rotación volátil,1.4641923680083637,1.4807595727065628,5.265250034891836,0.0014584639744275468,0.07587806459475142
ACCESORIES_1_347,3,Nicho premium,1.9848405645582854,0.9858312761849398,13.137255426356589,0.0008334551666359878,0.10986258889244337
ACCESORIES_1_348,1,Básicos de alto volumen,55.34553058024046,0.5959709156825405,0.6325487629974902,-0.00010042910664920861,0.0969745334075556
ACCESORIES_1_349,3,Nicho premium,5.244641923680083,1.3444576637323349,14.977274055415618,0.00023079979089165516,0.22294715227559492
ACCESORIES_1_350,1,Básicos de alto volumen,6.020386826973341,0.630261248499547,3.9830948727142346,-6.132101922900136e-05,0.07229528314070027
ACCESORIES_1_351,3,Nicho premium,4.083638264506011,0.6166558012492336,7.682503268678161,-0.0001211276745226601,0.04258984787818841
ACCESORIES_1_352,2,Baja rotación volátil,3.484579194981704,1.3142463919366196,3.4399787878787875,0.0016287521513264113,0.12118593948710804
ACCESORIES_1_353,2,Baja rotación volátil,13.711970726607422,1.1959710042204772,1.3505856295319707,0.001449168262652201,0.15982794780294396
ACCESORIES_1_354,3,Nicho premium,15.326711970726608,1.7242395049664336,30.779174518790104,0.0022893126624585107,0.3277393023125003
ACCESORIES_1_355,1,Básicos de alto volumen,5.723993727130162,0.7223807293314108,5.65394440860215,-0.00044569105214844134,0.20222851310372142
ACCESORIES_1_356,1,Básicos de alto volumen,5.754835337166754,0.579735046106209,7.497262437275987,7.151833877620158e-05,0.12288889654067683
ACCESORIES_1_357,3,Nicho premium,3.8112911657083117,0.7289715369712888,18.543432136380126,-0.00029117120611465514,0.05075203042082217
ACCESORIES_1_358,2,Baja rotación volátil,4.861996863565081,1.2857043632312957,3.4431689971751416,0.0014693438531088315,0.11610212535656717
ACCESORIES_1_359,2,Baja rotación volátil,1.1756403554626242,1.460511577767897,1.9542380427738175,0.001465679707982239,0.10229326793612387
ACCESORIES_1_360,3,Nicho premium,1.4657605854678515,0.9907262557716028,19.750834170854272,-0.0003715389076769678,0.31334988422697957
ACCESORIES_1_361,3,Nicho premium,2.396759017250392,0.9271723297352269,39.48663025993134,0.0010008432337695378,0.08019074479984852
ACCESORIES_1_362,2,Baja rotación volátil,1.283324621014114,1.4835420911708628,13.12471008035062,0.001694626250967327,0.17509678208258198
ACCESORIES_1_363,1,Básicos de alto volumen,2.9189754312598013,0.7286090054974376,3.7968994617868677,-0.00033281325065227297,0.1690863236577785
ACCESORIES_1_364,3,Nicho premium,8.21745948771563,0.5827485215401604,16.563728407460545,-0.00013776977572091016,0.07054594373256523
ACCESORIES_1_365,3,Nicho premium,1.3094615786722426,0.9547982887813656,5.280100000000001,-0.0002508996775405525,0.15713631420971216
ACCESORIES_1_366,2,Baja rotación volátil,1.2932566649242028,1.2959194386990194,5.2801,0.001201278861736541,0.1622854633764056
ACCESORIES_1_367,3,Nicho premium,7.890747516989022,0.49799700357951626,11.128627116212337,5.8840453103899485e-05,0.08136154994628406
ACCESORIES_1_368,3,Nicho premium,1.946157867224255,0.8366784714482708,5.610328453534266,-4.0406701478523617e-05,0.1329988551650822
ACCESORIES_1_369,2,Baja rotación volátil,11.929952953476215,1.245470793651492,1.3486890219560876,0.001523758051610415,0.12427273180695868
ACCESORIES_1_370,1,Básicos de alto volumen,46.93779404077365,0.6158450143040982,0.6330752329749104,-0.00012673569351718958,0.07754927579226521
ACCESORIES_1_371,1,Básicos de alto volumen,64.06952430737063,0.5947249321482974,0.6326610571736785,-0.00010791942922796697,0.09427249693064574
ACCESORIES_1_372,1,Básicos de alto volumen,7.4265551489806585,0.479618055255992,8.877163655913979,-0.00010919457800998876,0.03750739119874737
ACCESORIES_1_373,3,Nicho premium,3.6602195504443285,1.1359053873216893,19.5776,0.0016285644455199737,0.16744463970938686
ACCESORIES_1_374,3,Nicho premium,3.83533716675379,0.9773065818989349,23.2484,0.0012802352107493282,0.11670743506812749
ACCESORIES_1_375,3,Nicho premium,0.6879247255619446,1.6097482093039586,13.135000811907984,0.001121012778667104,0.3303672207106906
ACCESORIES_1_376,3,Nicho premium,1.4448510193413486,1.354442755246917,21.342031957295376,0.0015487830776391514,0.1894989482964516
ACCESORIES_1_377,3,Nicho premium,1.8092002090956614,0.8128791553229443,12.936245477386935,-0.00020561632331356862,0.1311717492534473
ACCESORIES_1_378,1,Básicos de alto volumen,6.423418714061683,0.6043231372315738,4.307386363636365,-0.00017972899226083514,0.07097778121461407
ACCESORIES_1_379,1,Básicos de alto volumen,11.458442237323576,0.5483026862279793,2.898398206599713,-0.00021841919333400795,0.14188179052684002
ACCESORIES_1_380,1,Básicos de alto volumen,7.707788813382122,0.6419530138087772,2.2881251256281407,-0.00037957395626135273,0.07620563536627474
ACCESORIES_1_381,1,Básicos de alto volumen,28.94511238891793,0.5456465724227944,0.9426490662760894,9.027181561344666e-05,0.043114172611910924
ACCESORIES_1_382,1,Básicos de alto volumen,4.627809722948249,0.6297384483502213,2.6201000000000003,-0.0004001868562671492,0.08247654751528538
ACCESORIES_1_383,1,Básicos de alto volumen,4.217982226868792,0.7661603934085665,3.9618552914798206,0.0007474678957370647,0.057108833996836375
ACCESORIES_1_384,3,Nicho premium,4.750653423941453,1.1653176731280144,14.954176601109431,0.0005395316892402541,0.1251974830258769
ACCESORIES_1_385,0,Estacionales volátiles,0.9189754312598014,2.08958625343481,12.908155422715627,0.0015615058553545827,0.77031288864003
ACCESORIES_1_386,3,Nicho premium,2.7182435964453737,0.8031590249528564,7.625918309859156,3.0847903359084976e-05,0.07316250767805486
ACCESORIES_1_387,1,Básicos de alto volumen,21.0893883951908,1.137889967663955,1.3495387499999998,0.0014048301291517782,0.17404827168928638
ACCESORIES_1_388,1,Básicos de alto volumen,6.239414532148458,0.6769678181865616,3.8314234647460195,-6.79919175095005e-05,0.18576382578683168
ACCESORIES_1_389,2,Baja rotación volátil,0.4950339780449556,1.877814667406616,15.860480902777779,0.0018391354919147275,0.17699792528195069
ACCESORIES_1_390,3,Nicho premium,2.6194458964976475,0.7432320922423009,15.494771720430107,-0.00043635197068096277,0.10421164638340087
ACCESORIES_1_391,3,Nicho premium,1.560376372190277,1.2873671971650091,5.157264276109369,-0.00019097182286523888,0.2363003006206258
ACCESORIES_1_392,3,Nicho premium,1.708311552535285,1.5402373987512106,17.2634,0.002056297448965905,0.11156414092939408
ACCESORIES_1_393,3,Nicho premium,1.2780972294824882,1.3182997608704243,37.90480590687978,0.0013675300814613566,0.13825422279834906
ACCESORIES_1_394,3,Nicho premium,6.464192368008364,1.084423579869023,10.36537962962963,0.0015288245655074263,0.17355745637506104
ACCESORIES_1_395,2,Baja rotación volátil,1.3753267119707266,1.6053515165041627,9.936809663120567,0.0019100185173173399,0.09058499283881148
ACCESORIES_1_396,2,Baja rotación volátil,1.234187140616832,1.1682833921844646,2.4995758419398295,0.0004055415104828116,0.11853803569158004
ACCESORIES_1_397,2,Baja rotación volátil,3.3972817564035545,1.2167447866538887,5.663156186612577,0.0013479513226918956,0.1129850103138886
ACCESORIES_1_398,1,Básicos de alto volumen,29.281233664401462,0.7632018657367597,0.732672688172043,-0.00035584306731533945,0.13319277669438748
ACCESORIES_1_399,1,Básicos de alto volumen,3.4851019341348666,0.761986243964542,2.6177323076923082,0.00010948187523271625,0.33181778544966933
ACCESORIES_1_400,1,Básicos de alto volumen,11.053319393622582,0.7689790589659392,1.4811250718390807,-0.0005502843965729772,0.08161675872614689
ACCESORIES_1_401,2,Baja rotación volátil,0.9675901725039205,1.4098308348345316,2.617991295336788,0.0013920109786355135,0.24762737076450586
ACCESORIES_1_402,3,Nicho premium,0.770517511761631,1.3134344620416096,13.003991304347826,0.0006482914806128685,0.23742957514424384
ACCESORIES_1_403,3,Nicho premium,1.6842655514898066,0.8320848217799024,17.824539225902495,-0.0003029409884209268,0.05109326175350586
ACCESORIES_1_404,1,Básicos de alto volumen,39.11657083115525,0.6029257395104555,0.6322397947966288,0.00020733722302128992,0.09254279672330849
ACCESORIES_1_405,3,Nicho premium,1.952430737062206,0.7754429728706204,16.201439300334943,0.0001861970602029669,0.08161640329598185
ACCESORIES_1_406,3,Nicho premium,2.2901202300052272,0.8271024384984824,5.1604,-0.0003350734703488234,0.1011430839615734
ACCESORIES_1_407,1,Básicos de alto volumen,8.246732880292734,0.593594710297017,3.6391499103621374,0.00011569404175075981,0.12211791530155885
ACCESORIES_1_408,1,Básicos de alto volumen,15.565603763721903,0.8161628054660764,0.7965937275985664,-0.00038481009445033955,0.12974455038685093
ACCESORIES_1_409,1,Básicos de alto volumen,5.920543648719289,0.6027583864341636,7.53203311827957,-0.00018819594962518165,0.1053434397041144
ACCESORIES_1_410,3,Nicho premium,1.40041819132253,1.2755831642662634,37.97058878892734,0.0014593563124975706,0.1377692627628407
ACCESORIES_1_411,1,Básicos de alto volumen,4.801359121798223,0.5778224026188463,1.7740463757663183,-9.133073325905906e-05,0.1012079377994158
ACCESORIES_1_412,2,Baja rotación volátil,4.008363826450601,1.0044464741730812,2.731833926701571,0.0011549158145842564,0.11324493628593975
ACCESORIES_1_413,1,Básicos de alto volumen,7.145321484579195,0.6252247951731118,6.380599676375405,-0.00026313783754304635,0.31106367152640807
ACCESORIES_1_414,3,Nicho premium,4.297438578149503,0.804639195867714,9.520684634760707,-0.0004745473687501884,0.3143877062081818
ACCESORIES_1_415,1,Básicos de alto volumen,7.290120230005227,0.49354455690056054,8.877163655913979,-0.0002569510509663371,0.05310857559436744
ACCESORIES_1_416,1,Básicos de alto volumen,9.720334553058024,0.5016446049758323,6.424965029013539,5.116380660682077e-05,0.09825916110805995
ACCESORIES_1_417,1,Básicos de alto volumen,27.560376372190277,0.7318253870964319,0.7440611111111111,-0.0005157192944169361,0.15880541651431732
ACCESORIES_1_418,3,Nicho premium,2.487192890747517,0.9248952673808664,5.170537762237762,9.800769543763136e-05,0.0874832917619636
ACCESORIES_1_419,3,Nicho premium,1.995295347621537,1.0045152899472458,7.953400000000002,0.0005268908301711116,0.21080035213316675
ACCESORIES_1_420,1,Básicos de alto volumen,7.059592263460533,0.4910706195163538,7.592769784946237,2.4258603443247343e-06,0.05803373111582435
ACCESORIES_1_421,3,Nicho premium,3.4809200209095663,1.0447986258119613,11.148508579881657,0.0012869477828701206,0.12334388023500482
ACCESORIES_1_422,3,Nicho premium,1.4192368008363827,1.0482438591098344,4.518900322696307,-0.00032381927977104095,0.10807340179659806
ACCESORIES_1_423,3,Nicho premium,7.225300575013068,0.656316974267295,10.235863120250336,0.000632276796998838,0.06012119855824482
ACCESORIES_1_424,1,Básicos de alto volumen,8.001568217459488,0.6202127014813631,2.2919327232796487,-0.0003325882776090984,0.06022698974551703
ACCESORIES_2_001,3,Nicho premium,0.8159958180867747,1.211712409400267,7.53051174351585,1.1288758536614401e-05,0.1398195928648522
ACCESORIES_2_002,0,Estacionales volátiles,2.0705697856769474,1.1661499547234766,2.4240347202295554,-0.00025998077337512895,0.5544184968040108
ACCESORIES_2_003,1,Básicos de alto volumen,3.197595399895452,0.7657509495432496,2.6201000000000003,0.0003873849587773618,0.23901288552359848
ACCESORIES_2_004,3,Nicho premium,1.67276529012023,1.0317480866128248,3.2865425162689808,-5.3201976298841875e-05,0.22565220108032172
ACCESORIES_2_005,2,Baja rotación volátil,0.7600627286983795,1.394149576130195,5.9451,0.0011750456774774888,0.2444781379119677
ACCESORIES_2_006,3,Nicho premium,1.1610036591740722,1.0538734267016576,5.2141893011527385,-0.00022550768106545903,0.16855596373245763
ACCESORIES_2_007,0,Estacionales volátiles,3.56089911134344,0.9880283737074709,1.2929653500897667,0.00019291814334497878,0.5454168193021602
ACCESORIES_2_008,3,Nicho premium,1.2111866178776791,0.9895758152493767,5.046547242921013,0.00013126067302299922,0.1554324244508663
ACCESORIES_2_009,3,Nicho premium,3.793518034500784,0.7850903731663884,7.044999031911079,-0.0004026191489767521,0.12386614385057142
ACCESORIES_2_010,2,Baja rotación volátil,0.5284892838473602,1.8585850117222464,1.289669193659545,0.0016609312359237328,0.15231009287035055
ACCESORIES_2_011,1,Básicos de alto volumen,2.3899634082592787,0.9382017688959756,1.2901,0.0001810670813024724,0.20411724311799118
ACCESORIES_2_012,2,Baja rotación volátil,0.5075797177208573,2.1277366238148665,2.6201000000000003,0.002041438978038244,0.22860795576755394
ACCESORIES_2_013,3,Nicho premium,0.9832723470987977,1.1412011373659183,9.486765777136675,-1.2384132269896152e-05,0.1335751108203989
ACCESORIES_2_014,2,Baja rotación volátil,0.5995818086774699,1.8876731416464172,1.2901,0.0016545066042182785,0.1519746777477736
ACCESORIES_2_015,2,Baja rotación volátil,0.5807631991636174,2.094752397739702,3.5592086812458583,0.0017288077360352086,0.25417543483292
ACCESORIES_2_016,3,Nicho premium,1.5227391531625718,1.1391674676726637,6.584452735781138,-0.0008423025449323067,0.15285917890369483
ACCESORIES_2_017,2,Baja rotación volátil,1.4218504966021954,1.3316562256726896,0.7149155868544601,0.0007062911765091654,0.2533012801304081
ACCESORIES_2_018,2,Baja rotación volátil,1.8604286461055932,1.2914660939955924,4.4672995916283815,0.0011490796592174607,0.30497339260719775
ACCESORIES_2_019,2,Baja rotación volátil,1.0104547830632515,1.4827176233267527,4.470041240875912,0.0009205381228649837,0.3233373985698489
ACCESORIES_2_020,3,Nicho premium,1.2765290120230006,0.9658877952556342,5.03633631713555,8.709423427226184e-05,0.1788264993627122
ACCESORIES_2_021,2,Baja rotación volátil,0.5933089388395191,1.75185308988196,1.2877209980557356,0.0014750986423933794,0.1590091582611855
ACCESORIES_2_022,3,Nicho premium,1.6633559853633038,0.9094312390791865,6.6101,0.0003176066011389616,0.1861760314210933
ACCESORIES_2_023,2,Baja rotación volátil,0.4181913225300575,2.6552291214449335,1.2901000000000002,0.0022882291024514364,0.2528091846291157
ACCESORIES_2_024,2,Baja rotación volátil,2.1761630946157866,1.6165419250157602,6.3441,0.002030570890001412,0.2672607938123529
ACCESORIES_2_025,2,Baja rotación volátil,0.46001045478306324,2.080439483273241,0.665,0.0019822719760663253,0.1415835171667491
ACCESORIES_2_026,2,Baja rotación volátil,0.9550444328280188,2.579741947991385,0.3059,0.002300358554618526,0.23051338156707687
ACCESORIES_2_027,2,Baja rotación volátil,0.501829587036069,2.277808369964231,2.717977669902913,0.0015296067732584828,0.41492104929081974
ACCESORIES_2_028,0,Estacionales volátiles,3.6016727652901204,1.1949292881907922,1.1212742620590355,0.0003960970986339647,0.7938059156457851
ACCESORIES_2_029,1,Básicos de alto volumen,2.6889702038682697,1.031444704753119,3.6838332095096584,0.00028609105594045803,0.2106099884697506
ACCESORIES_2_030,2,Baja rotación volátil,0.5838996340825928,1.6313252958192925,1.2790922103213243,0.0004869647381776469,0.23210276261864907
ACCESORIES_2_031,2,Baja rotación volátil,0.5075797177208573,2.2438297547200277,9.267016263552959,0.001865729832189272,0.33812063116728097
ACCESORIES_2_032,1,Básicos de alto volumen,4.063251437532672,0.9233840032619559,1.3061316337522444,6.068884197179864e-05,0.28783841871485427
ACCESORIES_2_033,1,Básicos de alto volumen,6.825927861996863,0.7870406230202551,3.686463790560472,0.0003457011492136801,0.23296570731160102
ACCESORIES_2_034,2,Baja rotación volátil,0.8797699947726084,1.3844159634420075,3.6849209276844412,3.0421560214469234e-05,0.2634386453389467
ACCESORIES_2_035,2,Baja rotación volátil,0.5818086774699425,1.9198210196637262,5.939054545454545,0.0019013482486313058,0.22210230049308002
ACCESORIES_2_036,1,Básicos de alto volumen,7.484056455828542,0.6738606256128413,1.269198637504482,0.0003571242409560752,0.15994975315553878
ACCESORIES_2_037,2,Baja rotación volátil,0.8018818609513853,1.487384292513303,1.2813848439821693,0.0011968283789308965,0.2483739691540854
ACCESORIES_2_038,2,Baja rotación volátil,0.9163617354939885,1.9537562567577593,1.2901,0.0020758998735455293,0.41778411973672697
ACCESORIES_2_039,3,Nicho premium,1.371144798745426,1.0804773979425273,6.604235583482944,0.00010114629230963198,0.13858497645933604
ACCESORIES_2_040,0,Estacionales volátiles,0.5426032409827496,2.343190334067021,1.1704,0.0019814967136333904,0.5747192173456287
ACCESORIES_2_041,2,Baja rotación volátil,1.123366440146367,2.1263012900158036,2.62500203685742,0.0021311275126805317,0.23996608482273876
ACCESORIES_2_042,2,Baja rotación volátil,2.4553058024046,1.2120924334034295,1.1671984431137725,0.001009195717477329,0.17784428396290652
ACCESORIES_2_043,2,Baja rotación volátil,3.469942498693152,1.6616823308491593,1.2901,0.002193530138699778,0.33503722667851166
ACCESORIES_2_044,2,Baja rotación volátil,1.0726607422895975,1.2433420182226924,5.938992857142857,0.0011374461148170418,0.26979661770348035
ACCESORIES_2_045,2,Baja rotación volátil,0.9456351280710925,1.71082712004976,3.6166050867743866,0.0017231007353257159,0.3653527595048305
ACCESORIES_2_046,3,Nicho premium,1.7004704652378464,0.975149531831326,3.69201893830703,-0.00037620865182988564,0.22517237092589598
ACCESORIES_2_047,2,Baja rotación volátil,0.5358076319916362,1.988184714751695,0.7077171590194846,0.0015609615337244124,0.24878609878821117
ACCESORIES_2_048,0,Estacionales volátiles,2.434396236278097,1.1226892309379994,3.684267048393055,4.770044535465e-05,0.35476206275759525
ACCESORIES_2_049,0,Estacionales volátiles,1.0674333507579719,1.2067088255369338,3.696799198542805,-5.022830780392625e-05,0.3491615586687442
ACCESORIES_2_050,1,Básicos de alto volumen,1.389440669106116,1.027744693568119,2.623381567489115,-0.0005358919913072373,0.12686474110374402
ACCESORIES_2_051,1,Básicos de alto volumen,1.7553580763199164,1.0077858517201523,2.4186658886894077,-8.120643326268003e-05,0.15732596817908734
ACCESORIES_2_052,2,Baja rotación volátil,1.108729743857815,1.2395590062945523,3.2834741372141374,0.0002474318376042729,0.18465283351281508
ACCESORIES_2_053,3,Nicho premium,3.1897543125980135,0.7546942458375357,6.597330248719825,0.000275915239213388,0.17061843974533972
ACCESORIES_2_054,2,Baja rotación volátil,1.0214323052796654,1.5135972469713388,5.93465172622653,0.001547272247460401,0.28862056042395917
ACCESORIES_2_055,3,Nicho premium,0.7302665969681129,1.4455987163818353,3.6973511029411763,-0.00020359608823232315,0.22350459002465706
ACCESORIES_2_056,3,Nicho premium,0.8018818609513853,1.3563870551771264,4.462462997827661,-0.00016842563348191456,0.18654635696635993
ACCESORIES_2_057,2,Baja rotación volátil,1.2571876633559853,1.6367291205258048,2.6284304535637153,-7.204285807661942e-05,0.17711645786849667
ACCESORIES_2_058,2,Baja rotación volátil,1.2822791427077889,1.8437963418622045,0.6593461538461539,0.001885166340672461,0.1456833112088083
ACCESORIES_2_059,0,Estacionales volátiles,11.421327757449033,1.2075208505694952,0.3082706802473627,-0.00017080098138611932,0.5730341335776374
ACCESORIES_2_060,1,Básicos de alto volumen,2.4338734971249347,1.0597407800628489,1.292943115942029,-0.00015265589795715172,0.28826862644866635
ACCESORIES_2_061,1,Básicos de alto volumen,1.9456351280710926,1.0237902326638981,2.6201000000000003,-0.0004975983951904656,0.1592205427988808
ACCESORIES_2_062,3,Nicho premium,1.2263460533193937,1.052109162268752,7.631886746550473,-1.9003542776974785e-05,0.28069294047162113
ACCESORIES_2_063,2,Baja rotación volátil,2.0742289597490853,1.0759615005059566,1.2817280959373472,0.0007089273770970744,0.19217436873567437
ACCESORIES_2_064,2,Baja rotación volátil,0.7966544694197596,1.6831878590841374,1.2901,0.001633334648406157,0.12497555008428754
ACCESORIES_2_065,2,Baja rotación volátil,0.6685833768949294,2.017821437540877,0.665,0.0018419636534035486,0.2997418991671846
ACCESORIES_2_066,3,Nicho premium,0.8248823836905385,1.3198547430621013,6.6091234948604995,-0.00022575749513138306,0.29166952319386347
ACCESORIES_2_067,2,Baja rotación volátil,0.7574490329325666,1.9579843016012246,3.9501,0.0021496659882487895,0.33201145340400917
ACCESORIES_2_068,2,Baja rotación volátil,1.6659696811291165,1.084861927516057,2.60838835978836,0.0004491119429973653,0.19439236115862504
ACCESORIES_2_069,0,Estacionales volátiles,1.789858860428646,1.0686792391446167,3.9522349872309377,0.0003915114708805218,0.39943250032387717
ACCESORIES_2_070,0,Estacionales volátiles,0.8358599059069525,2.3255477329905307,13.248458660508083,0.0020846984356631716,0.558506084780117
ACCESORIES_2_071,2,Baja rotación volátil,1.297961317302666,1.5216340365697263,1.2901,0.0016675228359814113,0.0753537620602341
ACCESORIES_2_072,2,Baja rotación volátil,1.0031364349189755,1.5361126925905615,9.623602188868043,0.0012617366726459188,0.2777060840698649
ACCESORIES_2_073,2,Baja rotación volátil,0.872974385781495,1.563103201479934,0.7164990561585654,0.0006369005408079188,0.2669370037156
ACCESORIES_2_074,3,Nicho premium,1.3685311029796132,1.0620581282134252,5.28240386142187,-9.550652017998211e-05,0.2767525345536259
ACCESORIES_2_075,1,Básicos de alto volumen,9.559853633037115,0.7966893003757676,3.6848641988950277,0.00042460065966164326,0.20660255600933292
ACCESORIES_2_076,1,Básicos de alto volumen,3.2253005750130685,1.0278233450744445,3.6876315828402366,9.947875559752014e-05,0.3049799753494773
ACCESORIES_2_077,0,Estacionales volátiles,0.46314688970203866,2.245308455936036,13.160358613989636,0.001617191214635614,0.6833658766834596
ACCESORIES_2_078,3,Nicho premium,1.8714061683220073,1.0249448022743097,8.487773803526448,-0.00046553988348766725,0.2531333835253833
ACCESORIES_2_079,0,Estacionales volátiles,0.5797177208572922,1.577032018749701,3.1396518271119844,-0.00026034204170253194,0.35495903827152697
ACCESORIES_2_080,3,Nicho premium,0.786199686356508,1.1713565802452846,5.289278535353536,3.5470266180005335e-05,0.16277044542282154
ACCESORIES_2_081,2,Baja rotación volátil,1.2326189231573446,1.6316042850779733,2.7298964601769913,0.001589832947815284,0.2946335428632781
ACCESORIES_2_082,2,Baja rotación volátil,0.46785154208050184,2.359670592792727,1.1704,0.002017748921587155,0.36464381513861366
ACCESORIES_2_083,0,Estacionales volátiles,2.642446419236801,1.1768880534993362,3.6827366519174043,-0.00013322647244471824,0.3647080444009282
ACCESORIES_2_084,0,Estacionales volátiles,0.3899634082592786,2.364125603360499,8.408572941176471,0.00189434744690825,0.5318162493149067
ACCESORIES_2_085,0,Estacionales volátiles,3.093047569262938,1.1238484687976473,1.2935408911246857,0.0005617039259907869,0.5097747876124605
ACCESORIES_2_086,2,Baja rotación volátil,0.6377417668583377,1.7944214790287099,1.2901,0.0015021687053199074,0.20181474557084825
ACCESORIES_2_087,2,Baja rotación volátil,1.1364349189754313,1.632316300470265,1.2901,0.0016223264055888623,0.08445202700584667
ACCESORIES_2_088,1,Básicos de alto volumen,2.5305802404600106,0.7326557361105517,3.6734082191780826,-0.00022098165045029568,0.07188450190249807
ACCESORIES_2_089,1,Básicos de alto volumen,3.2388917929952954,0.7114993129524851,3.9491413099158432,-6.573763251455627e-05,0.130797957230879
ACCESORIES_2_090,0,Estacionales volátiles,0.8003136434918976,2.077532873069911,2.112414442413163,0.0018289338448411352,0.49186901425714624
ACCESORIES_2_091,2,Baja rotación volátil,2.792472556194459,1.3261374850412002,1.2901,0.001635817976583162,0.13347587858093068
ACCESORIES_2_092,0,Estacionales volátiles,1.0705697856769472,1.4964769666224194,6.6101,0.0008977029742649949,0.4261080532641636
ACCESORIES_2_093,2,Baja rotación volátil,1.6795608991113435,1.115257892305868,2.6201000000000003,0.0007116685976370089,0.24543384831569806
ACCESORIES_2_094,2,Baja rotación volátil,0.8834291688447464,1.7963157564617516,2.7530164572864324,0.0017661644261202545,0.2561382156414668
ACCESORIES_2_095,0,Estacionales volátiles,0.7297438578149503,2.18279861679127,1.1704,0.002093978662670091,0.5186357360907505
ACCESORIES_2_096,1,Básicos de alto volumen,2.1615263983272346,0.8450352400961596,3.6133788413098236,-0.0002879401056666439,0.09312635614109809
ACCESORIES_2_097,2,Baja rotación volátil,1.017250392054365,1.8561227901109936,2.61817750370005,0.0008897685603529122,0.16179688476915927
ACCESORIES_2_098,0,Estacionales volátiles,2.611604809200209,1.2001831323907222,1.1224661849710984,0.0004827985891815458,0.48595257366567546
ACCESORIES_2_099,2,Baja rotación volátil,0.4427600627286984,2.127150724969816,1.2901,0.0016245012649953442,0.2011572648941085
ACCESORIES_2_100,0,Estacionales volátiles,2.937794040773654,1.005253079879836,1.1224297979797981,0.0004653439988319488,0.38285167183340446
ACCESORIES_2_101,2,Baja rotación volátil,1.1641400940930475,1.4150443313974115,0.7127350515463918,0.0010283001330589083,0.31371850584335964
ACCESORIES_2_102,3,Nicho premium,1.196549921589127,1.1788296146221735,7.942773366834172,0.00011074221773658818,0.2180486326860096
ACCESORIES_2_103,1,Básicos de alto volumen,2.642446419236801,0.9112262114014571,3.6876091836734695,1.099447116074774e-05,0.32983799627664573
ACCESORIES_2_104,2,Baja rotación volátil,1.065865133298484,1.4815226846640743,3.9467603892027623,0.0013913170683766342,0.3096116822146275
ACCESORIES_2_105,0,Estacionales volátiles,1.5290120230005226,1.097140171246449,3.411098489751888,-0.00023079535126858743,0.42068910451361974
ACCESORIES_2_106,2,Baja rotación volátil,0.5086251960271825,1.932955349815438,1.2886384615384616,0.001634580412389214,0.1676335592556978
ACCESORIES_2_107,2,Baja rotación volátil,2.5478306325143754,1.2157791704162295,0.7154748469147433,0.0009786432637962817,0.2751611235889876
ACCESORIES_2_108,2,Baja rotación volátil,0.48248823836905386,2.1935368163045865,3.9501,0.001887624893877675,0.297490738775437
ACCESORIES_2_109,2,Baja rotación volátil,0.9618400418191323,2.0265042906745525,1.2901,0.002321859942984004,0.1806284487340425
ACCESORIES_2_110,2,Baja rotación volátil,0.9534762153685311,1.5586532237265178,7.938120151898734,0.0008152062296913043,0.12818101928959777
ACCESORIES_2_111,2,Baja rotación volátil,0.40250914793518033,2.281245229269875,5.280100000000001,0.001974369723349931,0.2032507512221866
ACCESORIES_2_112,2,Baja rotación volátil,1.2681651855723994,1.2454133777702567,3.0967486700215674,0.00010767829955802607,0.34357080888778324
ACCESORIES_2_113,0,Estacionales volátiles,1.3361212754835337,1.2381701114385018,7.526390277777778,0.0003946154479784772,0.5066985406455455
ACCESORIES_2_114,2,Baja rotación volátil,1.1725039205436487,1.653551790297138,2.7655677199504343,0.0016349356727826548,0.24321937599011528
ACCESORIES_2_115,1,Básicos de alto volumen,4.8123366440146365,0.6826669999419237,3.319407032651597,0.0002454092065892918,0.15845847176039926
ACCESORIES_2_116,2,Baja rotación volátil,1.9435441714584423,1.0293104030181985,3.9523914572864323,0.00034711722409034473,0.3441820676119107
ACCESORIES_2_117,1,Básicos de alto volumen,3.2932566649242028,1.0196228875982964,3.6856944300995944,0.0005116201069166009,0.17198745690848746
ACCESORIES_2_118,3,Nicho premium,1.7950862519602717,1.17979041100383,5.27454222383721,-0.0006506291314203603,0.16439970784322722
ACCESORIES_2_119,2,Baja rotación volátil,0.34500784108729743,1.7913324864706186,4.185493854324735,0.0006658063564780423,0.09196077156792379
ACCESORIES_2_120,1,Básicos de alto volumen,3.756926293779404,0.8493005672851369,3.224241412692722,0.00011041364190918415,0.1888735884556756
ACCESORIES_2_121,0,Estacionales volátiles,2.29064296915839,1.8914720037227701,1.2901,0.002047590374540231,0.5393774653143993
ACCESORIES_2_122,0,Estacionales volátiles,1.9654992158912703,1.56451260555398,1.1223287581699348,0.0006283380291555864,0.8443874162466258
ACCESORIES_2_123,2,Baja rotación volátil,1.4354417145844223,1.2866787086443425,0.7167716439001414,0.0009319321422323408,0.30486116620231657
ACCESORIES_2_124,0,Estacionales volátiles,5.094615786722425,1.4415597657356842,0.3059,0.0008468533954560309,0.4483814375023924
ACCESORIES_2_125,2,Baja rotación volátil,1.159958180867747,1.243352872498831,1.2809665022200296,0.0008459098762026176,0.21756572665310772
ACCESORIES_2_126,2,Baja rotación volátil,2.1803450078410873,1.7687687337612097,0.665,0.0018518876017739442,0.21289784866647213
ACCESORIES_2_127,2,Baja rotación volátil,0.5807631991636174,1.7591887502320402,5.280100000000001,0.0014122633128726494,0.31544375921676565
ACCESORIES_2_128,3,Nicho premium,1.8316779926816518,1.0309297372918715,5.967049315068494,8.772743683078035e-05,0.07647309248509929
ACCESORIES_2_129,0,Estacionales volátiles,7.1583899634082595,1.1633073255544737,0.3193535567970205,0.00022939712476977052,0.5330998997923829
ACCESORIES_2_130,3,Nicho premium,2.2655514898065867,1.1711766139823214,9.144072120559741,-0.001134526854696738,0.23349372706134644
ACCESORIES_2_131,3,Nicho premium,3.177208572922112,1.0540285066225912,8.042066666666667,-0.0001090753896438417,0.26529965801669925
ACCESORIES_2_132,0,Estacionales volátiles,0.6769472033455306,2.7413079337682698,3.818531012658228,0.002313875239859946,0.4942108096325354
ACCESORIES_2_133,2,Baja rotación volátil,2.401463669628855,1.0987437125180501,3.6861571059431526,0.0005208833658832141,0.16717913919160204
ACCESORIES_2_134,2,Baja rotación volátil,0.7537898588604286,1.4298269190313713,8.437356736526946,0.000733491910215873,0.3259410567395336
ACCESORIES_2_135,0,Estacionales volátiles,0.9074751698902248,1.5259996732151861,0.7160752591894439,0.0006873875481079673,0.40654348534408014
ACCESORIES_2_136,3,Nicho premium,2.289074751698902,1.0537773407639373,3.68400173623938,9.308111641591669e-05,0.2873594607467388
ACCESORIES_2_137,2,Baja rotación volátil,1.192890747516989,1.1415999250292022,3.949462416107383,0.0008053148061406507,0.1105839576567369
ACCESORIES_2_138,2,Baja rotación volátil,0.5462624150548876,1.8742195900920198,1.2898263374485597,0.0015726603293798457,0.17023298478972382
ACCESORIES_2_139,2,Baja rotación volátil,1.1552535284892838,1.3459704280177476,6.607320895522388,0.0010966193116718885,0.23889219338790607
ACCESORIES_2_140,0,Estacionales volátiles,1.869315211709357,1.4884144207347678,3.4853915777653004,0.0012592686335192766,0.428580593194986
ACCESORIES_2_141,2,Baja rotación volátil,1.1662310507056979,1.5561199814435296,0.7137732345679013,0.00130994438940647,0.163333667197637
ACCESORIES_2_142,0,Estacionales volátiles,12.865133298484057,1.0439787035714327,0.3074418201516793,-0.00014297054580175028,0.5240455929209745
ACCESORIES_2_143,2,Baja rotación volátil,1.152639832723471,1.8302594002284764,1.362427241770715,0.0005192018352353905,0.17006870088994044
ACCESORIES_2_144,2,Baja rotación volátil,0.843700993204391,1.7713116961250426,0.7052909318323952,0.0016101987912945529,0.35479680689419846
ACCESORIES_2_145,1,Básicos de alto volumen,2.8003136434918976,0.9984742150675384,3.6837073800738005,0.0004346920568048173,0.19965616838433953
ACCESORIES_2_146,1,Básicos de alto volumen,2.2049137480397283,0.9384079274159209,2.6186987328023177,-0.00019271526667740467,0.15906384655369193
ACCESORIES_2_147,2,Baja rotación volátil,1.65446941975954,1.4995459968429452,1.2901,0.001713825160685581,0.10342845036020464
ACCESORIES_2_148,0,Estacionales volátiles,1.9649764767381077,1.4335103859628175,1.1205778540462428,0.000450521778471909,0.757952277810846
ACCESORIES_2_149,0,Estacionales volátiles,1.572399372713016,1.959989654381235,2.0247756097560976,0.0019669286217808197,0.5583450236024984
HOME_&_GARDEN_1_001,3,Nicho premium,3.005227391531626,0.7624321167404489,7.5988562680115255,9.480515285831968e-05,0.0986877178671865
HOME_&_GARDEN_1_002,3,Nicho premium,4.504443282801882,0.6947681542267621,7.58530998536942,0.00017517082705083585,0.13160876464368426
HOME_&_GARDEN_1_003,3,Nicho premium,5.703606900156822,1.0426242461511332,11.2125,0.0012517314231227253,0.2378489789198009
HOME_&_GARDEN_1_004,1,Básicos de alto volumen,16.236278097229484,0.6863733600465053,2.7459110473457677,0.0004923678703364079,0.3006767122695794
HOME_&_GARDEN_1_005,3,Nicho premium,9.443805541035024,0.6617151397848343,12.554897902869758,0.0002507872057428268,0.14607780034499013
HOME_&_GARDEN_1_006,3,Nicho premium,7.6487192890747515,0.7188379963543389,8.697489959839357,0.0003762642844258598,0.1719017298494643
HOME_&_GARDEN_1_007,1,Básicos de alto volumen,18.85938316779927,0.5744916327479004,1.8743251290194523,9.601434634804477e-05,0.1702536821157016
HOME_&_GARDEN_1_008,1,Básicos de alto volumen,4.039205436487193,0.671118478735538,6.77818106920542,-4.920395681443817e-05,0.09074269452032117
HOME_&_GARDEN_1_009,3,Nicho premium,1.7720857292211187,1.603420997042139,22.452776577355227,0.0019399852563476807,0.25581464186145597
HOME_&_GARDEN_1_010,2,Baja rotación volátil,3.7867224255096708,1.7115337290596944,3.792230017006803,0.0018315112693987018,0.434872028417195
HOME_&_GARDEN_1_011,1,Básicos de alto volumen,9.96759017250392,0.617576900927804,5.781783154121864,-0.0002336124659647846,0.14141622420811623
HOME_&_GARDEN_1_012,1,Básicos de alto volumen,3.784108729743858,0.809607099138768,4.890146054628225,0.0002466119394526775,0.07984039869081602
HOME_&_GARDEN_1_013,1,Básicos de alto volumen,7.454783063251438,0.8317546895579422,6.188201738500544,0.0005236468226848597,0.15904948829995935
HOME_&_GARDEN_1_014,3,Nicho premium,5.30893883951908,0.8002922398694882,22.44671409214092,0.0006482628423696485,0.09816560854929621
HOME_&_GARDEN_1_015,0,Estacionales volátiles,2.6220595922634606,1.338918440057427,6.428461119186046,0.00020189979492337182,0.8287474875298593
HOME_&_GARDEN_1_016,1,Básicos de alto volumen,14.951907997909043,0.6931166709593711,6.063785842293906,-0.0007708350820761887,0.14805506546260103
HOME_&_GARDEN_1_017,1,Básicos de alto volumen,7.465237846314689,0.8891953904955312,6.183211598052236,0.000790283386348124,0.15179149172086864
HOME_&_GARDEN_1_018,3,Nicho premium,6.170935703084161,0.8004189794488509,12.57114592863678,0.0010394980637232407,0.05823816471949077
HOME_&_GARDEN_1_019,1,Básicos de alto volumen,64.98640878201778,0.7340547296400257,1.2206111911623438,0.0005613524204133212,0.1518719647474246
HOME_&_GARDEN_1_020,2,Baja rotación volátil,1.4019864087820177,1.6095322772047396,8.7125,0.0019126546993759662,0.16343907691836268
HOME_&_GARDEN_1_021,1,Básicos de alto volumen,15.074228959749085,0.5746624071474051,2.42975791433892,-0.00019503136831887247,0.09092143235007889
HOME_&_GARDEN_1_022,2,Baja rotación volátil,2.090433873497125,1.6924009715398691,6.05,0.0022162737927435127,0.1341732793435336
HOME_&_GARDEN_1_023,2,Baja rotación volátil,2.5624673288029274,1.5501603712115708,11.191046025104603,0.001897289710128168,0.33662475088371735
HOME_&_GARDEN_1_024,2,Baja rotación volátil,5.1353894406691065,1.3028640250404653,1.8374999999999997,0.0018897014736016047,0.07938977991221709
HOME_&_GARDEN_1_025,1,Básicos de alto volumen,8.508625196027182,0.4791833002522094,3.7242204301075272,7.316849072700354e-05,0.06254825582392753
HOME_&_GARDEN_1_026,2,Baja rotación volátil,4.778881338212232,1.4098513580990668,3.600554830287207,0.001764662025186738,0.1159846786254488
HOME_&_GARDEN_1_027,1,Básicos de alto volumen,27.25823314166231,0.3612353973981942,7.061831718693935,8.122278658906304e-05,0.07284555487686409
HOME_&_GARDEN_1_028,1,Básicos de alto volumen,11.433873497124935,0.6321421279183058,3.5874907510173877,-0.0002511835145107359,0.11043534821578703
HOME_&_GARDEN_1_029,0,Estacionales volátiles,9.515943544171458,1.2092238002474163,8.696400719856028,0.001232585482473754,0.3989488960840471
HOME_&_GARDEN_1_030,1,Básicos de alto volumen,8.686356508102456,0.8611473000198008,6.159292640477375,0.0008191078265949572,0.13128321616335248
HOME_&_GARDEN_1_032,3,Nicho premium,13.641923680083638,0.8673667601520081,13.439153803748622,0.000669077796548091,0.2100505873881066
HOME_&_GARDEN_1_033,1,Básicos de alto volumen,7.332462101411395,1.1117089255789956,5.320836321262102,5.077272258379192e-05,0.34207398020384616
HOME_&_GARDEN_1_034,1,Básicos de alto volumen,4.810245687401986,0.5370938694093109,4.932728494623656,-0.00011050220952963017,0.07591447256510707
HOME_&_GARDEN_1_035,3,Nicho premium,2.6257187663355985,1.1143095440452475,5.773274172473868,0.00011577101702102513,0.2250881014680778
HOME_&_GARDEN_1_036,0,Estacionales volátiles,1.0674333507579719,1.9638775636184933,3.713164187035069,0.0020542493087381125,0.4577045674425863
HOME_&_GARDEN_1_037,1,Básicos de alto volumen,3.399372713016205,0.9672455649107671,5.0341251344567945,-0.0010014588220427446,0.12792692106974213
HOME_&_GARDEN_1_038,1,Básicos de alto volumen,11.118661787767904,0.3634646323236209,6.460519713261649,-0.00011438963373802029,0.06182750142729814
HOME_&_GARDEN_1_039,1,Básicos de alto volumen,13.226868792472557,0.612602686056971,3.594393855776306,-9.207265252882859e-05,0.12173723652690409
HOME_&_GARDEN_1_040,1,Básicos de alto volumen,34.042864610559334,0.5511321105488084,5.647819949811794,0.0003674386339225466,0.20804167278265162
HOME_&_GARDEN_1_042,3,Nicho premium,5.812859383167799,1.1600015819619274,12.912623762376237,0.00010508523048692902,0.31771157010988477
HOME_&_GARDEN_1_043,2,Baja rotación volátil,2.3277574490329327,1.9106787911764256,3.5587848712446353,0.0022105682091413566,0.36612617037581174
HOME_&_GARDEN_1_044,3,Nicho premium,1.8494511238891793,1.6221331379981476,22.4625,0.0019478515174379087,0.29947756285992694
HOME_&_GARDEN_1_045,1,Básicos de alto volumen,22.263460533193935,0.5164017128318084,3.3294252152080346,1.0589281399067139e-05,0.15377145460658959
HOME_&_GARDEN_1_046,1,Básicos de alto volumen,6.685833768949294,0.5068263106978236,4.684861111111111,-0.00012292174934061352,0.05872245404584866
HOME_&_GARDEN_1_047,1,Básicos de alto volumen,5.191845269210664,0.9768375910188591,5.029228110599079,0.0004913832734965652,0.2242155238379491
HOME_&_GARDEN_1_048,1,Básicos de alto volumen,19.137480397281756,0.4851809160679874,3.5495116487455194,-1.8766236327871546e-06,0.1259571881495973
HOME_&_GARDEN_1_049,0,Estacionales volátiles,2.4647151071615263,2.447090174298936,7.196668865435354,0.0013472473144718864,1.1098004582933463
HOME_&_GARDEN_1_050,2,Baja rotación volátil,12.040773653946681,1.257171839186687,4.604757047477745,0.0018475584972531451,0.11938439516750714
HOME_&_GARDEN_1_051,1,Básicos de alto volumen,37.72138003136435,0.7895030519508232,3.6756578947368426,0.0008688056592881208,0.160857349388357
HOME_&_GARDEN_1_052,3,Nicho premium,2.2347098797699947,1.3455580889001197,5.053490076680199,-1.0157080375549626e-05,0.1766156929054027
HOME_&_GARDEN_1_053,3,Nicho premium,17.982226868792473,0.579180901842579,18.788707360861757,0.00024901852692944614,0.10505014789776217
HOME_&_GARDEN_1_054,2,Baja rotación volátil,0.8139048614741244,1.94301365487988,4.9,0.002240200401598093,0.17576855136472747
HOME_&_GARDEN_1_055,1,Básicos de alto volumen,20.799268165185573,0.35274415759567956,4.9107885304659495,-0.0001441293356419779,0.04967276399349511
HOME_&_GARDEN_1_056,3,Nicho premium,4.465237846314689,1.05376928637327,14.84456541218638,1.7581557104446454e-07,0.3011454318178374
HOME_&_GARDEN_1_057,1,Básicos de alto volumen,1.8416100365917407,1.190917456623286,2.107110314075223,-0.00029125879096144784,0.2207301311456677
HOME_&_GARDEN_1_058,2,Baja rotación volátil,5.9654992158912705,1.1615160555030315,8.100000000000001,0.0013543004458811778,0.19716040444889774
HOME_&_GARDEN_1_059,1,Básicos de alto volumen,9.495556717198118,0.8373411840425278,3.6571614583333334,-0.0005118302096442527,0.32983536359675447
HOME_&_GARDEN_1_060,3,Nicho premium,0.556717198118139,1.8242546614007393,37.42935684647303,0.00186103394763812,0.1765336700083342
HOME_&_GARDEN_1_061,1,Básicos de alto volumen,10.575535807631992,0.7096958800563895,2.343711908110642,0.0007092184506888279,0.1031932280698443
HOME_&_GARDEN_1_062,1,Básicos de alto volumen,10.929952953476215,0.6029161085522522,6.2250000000000005,0.0003486399581110381,0.09690963642652484
HOME_&_GARDEN_1_063,0,Estacionales volátiles,2.8944066910611603,1.7703531617220807,12.896074834922965,-0.00037832726648488903,0.41778962161961836
HOME_&_GARDEN_1_064,2,Baja rotación volátil,1.3727130162049137,1.3965908103799063,7.219877932024891,0.0016940271266508249,0.10866836285625969
HOME_&_GARDEN_1_065,0,Estacionales volátiles,5.3774176685833766,1.05989127797673,1.225,0.0005038807864069691,0.5460910627045129
HOME_&_GARDEN_1_066,1,Básicos de alto volumen,26.569785676947202,0.8040080779656372,3.7880109383995397,0.0011306540657114686,0.10113915159193615
HOME_&_GARDEN_1_067,1,Básicos de alto volumen,9.104547830632514,0.784070962742666,5.413691756272402,-0.00016630280644504565,0.1186988765271141
HOME_&_GARDEN_1_068,1,Básicos de alto volumen,7.039728175640356,0.6171795682967993,8.706631455399062,6.302170422136124e-05,0.12228988654585947
HOME_&_GARDEN_1_069,1,Básicos de alto volumen,7.375326711970726,0.5838130767220407,2.4622894265232973,-0.00038166055024831824,0.07261487669023377
HOME_&_GARDEN_1_070,1,Básicos de alto volumen,5.345007841087297,0.6578053610397464,4.592903288958497,3.706301427570039e-05,0.12280163880956023
HOME_&_GARDEN_1_071,1,Básicos de alto volumen,18.868269733403032,0.857582329957974,2.6098829201101927,0.001279689240260113,0.11637007786274686
HOME_&_GARDEN_1_072,1,Básicos de alto volumen,36.386826973340305,0.33629532992989314,10.00574972835929,-5.730458713419241e-05,0.06458152513566033
HOME_&_GARDEN_1_073,3,Nicho premium,4.270256142185049,0.6024735256883335,10.543526374031723,0.0002492185736942445,0.08274118145355934
HOME_&_GARDEN_1_074,1,Básicos de alto volumen,5.329848405645583,0.7153838198839818,6.242003245582402,-0.0003981761259433414,0.1598279017819939
HOME_&_GARDEN_1_075,1,Básicos de alto volumen,20.470465237846316,0.4945982677683615,3.4112130996309964,-0.00031042596377255885,0.06942858440441582
HOME_&_GARDEN_1_076,2,Baja rotación volátil,2.09147935180345,1.2940286550176663,6.212567829457365,0.0017120134651349168,0.17773851595712836
HOME_&_GARDEN_1_077,2,Baja rotación volátil,4.93099843178254,1.073118713704213,8.11751461988304,0.0013741520075257012,0.16997399927179296
HOME_&_GARDEN_1_078,1,Básicos de alto volumen,6.240982749607945,0.6691513228465049,3.5482135261590813,0.00028395574918865557,0.06663238632666267
HOME_&_GARDEN_1_079,1,Básicos de alto volumen,10.008886565603763,0.8056941627416592,6.084760185662712,0.000943542476162508,0.1346039511001284
HOME_&_GARDEN_1_080,3,Nicho premium,4.163617354939885,1.222710591335875,12.558303571428572,0.0015784708142061131,0.1727891556048861
HOME_&_GARDEN_1_081,3,Nicho premium,3.8013591217982228,1.1364994609231824,10.234543478260871,0.0013846284354304714,0.12892634757154525
HOME_&_GARDEN_1_082,1,Básicos de alto volumen,11.092524830109776,0.662299124735635,4.35,0.0006831479535830257,0.08254610263107369
HOME_&_GARDEN_1_083,1,Básicos de alto volumen,66.96131730266598,0.38557511428947583,1.2215337643678161,-0.0003661598284988141,0.11562570246463387
HOME_&_GARDEN_1_085,3,Nicho premium,1.246732880292734,1.1804937222446528,20.69098115299335,0.00014758039832697575,0.13721269204307693
HOME_&_GARDEN_1_086,1,Básicos de alto volumen,19.742289597490853,0.677445087785037,6.155819583931133,-1.0326913086579235e-05,0.23834910865924522
HOME_&_GARDEN_1_087,1,Básicos de alto volumen,13.15473078933612,0.42170017306359436,5.398490143369176,-0.000343743673543936,0.08788453616022743
HOME_&_GARDEN_1_088,1,Básicos de alto volumen,6.894929430214323,0.5038547696812921,7.461084229390679,9.227229137196219e-05,0.05985669142545716
HOME_&_GARDEN_1_089,1,Básicos de alto volumen,3.507579717720857,0.7171463799648785,6.357497233493175,-0.0003370796828654042,0.10348901179302161
HOME_&_GARDEN_1_090,1,Básicos de alto volumen,27.80501829587036,0.9389787853453619,3.661565920990005,0.00018478565747876406,0.2077215938400184
HOME_&_GARDEN_1_091,3,Nicho premium,4.639832723470988,0.6671910062491924,8.688014626218852,-0.00047127290710615653,0.08908060493668006
HOME_&_GARDEN_1_092,2,Baja rotación volátil,1.2634605331939361,1.28466430745766,2.105509385999218,1.7545835439181782e-05,0.2377204924839249
HOME_&_GARDEN_1_093,2,Baja rotación volátil,6.221118661787768,1.0894013624918566,4.939678975382568,0.0015506966281275626,0.18573879477393979
HOME_&_GARDEN_1_094,1,Básicos de alto volumen,10.983272347098797,0.9090635733348821,4.497260579064587,0.00023176280097710064,0.14421328732078195
HOME_&_GARDEN_1_095,1,Básicos de alto volumen,4.728175640355462,0.5509051441815103,7.635839632829372,0.00019814788386444607,0.040833717117388604
HOME_&_GARDEN_1_096,1,Básicos de alto volumen,38.38473601672765,0.8506214428146786,4.5416419719827585,0.0010642780298259428,0.18263465483722427
HOME_&_GARDEN_1_097,1,Básicos de alto volumen,5.708834291688447,0.6097360004378339,4.997549283154122,-0.0004155061038119522,0.11346280001464248
HOME_&_GARDEN_1_098,2,Baja rotación volátil,2.066910611604809,1.8402948786515994,9.975,0.002316174277561934,0.24896824346009183
HOME_&_GARDEN_1_099,1,Básicos de alto volumen,5.633559853633037,0.6241630162684478,2.957888532629197,5.342090877105243e-05,0.05804782692104375
HOME_&_GARDEN_1_100,1,Básicos de alto volumen,10.895974908520648,0.4920201564980101,10.038719512195122,-0.0004157044741398434,0.03731763451881172
HOME_&_GARDEN_1_101,1,Básicos de alto volumen,7.759017250392055,0.529921161381525,2.95716606498195,5.110877675354847e-05,0.07862543070722217
HOME_&_GARDEN_1_102,3,Nicho premium,4.067956089911134,1.41607388179404,22.39400744960561,0.001981037363052751,0.14901321665127587
HOME_&_GARDEN_1_103,1,Básicos de alto volumen,10.625196027182437,0.7990009278788915,6.102074115044248,0.00026586340063866035,0.1632807280866661
HOME_&_GARDEN_1_104,2,Baja rotación volátil,0.7543125980135912,1.5981296148583435,3.7125,0.0014005311220720254,0.2128630313748674
HOME_&_GARDEN_1_105,1,Básicos de alto volumen,6.053842132775745,0.6273386585268973,5.052090075512406,-0.00037519210340027857,0.14137042412302964
HOME_&_GARDEN_1_106,2,Baja rotación volátil,15.49607945635128,1.4980773664403884,11.349374460742018,0.0020605786498764447,0.2048076758309569
HOME_&_GARDEN_1_107,1,Básicos de alto volumen,11.279142707788813,0.7234344357881363,4.35,0.0008942534637370446,0.1437968292120896
HOME_&_GARDEN_1_108,3,Nicho premium,1.5441714584422372,0.8940885964362183,6.064870689655172,-0.00023904283247053315,0.10411670691194938
HOME_&_GARDEN_1_109,1,Básicos de alto volumen,15.913225300575013,0.4415904906050717,4.694377240143369,-0.0001864276499248433,0.13210178708217565
HOME_&_GARDEN_1_110,1,Básicos de alto volumen,76.69576581285938,0.8263772765803655,4.541370967741936,0.0009497115488910987,0.10251910504100639
HOME_&_GARDEN_1_112,1,Básicos de alto volumen,13.81913225300575,0.5482971230594595,3.7125000000000004,-9.110350054657905e-05,0.1321106036034423
HOME_&_GARDEN_1_113,2,Baja rotación volátil,7.352326189231573,1.1733523504720271,7.3667602377807135,0.0015666807557729926,0.21429630027238
HOME_&_GARDEN_1_114,1,Básicos de alto volumen,37.91165708311553,0.45668256594322815,1.2123696512046027,-0.00040959417767478666,0.1054673130866223
HOME_&_GARDEN_1_115,3,Nicho premium,3.001045478306325,1.1416515982213449,6.192076837416482,0.00019333009139892236,0.21585465720909586
HOME_&_GARDEN_1_116,2,Baja rotación volátil,1.4218504966021954,1.8921156458207236,3.7095238095238097,0.0022163597226905083,0.2299210646327447
HOME_&_GARDEN_1_117,3,Nicho premium,4.374803972817564,0.9136429758190217,10.31796790479625,-0.00021119887439464247,0.2810798126035366
HOME_&_GARDEN_1_118,1,Básicos de alto volumen,62.49189754312598,0.36010286216443915,1.2125,-0.00012729194307738729,0.0548815908190535
HOME_&_GARDEN_1_119,1,Básicos de alto volumen,11.303711447987455,1.0257245261257564,4.4534797171566805,0.00037181993420080565,0.33630727368810787
HOME_&_GARDEN_1_120,1,Básicos de alto volumen,2.8233141662310506,0.7186991318860163,5.570073432704954,-0.00013740850489742836,0.16084048081628288
HOME_&_GARDEN_1_121,2,Baja rotación volátil,6.810768426555149,1.0444311439666285,3.095495296884186,0.0013794971985278707,0.2885425494870873
HOME_&_GARDEN_1_122,1,Básicos de alto volumen,17.840041819132253,0.5717339907119497,2.8274203307785397,7.441699035739004e-05,0.09718086569115779
HOME_&_GARDEN_1_123,3,Nicho premium,4.3413486670151595,1.1514037599357827,11.200723270440253,0.0012924595768159714,0.26921274435592935
HOME_&_GARDEN_1_124,1,Básicos de alto volumen,13.125457396759018,0.7763133586230844,4.992258780783205,-0.0002787762721828638,0.12705950661485357
HOME_&_GARDEN_1_125,1,Básicos de alto volumen,4.899634082592786,0.5421785351287833,7.155386765236207,2.424619769235837e-05,0.07460669812126634
HOME_&_GARDEN_1_126,3,Nicho premium,4.044955567171981,0.5965825128283846,10.947992970773214,-0.00011664872721067491,0.06478209374129609
HOME_&_GARDEN_1_127,3,Nicho premium,9.887088342916885,0.616116232303893,9.97295751633987,0.00046373728898448346,0.0922501673389856
HOME_&_GARDEN_1_128,1,Básicos de alto volumen,14.56926293779404,0.5928153754019335,3.34946421915766,0.00012584445160820996,0.2526994841997956
HOME_&_GARDEN_1_129,1,Básicos de alto volumen,13.807631991636173,0.43062060698216037,4.854220430107527,-3.1957020812226805e-05,0.06026137875229572
HOME_&_GARDEN_1_130,2,Baja rotación volátil,6.7663355985363305,1.0549401338654756,8.117165492957747,0.001459658802014022,0.14302650796887326
HOME_&_GARDEN_1_131,2,Baja rotación volátil,2.8630423418714064,1.8782780992811825,6.141682213930348,0.002350429030367095,0.28879311043364747
HOME_&_GARDEN_1_132,1,Básicos de alto volumen,15.110297961317302,0.5618207192428308,2.408363212621011,-0.0003379037114092318,0.13102259934393004
HOME_&_GARDEN_1_133,0,Estacionales volátiles,3.8515420805018294,1.7695454744443062,3.900063938618926,0.0009335801384207097,0.3901713337360629
HOME_&_GARDEN_1_134,1,Básicos de alto volumen,4.219027705175118,0.9302407884655906,5.057117498854788,0.0006289556200316996,0.15665709872582204
HOME_&_GARDEN_1_135,1,Básicos de alto volumen,9.313643491897544,0.7614119763056022,1.8500856898029137,0.0003946514765678549,0.11154778832440561
HOME_&_GARDEN_1_136,1,Básicos de alto volumen,8.226868792472557,1.1780781301076226,5.386344086021506,-0.0004337170199276566,0.31672193762759715
HOME_&_GARDEN_1_137,2,Baja rotación volátil,1.076842655514898,2.0740810745520166,16.201995056497175,0.0023409288608695258,0.3145590624810788
HOME_&_GARDEN_1_138,1,Básicos de alto volumen,10.772608468374282,0.5961159668830724,6.19289303661163,3.929305681819199e-05,0.19756485225152115
HOME_&_GARDEN_1_139,2,Baja rotación volátil,1.032932566649242,1.5017812384844582,6.225,0.0015537126251100083,0.2188327912575594
HOME_&_GARDEN_1_140,3,Nicho premium,10.936225823314166,0.5533821277899024,18.837324074074072,0.00023161047513150693,0.10651084823132374
HOME_&_GARDEN_1_141,1,Básicos de alto volumen,14.23366440146367,0.46520639659992163,2.2403270609318997,-2.645840297931749e-05,0.10406658349477045
HOME_&_GARDEN_1_142,1,Básicos de alto volumen,8.948771562990068,0.8528770985608336,7.48257690368129,0.0009007744501854919,0.13417921122523407
HOME_&_GARDEN_1_143,1,Básicos de alto volumen,12.810245687401986,1.0762664682230196,2.4625,0.0012964336247512078,0.14606499801265121
HOME_&_GARDEN_1_144,3,Nicho premium,3.3889179299529535,1.4483678266260354,3.6632179675994108,-0.0006104259898402211,0.252097747896465
HOME_&_GARDEN_1_145,0,Estacionales volátiles,11.383167799268165,1.1235696638434585,2.5493189964157708,-0.0003739004459745147,0.6332273391841934
HOME_&_GARDEN_1_146,1,Básicos de alto volumen,8.955567171981182,0.6038700982831054,7.57956541218638,-0.00048277554663001183,0.13996113477443273
HOME_&_GARDEN_1_147,1,Básicos de alto volumen,19.66074228959749,0.6588882823117697,1.501442652329749,0.0005452819051906684,0.12872905395936873
HOME_&_GARDEN_1_148,0,Estacionales volátiles,2.1662310507056977,2.2379187850181883,7.328634598792063,0.0019287840557318265,0.6761458216921441
HOME_&_GARDEN_1_149,1,Básicos de alto volumen,23.333507579717722,0.5305164872840362,1.2126703119397633,-0.0003892972399352858,0.15422420090265618
HOME_&_GARDEN_1_150,3,Nicho premium,2.0601150026136956,1.016465103772614,15.298714897667777,0.00039271194079834327,0.40246005482265346
HOME_&_GARDEN_1_151,1,Básicos de alto volumen,50.79142707788813,0.4636718110900774,1.1577957503828484,-5.5931652603958785e-05,0.1429310398897688
HOME_&_GARDEN_1_152,2,Baja rotación volátil,1.3533716675378986,1.4635314315802042,12.444618913196893,0.0017152364250970558,0.17951936505517668
HOME_&_GARDEN_1_153,1,Básicos de alto volumen,10.760585467851541,0.9340162046754309,2.4624999999999995,0.001263061198331052,0.09532052092251742
HOME_&_GARDEN_1_154,1,Básicos de alto volumen,3.314688970203868,1.0464541686006061,4.0600727117194175,0.00013530207327079225,0.16029533542379737
HOME_&_GARDEN_1_155,1,Básicos de alto volumen,4.396759017250392,0.6755035525671731,4.337322842851188,0.0003570648576164417,0.073760081522057
HOME_&_GARDEN_1_156,2,Baja rotación volátil,5.762676424464193,1.761232579576754,3.4125,0.0022469871244551864,0.3461836453184958
HOME_&_GARDEN_1_157,0,Estacionales volátiles,8.050182958703607,1.0517686372399528,5.430691056910569,5.914472851553943e-06,0.7680133295382784
HOME_&_GARDEN_1_158,1,Básicos de alto volumen,5.546262415054888,0.709274898721934,4.417263215859031,0.000567413584243951,0.06033569699660179
HOME_&_GARDEN_1_159,2,Baja rotación volátil,1.328280188186095,2.2661489064496996,9.9125,0.0025156084383939595,0.1913786376466742
HOME_&_GARDEN_1_160,3,Nicho premium,5.63617354939885,1.2474190293043501,12.920883922001472,0.0004174854410687276,0.3919491050253952
HOME_&_GARDEN_1_161,3,Nicho premium,2.0705697856769474,1.2801484606237232,15.731057510999372,0.0014112483918001142,0.17601509406690316
HOME_&_GARDEN_1_162,1,Básicos de alto volumen,11.79665446941976,0.48669481589842845,7.036526032315978,0.00011530338058546656,0.05630098097996272
HOME_&_GARDEN_1_163,2,Baja rotación volátil,0.803450078410873,1.6714250638449666,12.47232014388489,0.0016326126811328696,0.1390637703985068
HOME_&_GARDEN_1_164,2,Baja rotación volátil,4.952430737062206,1.3721138114627107,3.5967850915431567,0.001896781847819622,0.10337201197734526
HOME_&_GARDEN_1_165,3,Nicho premium,7.048614741244119,0.7846573007839929,22.432581411126186,0.0008123469546683438,0.08222831597523245
HOME_&_GARDEN_1_166,1,Básicos de alto volumen,6.085729221118662,0.849381169139258,6.187456830391405,-5.11132451960034e-05,0.18077699980559864
HOME_&_GARDEN_1_167,1,Básicos de alto volumen,5.8416100365917405,0.8278471345263159,3.523097826086957,0.000425840852539693,0.11753522688498641
HOME_&_GARDEN_1_168,1,Básicos de alto volumen,8.818086774699426,0.7265552403204555,3.684450249886415,0.0003995781683986084,0.13839516009118225
HOME_&_GARDEN_1_169,1,Básicos de alto volumen,21.424986931521172,0.857584084312662,3.700476992143659,0.0007349313510706001,0.08450023928745119
HOME_&_GARDEN_1_170,1,Básicos de alto volumen,8.428646105593309,0.7037164206376488,2.4520422212023862,0.0008120623310631413,0.06778201658345197
HOME_&_GARDEN_1_171,3,Nicho premium,8.941453214845792,0.73694971381001,11.206419376693768,0.00045199828091707883,0.064508147533428
HOME_&_GARDEN_1_172,0,Estacionales volátiles,4.1259801359121795,1.5262594664005393,2.463812544045102,0.0016025294691679932,0.48940225858051645
HOME_&_GARDEN_1_173,1,Básicos de alto volumen,30.038682697334032,0.48869521100910807,1.2125,0.00031233839551081155,0.07194390015812975
HOME_&_GARDEN_1_174,0,Estacionales volátiles,2.6016727652901204,1.3931013919484474,7.214754942339374,-4.5322661654715965e-05,0.6940662921675458
HOME_&_GARDEN_1_175,1,Básicos de alto volumen,7.030318870883429,0.8195452740688294,6.071885127835794,-0.00017730463097856086,0.14684305029044337
HOME_&_GARDEN_1_176,1,Básicos de alto volumen,8.00627286983795,0.49972194456248525,4.859997274709302,-0.00037931428074591676,0.06949498730181115
HOME_&_GARDEN_1_177,1,Básicos de alto volumen,20.799790904338735,0.6644851123301238,9.352150537634408,-8.000293338402817e-05,0.08835981484251433
HOME_&_GARDEN_1_178,1,Básicos de alto volumen,3.9733403031887087,0.6675067000162168,5.543214413768376,-0.0003276737372048777,0.09109818961908538
HOME_&_GARDEN_1_179,1,Básicos de alto volumen,58.54939884997386,0.48461503539350237,1.1967249103942652,6.900497681199539e-05,0.15630302111658756
HOME_&_GARDEN_1_180,1,Básicos de alto volumen,10.711970726607422,0.770819485285738,3.662074209245742,0.0010031575763083766,0.1067179609618035
HOME_&_GARDEN_1_181,1,Básicos de alto volumen,5.916884474647151,0.5315317640842241,5.054847670250896,2.0643778127097e-05,0.12088698451451695
HOME_&_GARDEN_1_182,1,Básicos de alto volumen,5.7370622059592264,0.8244228962177212,5.245570301291249,0.000658548621699222,0.10630487124096966
HOME_&_GARDEN_1_183,3,Nicho premium,4.1881860951385255,1.073510399631132,5.972856668143553,-0.0002982685930967664,0.17916075224464584
HOME_&_GARDEN_1_184,3,Nicho premium,7.163094615786722,1.0851594883208582,15.030098566308244,0.0001494308929491182,0.3826480996242877
HOME_&_GARDEN_1_185,2,Baja rotación volátil,6.1944589649764765,1.258115507744944,3.5624609679937556,0.0018112085941997041,0.0651897267429237
HOME_&_GARDEN_1_186,1,Básicos de alto volumen,20.189754312598012,0.7456301065250971,3.9012280387235565,-3.750556758979791e-05,0.10316334904846865
HOME_&_GARDEN_1_187,2,Baja rotación volátil,1.396759017250392,1.7815903599048748,8.10303766707169,0.0022217516377902504,0.19687761604784715
HOME_&_GARDEN_1_188,1,Básicos de alto volumen,11.231050705697857,0.5598593992743723,4.992635189669088,0.00018652804235965516,0.09206349562695443
HOME_&_GARDEN_1_189,0,Estacionales volátiles,2.0909566126502876,1.7742810152502135,6.842350403817915,8.478295798848376e-05,0.9202008789143662
HOME_&_GARDEN_1_190,2,Baja rotación volátil,2.4621014113957136,1.5463073706132289,6.182606427378966,0.00204132687855315,0.1714654522000416
HOME_&_GARDEN_1_191,1,Básicos de alto volumen,35.76738107684265,0.7345954391219681,4.049632616487455,0.00019243399886454416,0.189871554924095
HOME_&_GARDEN_1_192,1,Básicos de alto volumen,4.699424986931521,0.5262547442231416,4.540313620071685,-0.00024202896852800913,0.06696264803932059
HOME_&_GARDEN_1_193,2,Baja rotación volátil,5.672242550967067,1.5310598541346712,3.025,0.0018102990184382392,0.12987534714343846
HOME_&_GARDEN_1_194,1,Básicos de alto volumen,8.747516989022477,0.7085978483502033,6.2250000000000005,0.0007419797107656109,0.065416139088504
HOME_&_GARDEN_1_195,3,Nicho premium,2.89022477783586,0.9255129919458246,4.848833746898263,0.000792417759118357,0.12395527681658644
HOME_&_GARDEN_1_196,1,Básicos de alto volumen,21.48771562990068,0.44766358802603823,2.408826164874552,-0.00024852020040701527,0.1222371723205628
HOME_&_GARDEN_1_197,1,Básicos de alto volumen,14.421327757449033,0.3901747307022866,6.07937724014337,-0.0001986805053183145,0.05048331812054867
HOME_&_GARDEN_1_198,1,Básicos de alto volumen,57.34030318870884,0.32542053883858957,1.221750269687163,-0.00010576351939920356,0.07785541677215603
HOME_&_GARDEN_1_199,2,Baja rotación volátil,1.680083638264506,1.2661603496866591,2.1076563729346973,-4.7931228982747855e-05,0.1745822615448167
HOME_&_GARDEN_1_200,1,Básicos de alto volumen,3.7041296393099845,0.8998137557011487,2.4883540009358915,0.0009964562735153351,0.10126736485920865
HOME_&_GARDEN_1_201,2,Baja rotación volátil,1.753267119707266,2.2213577801903295,6.05,0.0024712136076481634,0.22281431380038905
HOME_&_GARDEN_1_202,1,Básicos de alto volumen,14.84161003659174,0.9902798819664632,2.474232796032238,0.0013541852159878196,0.12467937158993339
HOME_&_GARDEN_1_203,1,Básicos de alto volumen,8.088342916884475,0.7097435945936518,6.193278556034484,-0.00021351331889542065,0.17697904183521437
HOME_&_GARDEN_1_204,1,Básicos de alto volumen,9.491374803972818,0.7327103237572643,2.3534735623311462,0.0006245626708822859,0.13306539158999414
HOME_&_GARDEN_1_205,1,Básicos de alto volumen,14.137480397281756,0.5439793313434204,7.448473404255319,0.00020617013312542416,0.22141117052195056
HOME_&_GARDEN_1_206,3,Nicho premium,3.445896497647674,0.7584081181888831,6.094505740940079,8.837536434349786e-05,0.3147213858781388
HOME_&_GARDEN_1_207,3,Nicho premium,4.376372190277052,0.795315273172493,9.918951002648507,-0.00029224075529897515,0.47034960961978844
HOME_&_GARDEN_1_208,2,Baja rotación volátil,4.003659174072138,2.039442302226306,1.168063909774436,0.0024519787368488546,0.16236935706201033
HOME_&_GARDEN_1_209,0,Estacionales volátiles,1.350235232618923,2.2078037447151093,4.4273874695863755,0.002139662183262691,0.6532476531853404
HOME_&_GARDEN_1_210,0,Estacionales volátiles,3.846314688970204,1.182735882934393,5.750973081120407,-0.00038853034592715925,0.6788590179562225
HOME_&_GARDEN_1_211,1,Básicos de alto volumen,5.16257187663356,0.6347919024259515,4.842572658772875,4.36712038075803e-06,0.10576445064963202
HOME_&_GARDEN_1_212,1,Básicos de alto volumen,8.878724516466283,0.7172735144593693,5.764033111285267,0.0008484618154807171,0.17476590951496584
HOME_&_GARDEN_1_213,2,Baja rotación volátil,3.154730789336121,1.6317473529289108,5.6000000000000005,0.0021619154374063485,0.12986339906265984
HOME_&_GARDEN_1_214,1,Básicos de alto volumen,22.996340825927863,0.9675255454230606,2.24021951901566,0.0013991099564471744,0.2103806834650434
HOME_&_GARDEN_1_215,1,Básicos de alto volumen,10.50392054364872,0.41765533893789153,2.7508189344852414,0.0001885788294863306,0.06980470813896833
HOME_&_GARDEN_1_216,2,Baja rotación volátil,0.5546262415054888,2.055316812798181,14.9625,0.0020938118237864723,0.19337426135329566
HOME_&_GARDEN_1_217,2,Baja rotación volátil,9.346576058546786,1.0527142421123663,2.3605389221556887,0.0010378314503517003,0.30421533381071864
HOME_&_GARDEN_1_218,1,Básicos de alto volumen,11.649242028227913,0.7940434214624172,2.421703437660339,0.0009514701613526187,0.13450587194751001
HOME_&_GARDEN_1_219,3,Nicho premium,6.605854678515421,0.8982326114237512,8.288590801886794,0.0004767862016691287,0.291643862892759
HOME_&_GARDEN_1_220,2,Baja rotación volátil,9.539989545216937,1.0159728611497882,2.3605042016806723,0.0012088887922634655,0.2820914621118314
HOME_&_GARDEN_1_221,3,Nicho premium,2.606900156821746,1.4025952923229703,15.123060344827586,0.0017912096562222436,0.1142427611312667
HOME_&_GARDEN_1_222,3,Nicho premium,10.968635650810246,1.2237688479117717,12.910233113069015,0.0004001888019917386,0.3879205222081634
HOME_&_GARDEN_1_223,3,Nicho premium,5.6126502875065345,0.9028588472754726,11.829142944286295,-0.00017276669456345466,0.3338983198340057
HOME_&_GARDEN_1_224,3,Nicho premium,6.222164140094093,0.855563895307388,10.333749102656139,-6.982918546904607e-05,0.324467983116612
HOME_&_GARDEN_1_225,1,Básicos de alto volumen,19.726084683742812,0.7897256504953206,2.090798704803022,0.0008892214942676015,0.08138817134699175
HOME_&_GARDEN_1_226,2,Baja rotación volátil,6.588081547307893,1.339313715803137,3.7012500000000004,0.0018167090727656534,0.1176170015181928
HOME_&_GARDEN_1_227,2,Baja rotación volátil,4.385781495033978,1.7770306364456285,3.4125,0.0022253956343411935,0.2838713700074298
HOME_&_GARDEN_1_228,3,Nicho premium,4.408259278619969,0.6330931572077443,11.697991313789359,-8.45673315515164e-05,0.14266463909624214
HOME_&_GARDEN_1_229,1,Básicos de alto volumen,2.6299006795608992,0.8703753147271629,3.5954352637403173,-0.0001324626601022168,0.2699956500009452
HOME_&_GARDEN_1_230,1,Básicos de alto volumen,4.979613173026659,0.7717268514808743,4.070645161290322,-0.0008500161770022602,0.10399332434640282
HOME_&_GARDEN_1_231,2,Baja rotación volátil,2.362258233141662,1.502049920193714,3.7143767377201113,0.0018630504271550659,0.08636750260824662
HOME_&_GARDEN_1_232,1,Básicos de alto volumen,5.2435964453737585,0.8181389600762418,5.067483959670028,0.0006083150993609715,0.17667806496111013
HOME_&_GARDEN_1_233,0,Estacionales volátiles,2.9555671719811816,1.7538485287889163,14.186234491315137,0.0007302403846102542,0.6027101476715053
HOME_&_GARDEN_1_234,1,Básicos de alto volumen,63.71981181390486,0.37352926598051783,1.2125,-0.0003638464891743029,0.04646792623719718
HOME_&_GARDEN_1_235,1,Básicos de alto volumen,27.559330893883953,0.5117316508191764,4.391845216106391,-0.0002011299653713474,0.3381245624644881
HOME_&_GARDEN_1_236,1,Básicos de alto volumen,21.307370622059594,0.5614555825806006,3.1520465200144248,0.00011715561553587405,0.1269951604754788
HOME_&_GARDEN_1_237,0,Estacionales volátiles,1.3805541035023523,2.0964891755373687,7.345783433133732,0.0020436251788722684,0.4464450699799069
HOME_&_GARDEN_1_238,2,Baja rotación volátil,6.18504966021955,1.0752309394289121,3.0925996483001175,0.001332318719954611,0.27224923037254967
HOME_&_GARDEN_1_239,2,Baja rotación volátil,2.9973863042341873,1.397545600464817,4.953449394463668,0.0019073308587060085,0.11504717079176477
HOME_&_GARDEN_1_241,3,Nicho premium,6.019341348667015,0.7538036985915242,9.924459244080147,0.000647771339487645,0.09126494598371566
HOME_&_GARDEN_1_242,2,Baja rotación volátil,1.0407736539466805,2.4734442202017504,6.080896226415095,0.002603689754826007,0.37827321747553533
HOME_&_GARDEN_1_243,1,Básicos de alto volumen,22.975953998954523,0.35341902062380814,2.4625,-2.5289011399661988e-05,0.06743411487253506
HOME_&_GARDEN_1_244,2,Baja rotación volátil,2.7506534239414533,1.407975441004894,3.9666546762589925,0.0017018620278568023,0.1871389723171941
HOME_&_GARDEN_1_245,2,Baja rotación volátil,4.555671719811814,1.7494413692113746,3.222191629955947,0.0022076298154786113,0.22377200098915304
HOME_&_GARDEN_1_246,0,Estacionales volátiles,6.447987454260324,2.0914013636652764,4.975,0.0024578443135542275,0.4734480536191477
HOME_&_GARDEN_1_247,1,Básicos de alto volumen,32.04391008886566,0.3774695023841592,1.2125,2.1268629722786198e-05,0.07613469653355706
HOME_&_GARDEN_1_248,3,Nicho premium,5.889702038682698,0.802032797516444,11.19853903429603,0.0003306450183364962,0.05983909087899894
HOME_&_GARDEN_1_249,3,Nicho premium,6.817564035546263,0.9667070734375935,9.9625,0.0012756094217498634,0.09008436019186301
HOME_&_GARDEN_1_250,2,Baja rotación volátil,1.019341348667015,1.5213681763560964,3.3500000000000005,0.0016443487739116077,0.11788996582112321
HOME_&_GARDEN_1_251,1,Básicos de alto volumen,17.131730266596968,0.4023906635362465,2.4748491630984817,-0.0003208929580174075,0.04697719287961522
HOME_&_GARDEN_1_252,3,Nicho premium,2.869315211709357,0.898684879922307,11.82443232413179,0.0007459571328130314,0.1535388790974682
HOME_&_GARDEN_1_253,0,Estacionales volátiles,1.5535807631991636,2.190276014102278,4.424139492753624,0.0021603293448770673,0.6385199205300162
HOME_&_GARDEN_1_254,1,Básicos de alto volumen,27.051751176163094,1.0232292445430606,1.2197886716503739,0.0015664092006234742,0.15989125433462867
HOME_&_GARDEN_1_255,3,Nicho premium,4.111866178776791,0.6788171401805383,11.699501974156497,-0.00018956858580979595,0.12488936057639237
HOME_&_GARDEN_1_256,1,Básicos de alto volumen,8.751176163094616,0.6707464484341782,7.3536021505376326,9.88639029733793e-06,0.1286556728162285
HOME_&_GARDEN_1_257,2,Baja rotación volátil,4.915838996340826,1.181305789844725,6.468459397511461,0.0015710642399718489,0.18574879916655643
HOME_&_GARDEN_1_258,2,Baja rotación volátil,0.6790381599581808,1.61833044602175,3.7111491108071135,0.0014099621031759433,0.2118184459680174
HOME_&_GARDEN_1_259,3,Nicho premium,9.96759017250392,0.5447020933961525,12.133172043010754,0.00024198745332552015,0.09586352247021483
HOME_&_GARDEN_1_260,2,Baja rotación volátil,0.7250392054364871,1.6394064946219535,3.7125,0.001396805808757296,0.24145922375494971
HOME_&_GARDEN_1_261,3,Nicho premium,2.0616832200731836,0.9603109168649738,7.494922737306842,0.0010409526806648916,0.11884809823357308
HOME_&_GARDEN_1_262,1,Básicos de alto volumen,22.769994772608467,0.9994536435521135,1.2125,0.0012251956181274003,0.1060391052954651
HOME_&_GARDEN_1_263,3,Nicho premium,1.8661787767903817,1.1679794448296674,9.458689248895434,0.0006580627030523912,0.1811794734202918
HOME_&_GARDEN_1_264,2,Baja rotación volátil,1.0559330893883951,1.5890313227522634,9.066756134969326,0.001701124339818198,0.16851969029202318
HOME_&_GARDEN_1_265,1,Básicos de alto volumen,6.98588604286461,0.5372867124485762,5.584029770444764,-0.0003736033537784202,0.03264018116001496
HOME_&_GARDEN_1_266,2,Baja rotación volátil,3.5023523261892318,1.5504843394787668,1.2522727272727272,0.0021423189270003383,0.14967060614791014
HOME_&_GARDEN_1_267,0,Estacionales volátiles,2.447987454260324,1.4903900123472682,12.150853610675039,0.0012940227867897342,0.47827521939926104
HOME_&_GARDEN_1_268,3,Nicho premium,8.152117093570308,0.5685141836881277,10.419884325681492,-0.00022471728765096697,0.11900221972241083
HOME_&_GARDEN_1_269,1,Básicos de alto volumen,6.2660742289597495,0.644107935842281,3.7090465328467155,-0.0005036117883450918,0.09353363462471874
HOME_&_GARDEN_1_270,3,Nicho premium,4.593831677992681,0.6259883340031579,12.42491797302224,8.99548038015211e-05,0.14303721174838754
HOME_&_GARDEN_1_271,2,Baja rotación volátil,1.7124934657605855,1.396158289216736,3.7241689280868386,0.001512355492661365,0.2626457976564487
HOME_&_GARDEN_1_272,1,Básicos de alto volumen,27.623627809722947,0.5754586099224942,12.441370967741937,-0.000370585242268026,0.17564861840708512
HOME_&_GARDEN_1_274,2,Baja rotación volátil,0.9142707788813382,2.620369376574542,6.1639430284857575,0.002592329524948605,0.4590438352071623
HOME_&_GARDEN_1_275,1,Básicos de alto volumen,15.255619445896498,0.465267252189809,3.7125,7.076956070684902e-05,0.0929399504154123
HOME_&_GARDEN_1_276,3,Nicho premium,1.7987454260324098,0.8392781137114851,21.44081662735849,7.039482444511746e-05,0.11994720569865695
HOME_&_GARDEN_1_277,1,Básicos de alto volumen,56.108729743857815,0.8445779079677727,1.2204866270430905,0.0006391054095995418,0.15402762410069365
HOME_&_GARDEN_1_278,3,Nicho premium,3.7187663355985365,0.5507610269419229,7.727491813344248,0.0001531891547746048,0.059126265504176545
HOME_&_GARDEN_1_279,1,Básicos de alto volumen,11.095138525875589,0.6602155634842874,1.212568656169901,0.0001911192004759441,0.12000675821256425
HOME_&_GARDEN_1_280,1,Básicos de alto volumen,5.893361212754836,0.8021969692100337,6.2125,0.0008885317510042225,0.09099939735790251
HOME_&_GARDEN_1_281,3,Nicho premium,4.577626764244642,0.8272849479219392,6.140857438016529,0.0002765874212995841,0.239179719364885
HOME_&_GARDEN_1_282,1,Básicos de alto volumen,7.638787245164663,0.7602721505241462,4.852299128751209,0.0007059154288889066,0.1346317294303796
HOME_&_GARDEN_1_283,2,Baja rotación volátil,9.555148980658652,1.339981717005413,1.8499901185770753,0.0020166721928570677,0.1140997241900893
HOME_&_GARDEN_1_284,2,Baja rotación volátil,4.2435964453737585,1.3659447767572128,6.186816546762591,0.001816404686867446,0.11069385005815008
HOME_&_GARDEN_1_285,1,Básicos de alto volumen,17.112911657083117,0.6639671789334248,3.432439678284182,0.0004101986604867046,0.0709042686939905
HOME_&_GARDEN_1_286,2,Baja rotación volátil,1.2226868792472556,1.9641387221341073,6.087840136054421,0.0023258991863064414,0.28744334316470843
HOME_&_GARDEN_1_287,1,Básicos de alto volumen,10.852064819654991,0.6034965486174076,5.772222222222221,-0.0001239199931845772,0.14332333370011
HOME_&_GARDEN_1_288,3,Nicho premium,5.139048614741244,0.8099616743340518,10.157023224653864,0.0005073981688337231,0.13101009224599325
HOME_&_GARDEN_1_289,1,Básicos de alto volumen,7.887611082070047,0.5288779730699797,6.373082963784183,1.782314151374259e-05,0.08611706127327144
HOME_&_GARDEN_1_290,3,Nicho premium,6.9200209095661265,0.7992677566220847,12.330361184458694,0.0008576702285733546,0.23728825957152117
HOME_&_GARDEN_1_291,1,Básicos de alto volumen,9.2681651855724,0.7383869400467435,4.613633225954901,0.0008766130434797723,0.10718079284158333
HOME_&_GARDEN_1_292,1,Básicos de alto volumen,12.192890747516989,0.7696382802035917,8.28012517713746,0.0004293837335611997,0.16081727457559425
HOME_&_GARDEN_1_293,2,Baja rotación volátil,3.7307893361212754,1.9389993854477174,15.459307824591573,0.0017722477631747224,0.37099884368662067
HOME_&_GARDEN_1_294,1,Básicos de alto volumen,37.0726607422896,0.36791890739517874,2.4760700036271306,0.00036567319480491147,0.03568948039317179
HOME_&_GARDEN_1_295,1,Básicos de alto volumen,5.819654992158913,0.5857325832653862,3.725,0.0001782694332900797,0.06995538074917473
HOME_&_GARDEN_1_296,2,Baja rotación volátil,1.9106116048092001,1.483554450245251,6.170111972437554,0.0018386077226383304,0.10633090616497379
HOME_&_GARDEN_1_297,0,Estacionales volátiles,1.111343439623628,1.9901683852380259,9.93699518340126,-0.0007775295853127419,1.0319259120486322
HOME_&_GARDEN_1_298,1,Básicos de alto volumen,4.536330371144799,0.8908277499657271,4.529384370740572,0.0009464504848148361,0.16228348905246176
HOME_&_GARDEN_1_299,2,Baja rotación volátil,4.404077365394668,1.3748323495075032,6.233697780678851,0.0014622629778123929,0.36800607481028086
HOME_&_GARDEN_1_300,2,Baja rotación volátil,0.5912179822268688,2.124457391175242,6.091448135198135,0.002275623354583946,0.2979202825382361
HOME_&_GARDEN_1_301,1,Básicos de alto volumen,6.913748039728175,0.8775202923472603,6.09862962962963,0.001003622983302332,0.1596561060444001
HOME_&_GARDEN_1_302,3,Nicho premium,2.640878201777313,1.0535909717284868,10.493390538033395,3.239742233817193e-05,0.2585765954933513
HOME_&_GARDEN_1_303,1,Básicos de alto volumen,77.79299529534762,0.5337294364488858,1.1970633905736205,4.943575813483579e-05,0.18213220818665313
HOME_&_GARDEN_1_304,1,Básicos de alto volumen,39.613173026659695,0.8020564802355331,2.6069429494079657,0.0008691292332021732,0.09945267307576884
HOME_&_GARDEN_1_305,1,Básicos de alto volumen,5.67276529012023,0.7442928595674206,3.713928269149386,0.0003435608211806942,0.10064606988410299
HOME_&_GARDEN_1_306,2,Baja rotación volátil,11.779404077365395,1.3758320735110756,2.4614373356704644,0.0019662398766421723,0.13922705701786106
HOME_&_GARDEN_1_307,2,Baja rotación volátil,7.645582854155776,1.437973194497711,3.6006806395851343,0.0020408274886946414,0.17997231772441913
HOME_&_GARDEN_1_308,2,Baja rotación volátil,0.8186095138525875,2.360311320782109,8.663068181818183,0.0025518808802556486,0.18548878166109578
HOME_&_GARDEN_1_309,3,Nicho premium,2.9895452169367487,0.7473282292189334,8.497768817204301,-0.0002937137760339076,0.06879953127416961
HOME_&_GARDEN_1_310,1,Básicos de alto volumen,17.58337689492943,0.6752599355544272,9.365685483870967,0.00016122266119710763,0.08326498906390155
HOME_&_GARDEN_1_311,2,Baja rotación volátil,2.6314688970203868,1.587989843246475,4.868424287118978,0.0020096447083456266,0.15954651470063397
HOME_&_GARDEN_1_312,1,Básicos de alto volumen,4.141662310507057,0.664973666082684,2.956866654302671,0.00015818735636372245,0.0974260817933798
HOME_&_GARDEN_1_313,1,Básicos de alto volumen,5.911657083115525,0.8395535021893941,5.252168458781362,0.00026470713696140124,0.10550804486379876
HOME_&_GARDEN_1_314,2,Baja rotación volátil,1.1615263983272348,1.9334593433307965,9.975,0.002320782700638605,0.32992112826837405
HOME_&_GARDEN_1_315,3,Nicho premium,2.152639832723471,1.1945851830930547,11.848168930891909,0.0010555908002650959,0.15158782920059696
HOME_&_GARDEN_1_316,1,Básicos de alto volumen,6.979090433873497,0.48465520939135526,4.958767921146954,0.00013189885582057852,0.059251779152375485
HOME_&_GARDEN_1_317,2,Baja rotación volátil,3.607945635128071,1.6486552150471785,2.397886647454371,0.0021649096339034805,0.3755883921156136
HOME_&_GARDEN_1_318,1,Básicos de alto volumen,18.16100365917407,0.701252436634872,3.6522838680926917,0.0006251921598496674,0.10741910909910315
HOME_&_GARDEN_1_319,1,Básicos de alto volumen,29.616832200731835,0.33293693691701964,2.4301816046259486,-0.000124054297840974,0.08131589335330325
HOME_&_GARDEN_1_320,2,Baja rotación volátil,2.4516466283324623,1.344225963781556,5.606339401820547,0.0015433888536992267,0.2811696418612042
HOME_&_GARDEN_1_321,1,Básicos de alto volumen,19.69053842132776,0.5245497941802879,3.7035899964144856,-6.587531183444507e-05,0.13876739610679756
HOME_&_GARDEN_1_322,2,Baja rotación volátil,4.624150548876111,1.3899214447398438,3.569377200704226,0.0019205819137792885,0.1297352685509674
HOME_&_GARDEN_1_323,0,Estacionales volátiles,4.447987454260324,1.3774034805571327,6.148152487382841,-0.0005775107573293574,0.6847315431876979
HOME_&_GARDEN_1_324,1,Básicos de alto volumen,11.12388917929953,0.5113982627290405,7.384973118279569,2.0207611340887447e-05,0.1006804336320794
HOME_&_GARDEN_1_325,0,Estacionales volátiles,7.293256664924203,0.7997110824908262,4.375890889052167,-0.00027310525387325005,0.5922040248376427
HOME_&_GARDEN_1_326,1,Básicos de alto volumen,4.996863565081025,0.8268882477031558,6.074627200862379,-0.0003942643276073098,0.13237506256931905
HOME_&_GARDEN_1_327,1,Básicos de alto volumen,67.57030841610036,0.5233046487823694,1.1962005395683453,-2.9992498855518858e-05,0.19559748640588093
HOME_&_GARDEN_1_328,2,Baja rotación volátil,11.68897020386827,1.3569619284361956,5.892321428571429,0.0019002786198581798,0.08847067385382147
HOME_&_GARDEN_1_329,1,Básicos de alto volumen,7.393099843178254,0.8492276005109491,6.193562472010748,0.000772935354335004,0.21720570132806416
HOME_&_GARDEN_1_330,2,Baja rotación volátil,4.169367485624673,1.451610281664051,3.02344298245614,0.0019461556026008798,0.09242539954697855
HOME_&_GARDEN_1_331,1,Básicos de alto volumen,10.043910088865657,0.6681993299883486,6.067571684587813,-0.000659312121938408,0.1282633617532758
HOME_&_GARDEN_1_332,2,Baja rotación volátil,1.550444328280188,1.5745785317856449,12.176559233449478,0.001196212514273708,0.35752315362982984
HOME_&_GARDEN_1_333,1,Básicos de alto volumen,5.72556194458965,0.7060598990781147,3.6873344370860925,-0.0005325825850763115,0.08734106016969652
HOME_&_GARDEN_1_334,1,Básicos de alto volumen,89.5321484579195,0.7723085164361015,1.2206235011990407,0.0006397075429503236,0.12486501826806849
HOME_&_GARDEN_1_335,3,Nicho premium,2.0726607422895973,1.1008959871940474,11.199406332453826,0.0010419810492423203,0.21729863172018188
HOME_&_GARDEN_1_336,1,Básicos de alto volumen,7.4589649764767385,0.6552935883662266,6.0875,0.00040296412289452557,0.06714968884300858
HOME_&_GARDEN_1_337,3,Nicho premium,1.942498693152117,1.0494474954624722,6.2096884498480245,0.0008533555899145882,0.12946954256092538
HOME_&_GARDEN_1_338,2,Baja rotación volátil,13.031364349189754,1.0310721466157313,4.943843404808317,0.0015197120289086017,0.11579134703019243
HOME_&_GARDEN_1_339,1,Básicos de alto volumen,60.351803450078414,0.8195791662966695,1.2204826732673266,0.0007084536011281572,0.13073616583373462
HOME_&_GARDEN_1_340,3,Nicho premium,2.362258233141662,0.8052255606778046,6.198653984206748,-0.0002993355537858238,0.05652684164038634
HOME_&_GARDEN_1_341,1,Básicos de alto volumen,5.4553058024046,0.7622159963526463,6.064751090836969,0.0002875324459436789,0.13380420722941844
HOME_&_GARDEN_1_342,3,Nicho premium,4.476738107684265,1.3707309397157532,22.3932601205857,0.0018957260893623536,0.07655552892746974
HOME_&_GARDEN_1_343,1,Básicos de alto volumen,16.6382645060115,0.7052453081655349,6.160472730534625,-0.00016704040930306963,0.19065519347534587
HOME_&_GARDEN_1_344,1,Básicos de alto volumen,20.356508102456875,0.4593854373391481,9.955309139784946,-7.509126825434891e-05,0.1922408254713535
HOME_&_GARDEN_1_345,1,Básicos de alto volumen,10.146889702038683,0.5127757550688243,4.9180958781362,-0.00027656251369695287,0.10415886089228994
HOME_&_GARDEN_1_346,1,Básicos de alto volumen,5.1876633559853635,0.8500349754525324,5.057049125168237,0.0008761700477781796,0.22091708734449972
HOME_&_GARDEN_1_347,1,Básicos de alto volumen,14.349189754312597,0.42220083436483025,9.960469702402294,0.00018893866155279002,0.06724996367417357
HOME_&_GARDEN_1_348,1,Básicos de alto volumen,15.426032409827496,0.7844610011847486,2.432775590551181,0.0009546959053326731,0.09358362842884421
HOME_&_GARDEN_1_349,2,Baja rotación volátil,8.352848928384736,1.343104160638495,3.6870225694444443,0.0017882076076688902,0.09929903815785188
HOME_&_GARDEN_1_350,1,Básicos de alto volumen,12.178254051228437,0.5250794390252987,3.5618015239477505,-0.0003864185828716574,0.08933545156769393
HOME_&_GARDEN_1_351,1,Básicos de alto volumen,57.216414009409306,0.7618554292938072,1.2194803639846743,0.0006997836647759878,0.12956198018265788
HOME_&_GARDEN_1_353,1,Básicos de alto volumen,4.7370622059592264,0.6291822310349026,4.298434045689019,1.4941468566332937e-05,0.17869345183653157
HOME_&_GARDEN_1_354,1,Básicos de alto volumen,15.18086774699425,0.4793106988786845,2.4119444444444444,4.5696138383887226e-05,0.04698898210548901
HOME_&_GARDEN_1_355,3,Nicho premium,3.483533716675379,1.1628006906388866,10.232639279684863,0.0012257109661718598,0.10900114685921573
HOME_&_GARDEN_1_356,0,Estacionales volátiles,6.64035546262415,1.669769265545334,7.4417763157894745,0.001075842157132159,0.6374744659866691
HOME_&_GARDEN_1_357,3,Nicho premium,9.761108207004705,1.0353833724527484,15.02269831299354,-6.212033312361921e-06,0.31524948742362474
HOME_&_GARDEN_1_358,3,Nicho premium,5.19707266074229,1.0134299092201349,12.35588389121339,0.000747159563954165,0.1908910757086923
HOME_&_GARDEN_1_359,3,Nicho premium,6.631468897020387,1.005245032135496,8.488113565372602,0.0001621542413331336,0.1142485477392578
HOME_&_GARDEN_1_360,1,Básicos de alto volumen,3.515420805018296,0.6786860391275901,4.962370025098602,-0.00020735849911274792,0.09953032232725163
HOME_&_GARDEN_1_361,1,Básicos de alto volumen,14.128593831677993,0.81596857586725,2.318034889687019,0.0010845786280750437,0.10513178725782722
HOME_&_GARDEN_1_362,3,Nicho premium,4.316257187663356,0.5672474934785426,9.961155913978494,-5.998917238685519e-05,0.10249450503411624
HOME_&_GARDEN_1_363,2,Baja rotación volátil,3.416100365917407,1.0659955521864375,3.710085836909871,0.001306176472751755,0.16085966880208574
HOME_&_GARDEN_1_364,3,Nicho premium,5.969158389963408,0.6325333332829121,9.347780667144907,-0.0004325846995440809,0.14406791725210483
HOME_&_GARDEN_1_365,1,Básicos de alto volumen,6.790381599581809,0.48841753603483323,5.019847670250896,-0.00022950297827402155,0.049296938678605545
HOME_&_GARDEN_1_366,1,Básicos de alto volumen,24.04704652378463,0.9372796027077752,7.4444645006016845,-0.000422609271541404,0.36228844091900925
HOME_&_GARDEN_1_367,3,Nicho premium,2.197595399895452,0.844878293829974,4.9625,0.00026829842410561205,0.12393573194279253
HOME_&_GARDEN_1_368,3,Nicho premium,3.0167276529012024,0.7473794038772587,10.657782258064515,-7.854326342523023e-05,0.12403219876378908
HOME_&_GARDEN_1_369,1,Básicos de alto volumen,12.087820177731311,0.690772347532118,4.612347972972972,0.0006340643651415551,0.09261225916788443
HOME_&_GARDEN_1_370,1,Básicos de alto volumen,14.552012545739675,0.46819804141789,8.660694444444445,-8.208054546222171e-05,0.08663829198102847
HOME_&_GARDEN_1_371,2,Baja rotación volátil,3.1521170935703084,1.8195079219647745,6.075629496402879,0.002343511257604763,0.3052816074819739
HOME_&_GARDEN_1_372,1,Básicos de alto volumen,14.978044955567173,0.5006795441488759,2.4586827956989246,4.048862383756313e-05,0.11090635453627559
HOME_&_GARDEN_1_373,1,Básicos de alto volumen,47.23418714061683,0.3868406742664374,4.2552631578947375,-0.00035224389353343113,0.03238938870139913
HOME_&_GARDEN_1_374,1,Básicos de alto volumen,5.061683220073183,0.757713820235193,4.895860477741586,0.00010867478840798953,0.11689035689898399
HOME_&_GARDEN_1_375,3,Nicho premium,3.752221641400941,0.6540201286353691,9.937043010752689,-0.00030458034613874135,0.11639650130514027
HOME_&_GARDEN_1_376,1,Básicos de alto volumen,9.79247255619446,0.44742887638611323,6.2649731182795705,-5.442008627768214e-05,0.14741319580891563
HOME_&_GARDEN_1_377,3,Nicho premium,5.190799790904339,0.5279825059160732,10.93295168821839,-0.00012907174502415638,0.05325014687767184
HOME_&_GARDEN_1_378,0,Estacionales volátiles,0.446941975953999,2.2273783996604157,28.479208796764407,0.002112894391292738,0.5503329434606854
HOME_&_GARDEN_1_379,1,Básicos de alto volumen,24.109252483010977,0.49335472293864263,1.2125,-0.0003102341345951209,0.12073692539139534
HOME_&_GARDEN_1_380,2,Baja rotación volátil,2.887611082070047,1.219113704143528,5.7125,0.001608101039520616,0.158315839520283
HOME_&_GARDEN_1_381,1,Básicos de alto volumen,9.285415577626765,0.47824381589571757,6.039274193548388,-0.00011961786321276643,0.06445771809048913
HOME_&_GARDEN_1_382,2,Baja rotación volátil,3.550444328280188,1.7258035463502797,2.85,0.0022838804747063236,0.2865143271493282
HOME_&_GARDEN_1_383,1,Básicos de alto volumen,7.167799268165186,0.9598788711507035,4.297155377302436,0.0011782066206196201,0.09019448087698195
HOME_&_GARDEN_1_384,2,Baja rotación volátil,3.2828018818609515,1.4523331719137118,6.05,0.0019146652748905436,0.13568244946455277
HOME_&_GARDEN_1_385,1,Básicos de alto volumen,16.606377417668583,1.0621713812047617,2.4625,0.001329453540926138,0.18196001957987598
HOME_&_GARDEN_1_386,1,Básicos de alto volumen,14.391008886565604,0.7673791969427812,3.6742316136114166,0.0006945147552516342,0.16614062523328452
HOME_&_GARDEN_1_387,1,Básicos de alto volumen,25.8254051228437,0.469674113067053,3.699959677419355,3.683875861602127e-05,0.142470944949743
HOME_&_GARDEN_1_388,0,Estacionales volátiles,1.4244641923680084,2.2346356061427874,4.394900121065376,0.0021491975771181413,0.6333770210790189
HOME_&_GARDEN_1_389,1,Básicos de alto volumen,51.11970726607423,0.5175996982699109,1.1960663082437275,7.617141106338464e-05,0.1972154576890404
HOME_&_GARDEN_1_390,2,Baja rotación volátil,3.283324621014114,1.7247680228343727,2.3347993827160494,0.0022559340309595394,0.28468150547058657
HOME_&_GARDEN_1_393,1,Básicos de alto volumen,17.90277051751176,0.4711398424952427,2.4721373600746266,0.0003506768718177363,0.053712662900834755
HOME_&_GARDEN_1_394,3,Nicho premium,4.27443805541035,0.8412875772606451,6.093610982391103,0.0005550303571979419,0.12046491266462343
HOME_&_GARDEN_1_395,1,Básicos de alto volumen,5.887611082070047,0.7832006707355568,6.06798835125448,-0.0005957229886946755,0.11285576074626896
HOME_&_GARDEN_1_396,2,Baja rotación volátil,4.175117616309461,1.4269059311404964,4.955863019508058,0.0019532102824708747,0.21570568531352038
HOME_&_GARDEN_1_397,1,Básicos de alto volumen,11.469942498693152,0.6208836202323283,3.4585259856630826,-0.0003715545895855046,0.14756966894236073
HOME_&_GARDEN_1_398,1,Básicos de alto volumen,4.571353894406691,0.7905736075223723,3.5974795640326978,0.0005764011144912273,0.14578446408501122
HOME_&_GARDEN_1_399,1,Básicos de alto volumen,34.793518034500785,0.6820494242565572,1.301283570300158,0.000728693650820576,0.08587635477649418
HOME_&_GARDEN_1_400,3,Nicho premium,2.153685311029796,1.1173850637534062,8.7125,0.001205725635226974,0.09440679156569874
HOME_&_GARDEN_1_401,3,Nicho premium,2.899634082592786,0.7809633870313745,11.699497847919655,-3.076549641277642e-05,0.1322398938561556
HOME_&_GARDEN_1_402,0,Estacionales volátiles,0.7318348144276007,2.1054440858625343,8.680502958579883,0.0022014050370348158,0.5312411800005086
HOME_&_GARDEN_1_403,1,Básicos de alto volumen,3.386826973340303,0.7228539868141064,4.989070450097848,0.0002459691314557738,0.10880757975256311
HOME_&_GARDEN_1_404,1,Básicos de alto volumen,16.32984840564558,0.5717022108865617,3.347583798882682,0.0001402294738373162,0.19263500640281728
HOME_&_GARDEN_1_405,2,Baja rotación volátil,1.664401463669629,1.380515722433348,3.725,0.001757717353770862,0.13248111966617823
HOME_&_GARDEN_1_406,2,Baja rotación volátil,3.3167799268165186,1.1126540449919555,6.099536199095023,0.0011423255332058521,0.3475398651486521
HOME_&_GARDEN_1_407,2,Baja rotación volátil,3.6283324621014112,1.1977859887244322,6.462253655435474,0.0014735374747107497,0.18204725957478526
HOME_&_GARDEN_1_408,1,Básicos de alto volumen,11.087820177731311,0.6815907366327613,6.970099533715926,-6.938450304999318e-06,0.11910417875289109
HOME_&_GARDEN_1_409,1,Básicos de alto volumen,54.657605854678515,0.8286882392961729,3.701694459386767,0.0007570641912635054,0.0934155938912224
HOME_&_GARDEN_1_410,1,Básicos de alto volumen,20.23314166231051,1.057036603205406,5.336097167443529,1.2975586484224972e-05,0.3796078855971824
HOME_&_GARDEN_1_411,1,Básicos de alto volumen,17.147412441191847,0.5116646885575961,3.942387495389155,-0.00013382942686077938,0.08505530206332015
HOME_&_GARDEN_1_412,3,Nicho premium,4.537375849451124,0.9412652067025444,22.59795247724975,0.000642531834383776,0.18449752641310282
HOME_&_GARDEN_1_413,3,Nicho premium,9.345007841087298,0.6313416326744128,22.56911924610366,0.0006679682540465841,0.05468602132721512
HOME_&_GARDEN_1_414,1,Básicos de alto volumen,33.75953998954522,1.0096505825659559,1.1999419414770087,0.0007189782662863559,0.28157184066881397
HOME_&_GARDEN_1_415,3,Nicho premium,2.753789858860429,0.7761713089801344,15.708024109014675,0.00042476104104081,0.0897158256163395
HOME_&_GARDEN_1_416,1,Básicos de alto volumen,29.084683742812338,0.535822706259004,4.402662504590525,-0.00037072578028448684,0.30469059910248175
HOME_&_GARDEN_1_417,1,Básicos de alto volumen,4.695765812859383,0.5843656223792251,6.848313598851812,-8.995720188392388e-05,0.11469320562458302
HOME_&_GARDEN_1_418,1,Básicos de alto volumen,60.87192890747517,0.7968759060155849,1.2206318812829104,0.0008014486385896409,0.14197290139600707
HOME_&_GARDEN_1_419,3,Nicho premium,1.927861996863565,1.1720618100985345,11.15998484848485,0.0013377339072716122,0.09381414542064762
HOME_&_GARDEN_1_420,2,Baja rotación volátil,2.9848405645582856,1.3269106771326225,8.05094762232943,0.00165680489955221,0.41568576120475764
HOME_&_GARDEN_1_421,3,Nicho premium,5.3350757971772085,1.1308585268170614,7.723266730861819,0.0010417008759132443,0.1217974010594327
HOME_&_GARDEN_1_422,1,Básicos de alto volumen,4.209618400418191,0.6102255645530689,4.5392222222222225,0.0003237342984542961,0.05289200848920912
HOME_&_GARDEN_1_423,0,Estacionales volátiles,0.8687924725561944,2.4165956757327924,3.7023474178403757,0.0023522020416889755,0.5645045020190553
HOME_&_GARDEN_1_424,1,Básicos de alto volumen,6.6356508102456875,0.7803692740073772,3.6958993004418264,-0.0005191042166097118,0.15041801825278106
HOME_&_GARDEN_1_425,1,Básicos de alto volumen,20.76685833768949,0.44281688798939783,2.457804659498208,3.231532392772902e-05,0.11596547216773989
HOME_&_GARDEN_1_426,1,Básicos de alto volumen,11.980135912179822,0.8037133992378092,3.144169611307421,0.0007848817473438277,0.17028657075290868
HOME_&_GARDEN_1_427,1,Básicos de alto volumen,27.826973340303187,0.9276954568096671,7.44051828043391,-0.00041453063913839204,0.34869424785872677
HOME_&_GARDEN_1_428,3,Nicho premium,4.8055410350235235,0.5929783253464583,9.958705197132618,-0.0002478075839686644,0.09130641645003447
HOME_&_GARDEN_1_429,2,Baja rotación volátil,19.692629377940406,1.2995849630280523,3.699627192982456,0.0019178188549471482,0.10291540950783955
HOME_&_GARDEN_1_430,2,Baja rotación volátil,17.07736539466806,1.3585218328231754,1.1946753246753246,0.001364283131154267,0.278800778094497
HOME_&_GARDEN_1_431,0,Estacionales volátiles,6.337166753789859,1.444467588335623,9.271545952525868,0.0013302714303254468,0.3958232101194976
HOME_&_GARDEN_1_432,1,Básicos de alto volumen,4.872451646628332,0.6457938409231628,4.948030852994556,1.576003713631702e-05,0.0733630304051772
HOME_&_GARDEN_1_433,2,Baja rotación volátil,0.8667015159435442,1.8134094776369591,11.19679018789144,0.002115517947824299,0.16066563550783608
HOME_&_GARDEN_1_434,1,Básicos de alto volumen,22.06116048092002,0.4668974094073645,4.908275089605735,-0.00034010088770781207,0.10565119179900812
HOME_&_GARDEN_1_435,2,Baja rotación volátil,1.7699947726084684,1.3905634430262956,9.968865905848787,0.0015830972018015463,0.16075311443060303
HOME_&_GARDEN_1_436,3,Nicho premium,3.9979090433873496,1.2468278156875277,13.61063264938805,-0.0007888007489079304,0.11056480611112073
HOME_&_GARDEN_1_437,1,Básicos de alto volumen,17.763721902770516,0.7082469000034308,4.0492515238436715,8.596114632918357e-06,0.16937456577621487
HOME_&_GARDEN_1_438,1,Básicos de alto volumen,11.67485624673288,0.4821027544636693,9.168073476702508,-0.0004066008183973581,0.07391987716111094
HOME_&_GARDEN_1_439,1,Básicos de alto volumen,50.80135912179822,0.5721587338848059,1.1971719254212978,-0.00018262554290537903,0.18335224036906977
HOME_&_GARDEN_1_440,3,Nicho premium,11.864087820177732,0.5862081689902262,18.792386609071272,-0.00022998504981954862,0.10619789336488189
HOME_&_GARDEN_1_441,1,Básicos de alto volumen,20.480920020909565,0.8696734376745785,3.5464466421343146,0.00048546730448988166,0.23427220640924518
HOME_&_GARDEN_1_442,2,Baja rotación volátil,3.0857292211186618,1.4352419263702219,11.2125,0.0019708355119863923,0.09683709035611217
HOME_&_GARDEN_1_443,1,Básicos de alto volumen,15.225300575013069,0.6463997343018221,3.139580278592376,0.00044269659166711956,0.15994168940980993
HOME_&_GARDEN_1_444,2,Baja rotación volátil,2.230527966544694,1.3740980266279512,6.0967674062739095,0.0016892410974835212,0.1644779995853145
HOME_&_GARDEN_1_445,1,Básicos de alto volumen,18.801881860951386,0.48544574061867946,2.4114226519337016,-1.5598582874558817e-07,0.06850349484858938
HOME_&_GARDEN_1_446,1,Básicos de alto volumen,5.456351280710925,0.645666333372129,4.899301075268817,-0.00042104769026428504,0.09904852751166325
HOME_&_GARDEN_1_447,1,Básicos de alto volumen,58.36853110297961,0.7312918928390323,1.2206129807692307,0.0007558898064319151,0.15093995336614194
HOME_&_GARDEN_1_448,1,Básicos de alto volumen,28.549921589127024,1.0931690419386415,1.2193463444857497,0.0016836631899230944,0.17790943774861534
HOME_&_GARDEN_1_449,3,Nicho premium,5.371667537898588,1.0032965504841,18.897410581222054,0.0013926297098010723,0.08506629744772719
HOME_&_GARDEN_1_450,2,Baja rotación volátil,4.60167276529012,1.059637470159414,4.299305555555556,0.0014053433216848165,0.11393364421878967
HOME_&_GARDEN_1_451,3,Nicho premium,2.8222686879247254,1.0672152033800615,8.692987102717643,0.0011043724856477978,0.1645120603758507
HOME_&_GARDEN_1_452,1,Básicos de alto volumen,6.085729221118662,0.7140172492610448,4.141514336917563,-0.0004945824432839182,0.1440767075716355
HOME_&_GARDEN_1_453,1,Básicos de alto volumen,15.826973340303189,0.8352385768836617,2.608287520615723,0.0010440172840832126,0.1055351267288243
HOME_&_GARDEN_1_454,2,Baja rotación volátil,2.787767903815996,0.9632687288308895,3.7125,0.0010146257886871526,0.11291912278285274
HOME_&_GARDEN_1_455,2,Baja rotación volátil,4.228959749085207,1.44547504986139,3.7125,0.001765346872124273,0.20258194744701594
HOME_&_GARDEN_1_456,2,Baja rotación volátil,7.2859383167799265,1.5047327243111182,8.708315986677768,0.001908964726084999,0.33187420228770637
HOME_&_GARDEN_1_457,3,Nicho premium,8.126502875065343,1.128671260692728,12.563775016139447,0.0015583014581286739,0.18009645013417805
HOME_&_GARDEN_1_458,1,Básicos de alto volumen,10.009932043910089,0.6170102215333976,3.084469111969112,0.0002459580656330052,0.256594995729538
HOME_&_GARDEN_1_459,1,Básicos de alto volumen,89.1437532671197,0.754188832955035,1.2206255992329818,0.0006430613446010581,0.15084209047901972
HOME_&_GARDEN_1_460,1,Básicos de alto volumen,11.185049660219551,0.6988398400627119,4.8721460573476705,-0.0007158391907555486,0.17550225415433138
HOME_&_GARDEN_1_461,1,Básicos de alto volumen,15.589127025614218,0.46049533156926103,1.2125,0.00032064250500821114,0.08156101344812103
HOME_&_GARDEN_1_462,1,Básicos de alto volumen,20.352848928384734,0.6419695890058161,2.746918469860897,0.0005605267011101629,0.24418979361743115
HOME_&_GARDEN_1_463,2,Baja rotación volátil,2.206481965499216,1.2017409892109985,3.7244092219020173,0.0011805899446760211,0.17027279035062062
HOME_&_GARDEN_1_464,3,Nicho premium,3.0799790904338735,0.7884279332585209,11.693244101633393,-7.120691787795898e-05,0.1643022828534089
HOME_&_GARDEN_1_465,1,Básicos de alto volumen,61.07997909043387,0.7212803528609671,1.2203125,0.0008244889567835036,0.1140226416679168
HOME_&_GARDEN_1_466,2,Baja rotación volátil,1.1317302665969682,1.4516830532795733,4.9541666666666675,0.001470708555673084,0.22477614879016267
HOME_&_GARDEN_1_467,3,Nicho premium,3.0606377417668584,1.3928443006044133,14.753614058355438,0.0018737113807085581,0.12422252598473843
HOME_&_GARDEN_1_468,1,Básicos de alto volumen,6.263460533193936,0.5176183448852261,6.226245519713262,-0.0002654409205261309,0.07323920190904075
HOME_&_GARDEN_1_469,3,Nicho premium,10.447464715107161,0.5099139860333746,22.46722031136857,0.00011991923549931986,0.06827273284358776
HOME_&_GARDEN_1_470,1,Básicos de alto volumen,4.979090433873497,1.0461706326292854,3.7232104121475054,-0.0010187108354874537,0.1482692399547131
HOME_&_GARDEN_1_471,1,Básicos de alto volumen,7.607422895974908,1.0687729702817943,3.116755319148936,0.0004029660082739884,0.18831160676271197
HOME_&_GARDEN_1_472,3,Nicho premium,2.677469942498693,0.6911713895991922,6.031375448028674,-0.00015529066793634795,0.07205739580504616
HOME_&_GARDEN_1_473,1,Básicos de alto volumen,30.31521170935703,0.7855408295098548,2.607117868675996,0.0010315266747994893,0.1739572646083154
HOME_&_GARDEN_1_474,1,Básicos de alto volumen,40.30632514375327,0.9580309024908186,1.2125,-0.0001655574657949041,0.07722834112585214
HOME_&_GARDEN_1_475,1,Básicos de alto volumen,8.15838996340826,0.5962090050810812,3.32523173391494,-0.0005462622212440468,0.12677115853605245
HOME_&_GARDEN_1_476,2,Baja rotación volátil,1.533716675378986,2.034050090545275,6.05,0.002383067606616471,0.378727947489766
HOME_&_GARDEN_1_477,3,Nicho premium,5.066387872451647,0.7371527241320206,16.307282003710576,-0.0001173588993214888,0.27485950496134504
HOME_&_GARDEN_1_478,1,Básicos de alto volumen,17.927861996863566,0.35810247415848206,3.3175044802867384,-0.00013452547089368464,0.035543455196858864
HOME_&_GARDEN_1_479,3,Nicho premium,5.482488238369053,0.6656913252761604,9.359866587017125,0.0001108579536381457,0.14607395886749122
HOME_&_GARDEN_1_480,2,Baja rotación volátil,4.534762153685311,1.2836757170009312,3.4292941585535464,0.001272368634468576,0.24834145946751365
HOME_&_GARDEN_1_481,1,Básicos de alto volumen,7.200209095661265,0.799476898441264,6.102256637168142,0.00047545357737735695,0.20852757293460644
HOME_&_GARDEN_1_482,1,Básicos de alto volumen,8.846837428123367,0.7183639054803106,4.041307251908396,0.00011388258105801158,0.16659398158311267
HOME_&_GARDEN_1_483,3,Nicho premium,3.4129639309984316,0.8395969328083069,5.669644479781917,0.0005283289337336827,0.08199303784646914
HOME_&_GARDEN_1_484,2,Baja rotación volátil,1.6952430737062205,2.2212603411415133,12.4625,0.0025100105030317083,0.136130336540392
HOME_&_GARDEN_1_485,1,Básicos de alto volumen,5.100888656560376,0.616002932246262,3.7125,1.0056324584838628e-05,0.06049549562214911
HOME_&_GARDEN_1_486,3,Nicho premium,4.740721380031364,0.8783927562536137,22.559317366803278,0.0007712672087414987,0.1371596809842317
HOME_&_GARDEN_1_487,0,Estacionales volátiles,12.062728698379509,1.2904102557208845,2.4248556105610564,-0.00025989032679620596,0.5148460603752625
HOME_&_GARDEN_1_488,3,Nicho premium,11.255619445896498,0.5809461173739096,12.35531737193764,0.00012848183153227918,0.17360793070663924
HOME_&_GARDEN_1_489,2,Baja rotación volátil,2.4030318870883427,2.201728447711553,12.4625,0.0024787978055584633,0.184535447509689
HOME_&_GARDEN_1_490,3,Nicho premium,7.780972294824882,0.5806982856133407,15.834525089605735,-0.0006120096590793713,0.1458514567091904
HOME_&_GARDEN_1_491,2,Baja rotación volátil,3.692106638787245,1.2599831432487447,8.043592365371508,0.001710411404101679,0.24438041519741915
HOME_&_GARDEN_1_492,1,Básicos de alto volumen,3.752221641400941,0.5746231342529231,5.024233321377332,-5.366208529346797e-05,0.10359352184989677
HOME_&_GARDEN_1_493,1,Básicos de alto volumen,3.388395190799791,0.791270993774581,3.4411278735632185,-0.0002983650179177956,0.15942629527967433
HOME_&_GARDEN_1_494,1,Básicos de alto volumen,24.966021955044432,0.4407576220062973,9.9625,0.0003183525800238892,0.06351090202331924
HOME_&_GARDEN_1_495,2,Baja rotación volátil,4.653946680606378,1.2019605335790868,4.516721002059026,0.0017378791102493974,0.19143454547962158
HOME_&_GARDEN_1_496,2,Baja rotación volátil,0.9529534762153685,2.0489961657597924,9.916134639696585,0.002322733085127039,0.288532482470148
HOME_&_GARDEN_1_497,3,Nicho premium,8.778881338212232,1.0787049643724653,18.978651332327804,0.001492092823051037,0.17314447002214567
HOME_&_GARDEN_1_498,1,Básicos de alto volumen,21.08991113434396,0.42483124241933473,3.9427501793400284,-0.0001585054492286462,0.09991908150827651
HOME_&_GARDEN_1_499,2,Baja rotación volátil,4.334030318870884,0.9701069137878381,4.939027982326952,0.0007549605784718646,0.29087216081598816
HOME_&_GARDEN_1_500,0,Estacionales volátiles,1.8003136434918976,1.3842077661403593,5.549626196172249,0.0012183212927659053,0.40822991382946877
HOME_&_GARDEN_1_501,3,Nicho premium,1.8233141662310508,0.8527518761057862,4.9577430555555555,0.0002664295900048482,0.09687039264341099
HOME_&_GARDEN_1_502,2,Baja rotación volátil,0.6241505488761108,1.8124363425129288,5.179328621908128,0.0018504065076017325,0.15217730478821434
HOME_&_GARDEN_1_503,1,Básicos de alto volumen,20.998954521693676,0.416004407746863,1.2474193548387096,-0.00017692290524572683,0.08590424543513848
HOME_&_GARDEN_1_504,1,Básicos de alto volumen,2.8102456874019865,1.056175086291157,3.886034756928669,0.00035304103614727973,0.13701979020248306
HOME_&_GARDEN_1_505,1,Básicos de alto volumen,18.10716152639833,0.6069940550315834,3.1513969258589514,0.0003985880636683797,0.13708237710979412
HOME_&_GARDEN_1_506,1,Básicos de alto volumen,30.972294824882383,0.5062430839371117,4.408763188745604,-3.1086687855305836e-05,0.2943411450556878
HOME_&_GARDEN_1_507,1,Básicos de alto volumen,6.490329325666492,0.7108471641504557,2.109741277930224,9.71265034054383e-05,0.10908563745510338
HOME_&_GARDEN_1_508,1,Básicos de alto volumen,6.768949294302144,0.9178183264825727,6.059589163975601,-0.0007444197910611441,0.1342565571620231
HOME_&_GARDEN_1_509,0,Estacionales volátiles,3.7799268165185573,1.82081442611832,3.7950699745547074,0.0018430894240265637,0.48327446879202246
HOME_&_GARDEN_1_510,1,Básicos de alto volumen,12.043387349712493,0.7476150095722175,6.097411504424779,0.0004411713721780061,0.14021826990114372
HOME_&_GARDEN_1_511,1,Básicos de alto volumen,9.98379508625196,0.7971640514154474,7.506376774847869,0.0008579819074678572,0.12258720978291529
HOME_&_GARDEN_1_512,2,Baja rotación volátil,0.9252483010977522,2.3365597168457843,2.3375000000000004,0.0024277979054969684,0.19620545239286424
HOME_&_GARDEN_1_513,3,Nicho premium,5.840564558285416,1.09176739813487,12.92918958562523,-2.0294287584591485e-06,0.29046231445722587
HOME_&_GARDEN_1_514,1,Básicos de alto volumen,40.822268687924726,0.9050338576223993,4.541198224852071,0.0008462637188494449,0.14518658110359475
HOME_&_GARDEN_1_515,1,Básicos de alto volumen,11.516466283324622,0.7664123758090519,3.0809951456310682,0.0007642624511628125,0.12500881136680242
HOME_&_GARDEN_1_516,1,Básicos de alto volumen,30.798222686879246,0.3500167740631287,2.4301075268817205,-0.00019666277534116219,0.11825335737078294
HOME_&_GARDEN_1_517,1,Básicos de alto volumen,33.493465760585465,0.87345644912864,1.216652274035694,0.0012646341168981075,0.03590266849845662
HOME_&_GARDEN_1_518,2,Baja rotación volátil,4.9430214323052795,1.5642125871407486,8.708322942643392,0.0019164840787509888,0.301892604569003
HOME_&_GARDEN_1_519,1,Básicos de alto volumen,12.590695243073705,0.5176981801583158,6.073340509508431,-0.0003143953580213741,0.14846384880944097
HOME_&_GARDEN_1_520,1,Básicos de alto volumen,5.492943021432305,0.7951399607412338,6.977017575322812,-0.00015292325255117435,0.21563727445774522
HOME_&_GARDEN_1_521,1,Básicos de alto volumen,80.15682174594878,0.48834302576222005,1.1967383512544802,2.836712573456533e-05,0.17914686270130206
HOME_&_GARDEN_1_522,1,Básicos de alto volumen,13.617354939884997,0.5779305474688459,2.229310035842294,-0.0005510142212185468,0.12871425598698807
HOME_&_GARDEN_1_523,3,Nicho premium,0.7093570308416101,2.101871725326882,25.58110632183908,0.0021991795651451884,0.3546362916162605
HOME_&_GARDEN_1_524,2,Baja rotación volátil,4.6424464192368005,1.4515354064932617,4.953502981260647,0.0019667150133577524,0.21181575004703512
HOME_&_GARDEN_1_525,1,Básicos de alto volumen,3.3653946680606377,0.8395535206821313,5.034274193548388,-0.0006621659658490686,0.22542299839272825
HOME_&_GARDEN_1_526,2,Baja rotación volátil,0.913225300575013,2.5736108818473715,6.175000000000001,0.0025535420859531936,0.43536471833588813
HOME_&_GARDEN_1_527,2,Baja rotación volátil,4.206481965499216,1.5114811068891643,6.505154185022027,0.0019553995129416744,0.29402618781451095
HOME_&_GARDEN_1_528,1,Básicos de alto volumen,11.40460010454783,0.4567861983682742,3.6685302252074274,-0.00016885984152016333,0.04434209609291167
HOME_&_GARDEN_1_529,2,Baja rotación volátil,6.215891270256142,1.2060116008582231,3.6944346807264203,0.00109649518185581,0.26247058130387757
HOME_&_GARDEN_1_530,1,Básicos de alto volumen,5.22164140094093,0.8428028779907345,2.4556268509378083,0.0008452806172990629,0.1864664564928631
HOME_&_GARDEN_1_531,3,Nicho premium,5.686356508102457,0.7616620493885963,10.319710401891253,9.479476470428092e-05,0.14567364256032497
HOME_&_GARDEN_1_532,1,Básicos de alto volumen,8.202300052273916,0.5997285338511167,3.099212765957447,0.0005950921334802954,0.06850993624643323
HOME_&_GARDEN_1_533,0,Estacionales volátiles,3.4553058024046,1.1300353755655417,6.118248857498961,0.000854565289728104,0.40623562321416434
HOME_&_GARDEN_1_534,2,Baja rotación volátil,1.5682174594877156,2.2114125042223063,12.44856230031949,0.002509863459293557,0.16571221924841714
HOME_&_GARDEN_1_535,1,Básicos de alto volumen,42.228437009932044,0.5885039294356429,8.703925992779784,-0.0002139544949663694,0.11736698172191078
HOME_&_GARDEN_1_536,2,Baja rotación volátil,9.221118661787768,1.3027339949052148,3.7002136752136754,0.0018615358443408406,0.1090576747804443
HOME_&_GARDEN_1_537,3,Nicho premium,11.033455305802404,0.4044223507823678,19.958781362007166,-2.5797610825432146e-05,0.08652477368311413
HOME_&_GARDEN_1_538,1,Básicos de alto volumen,10.289074751698902,0.7532643117799996,4.35,0.0008160191863000996,0.1675509594847495
HOME_&_GARDEN_1_539,1,Básicos de alto volumen,14.101411395713539,0.5117147129525214,4.568014407467532,0.0005201850546488473,0.06149439232185311
HOME_&_GARDEN_1_540,1,Básicos de alto volumen,18.735493988499737,0.7785581821544841,2.0892008639308854,0.0010184829192382114,0.05779552899277064
HOME_&_GARDEN_1_541,1,Básicos de alto volumen,17.038159958180866,0.6668026734748868,9.359359296482411,-5.52183286578294e-05,0.11191550891175271
HOME_&_GARDEN_2_001,3,Nicho premium,2.9299529534762154,0.7162543642055692,8.230494259059922,-2.5677999038707343e-05,0.11840061784823562
HOME_&_GARDEN_2_002,1,Básicos de alto volumen,6.554626241505488,0.5575350259316652,3.3432433644189383,-0.0002929820934524057,0.12109557134721645
HOME_&_GARDEN_2_003,3,Nicho premium,3.92681651855724,0.7485891473287691,11.51340631730079,-0.0004316663770324524,0.14914506806163663
HOME_&_GARDEN_2_004,3,Nicho premium,1.2242550967067434,1.241755352967333,7.084244296577947,0.0006336442494350609,0.20151416516819112
HOME_&_GARDEN_2_005,2,Baja rotación volátil,0.3957135389440669,2.0412012420988197,6.8375,0.0016212061463927994,0.16198047269414922
HOME_&_GARDEN_2_006,3,Nicho premium,0.8196549921589127,1.2342299362764153,4.593354313217327,-5.4464441303075184e-05,0.16238358550710083
HOME_&_GARDEN_2_007,2,Baja rotación volátil,2.225823314166231,0.965837674109432,3.225,0.0006355815683707831,0.0924535693416596
HOME_&_GARDEN_2_008,3,Nicho premium,1.4793518034500783,1.0749848365813752,3.095200224550898,-0.00018030976071183619,0.2772657780388193
HOME_&_GARDEN_2_009,2,Baja rotación volátil,1.5964453737584945,1.3275764399257757,7.327429487179487,0.0008308601974229395,0.27390862823236917
HOME_&_GARDEN_2_010,3,Nicho premium,1.490852064819655,0.9764748036840406,8.71117636429346,0.00013876169376752866,0.1582813370580921
HOME_&_GARDEN_2_011,3,Nicho premium,3.7882906429691583,0.8014575097464993,7.03431587448085,0.0007809086553942831,0.058056175578679314
HOME_&_GARDEN_2_012,3,Nicho premium,3.2723470987977,0.9044125756792883,5.829320923460899,0.0007170154436706567,0.09351980595064126
HOME_&_GARDEN_2_013,3,Nicho premium,2.020909566126503,1.3683592896224572,7.3889837083010095,-0.000319259482209507,0.37789843363983605
HOME_&_GARDEN_2_014,3,Nicho premium,1.5859905906952432,0.8799669920580797,7.466482777179762,-0.00022467179566250197,0.08462906786696231
HOME_&_GARDEN_2_015,3,Nicho premium,2.2096184004181914,0.9211433536024316,5.500282359268556,-0.00019181544787438587,0.22355459702190167
HOME_&_GARDEN_2_016,1,Básicos de alto volumen,3.223209618400418,0.7667361985403595,2.271640173410405,-0.00039004938855759745,0.08812231114967357
HOME_&_GARDEN_2_017,2,Baja rotación volátil,0.7516989022477784,1.9468931382333579,4.65,0.002166933075974092,0.22650369517189822
HOME_&_GARDEN_2_018,3,Nicho premium,0.6063774176685833,1.3962678827767543,9.888613415073928,-2.7770377871622186e-05,0.2529052931157977
HOME_&_GARDEN_2_019,3,Nicho premium,1.7757449032932566,0.9300238398765293,11.793418918918919,-0.0005319621987782982,0.13816915488116233
HOME_&_GARDEN_2_020,2,Baja rotación volátil,0.7119707266074229,1.700399277951149,10.5875,0.001621454715022717,0.1614616512133222
HOME_&_GARDEN_2_021,1,Básicos de alto volumen,3.0412963930998433,0.6833258464546318,5.554628463476071,-3.403125843426366e-05,0.07239087248865714
HOME_&_GARDEN_2_022,0,Estacionales volátiles,1.8917929952953476,1.3711362282980586,7.042851170568562,0.00026479418591832555,0.8296391695479525
HOME_&_GARDEN_2_023,2,Baja rotación volátil,1.2080501829587036,1.498675887900292,4.9625,0.0013055459863431196,0.24694142347014816
HOME_&_GARDEN_2_024,2,Baja rotación volátil,2.699947726084684,1.1229434349623644,2.7744827586206897,0.001211473353978029,0.1541774895162072
HOME_&_GARDEN_2_025,3,Nicho premium,3.7098797699947728,0.7449581645014888,6.801147037572255,-0.00013765464033954289,0.15619559711517447
HOME_&_GARDEN_2_026,2,Baja rotación volátil,0.7663355985363304,1.320701315636802,4.9580324909747295,0.0005486009727930134,0.13497412415691257
HOME_&_GARDEN_2_027,2,Baja rotación volátil,0.5656037637219028,1.6856629498029827,6.2124999999999995,0.001300056482531158,0.20908065742675694
HOME_&_GARDEN_2_028,3,Nicho premium,1.8295870360690016,0.9119238792561101,7.424157101865138,0.00023989716819034372,0.16538879050010796
HOME_&_GARDEN_2_029,3,Nicho premium,2.1515943544171456,0.9592140821879077,13.02161944045911,-0.0001929834755368663,0.4217602890819719
HOME_&_GARDEN_2_030,1,Básicos de alto volumen,4.1975953998954525,0.6405624666926522,4.862311827956989,-0.0003246464482760417,0.11365905566521987
HOME_&_GARDEN_2_031,3,Nicho premium,1.9409304756926293,1.2128964217617966,7.425,0.0007686539932289007,0.12058937522460343
HOME_&_GARDEN_2_032,2,Baja rotación volátil,1.192890747516989,1.397785898345773,10.316991341991342,0.000986751718548846,0.2827338115969336
HOME_&_GARDEN_2_033,3,Nicho premium,3.4338734971249347,0.6960181484330965,8.725044802867384,-0.0003134240158144467,0.07557496028740492
HOME_&_GARDEN_2_034,3,Nicho premium,0.788813382122321,1.2679525850742357,14.106263528138529,2.755379598347189e-05,0.07748395874496165
HOME_&_GARDEN_2_035,3,Nicho premium,4.2859383167799265,0.8097718735725383,7.698099677303693,-0.0003359614682041597,0.186282225431224
HOME_&_GARDEN_2_036,1,Básicos de alto volumen,4.138525875588082,0.589193524706193,4.9625,0.00023949677057403962,0.0956136193627022
HOME_&_GARDEN_2_037,3,Nicho premium,5.805018295870361,0.6113912560324202,13.645199892434565,1.77890956590703e-05,0.17566865965678033
HOME_&_GARDEN_2_038,3,Nicho premium,1.4709879769994774,0.9587150157889128,7.42365974729242,0.00024728937444252797,0.16579904997011505
HOME_&_GARDEN_2_039,3,Nicho premium,2.2812336644014635,0.9930713729784918,11.904910341951627,0.0004500643919071286,0.09826193222099991
HOME_&_GARDEN_2_040,2,Baja rotación volátil,0.9372713016204913,1.7143484533747753,4.9625,0.0018589487193766986,0.14459241150707486
HOME_&_GARDEN_2_041,3,Nicho premium,2.285938316779927,0.8244140017222767,6.662419296987088,-2.3951573664280333e-05,0.14640566201228958
HOME_&_GARDEN_2_042,0,Estacionales volátiles,0.5645582854155776,1.5169252624194678,5.3519089112468565,-0.00018689819854875397,0.5569852029413046
HOME_&_GARDEN_2_043,1,Básicos de alto volumen,2.7898588604286463,0.6866000927364234,6.02968693936132,-0.00028213873937914057,0.04774975765809771
HOME_&_GARDEN_2_044,2,Baja rotación volátil,7.6717198118139045,1.625483523106788,4.35,0.0022536829845657084,0.3149111880537217
HOME_&_GARDEN_2_045,3,Nicho premium,2.1860951385258756,1.0158675552430672,10.455286047345767,-0.0002986373767781897,0.40961384638061404
HOME_&_GARDEN_2_046,2,Baja rotación volátil,1.4793518034500783,1.4044359647058275,8.825904507710558,0.0012841497180945134,0.2409424719460006
HOME_&_GARDEN_2_047,1,Básicos de alto volumen,4.920543648719289,0.6113503289729405,4.089015966989594,-0.00013711886602445238,0.14523524898818888
HOME_&_GARDEN_2_048,1,Básicos de alto volumen,2.5473078933612125,0.7637002847747545,4.635834829443447,-0.00018951280279894196,0.07215648124388963
HOME_&_GARDEN_2_049,2,Baja rotación volátil,4.326711970726607,0.9688865165049291,4.275,0.0010856295391753355,0.08178396642190015
HOME_&_GARDEN_2_050,3,Nicho premium,4.054364871928907,0.6885435320949576,9.078195701357465,3.8148213796051414e-05,0.10643685069106681
HOME_&_GARDEN_2_051,0,Estacionales volátiles,2.723993727130162,1.0421419409468928,12.461856650960495,0.00011266780299503295,0.5736737590778396
HOME_&_GARDEN_2_052,3,Nicho premium,3.781495033978045,0.8444475607582003,6.427822580645161,-0.0003555516954068106,0.34107151997678276
HOME_&_GARDEN_2_053,2,Baja rotación volátil,2.1139571353894406,1.1272440328745417,2.443953892996955,0.0003235792414265082,0.14505504621017076
HOME_&_GARDEN_2_054,1,Básicos de alto volumen,4.70726607422896,0.6032569046588153,6.072588741484403,0.00020935176911060708,0.1724395325687296
HOME_&_GARDEN_2_055,3,Nicho premium,2.0580240460010453,0.7745676712570027,11.208900287976961,0.00022284470927462862,0.07966918328230828
HOME_&_GARDEN_2_056,3,Nicho premium,1.6879247255619445,0.9239782036866246,7.365626127751713,-4.5696847711432135e-05,0.13576811257736734
HOME_&_GARDEN_2_057,2,Baja rotación volátil,0.5326711970726608,2.4865193343578555,6.2125,0.002367116058126663,0.2892701527521339
HOME_&_GARDEN_2_058,2,Baja rotación volátil,1.2399372713016206,1.4719311367534123,12.4625,0.0016224041969689928,0.27154266581482595
HOME_&_GARDEN_2_059,1,Básicos de alto volumen,9.177731312075274,0.7069354048572501,3.929086021505376,-0.0005812416839892638,0.4125633613979321
HOME_&_GARDEN_2_060,2,Baja rotación volátil,0.4218504966021955,2.046156641954043,9.955293159609122,0.0018009966991939593,0.19365793792462188
HOME_&_GARDEN_2_061,2,Baja rotación volátil,4.375849451123889,1.0727117661312144,3.7110021289537714,0.0011855912723839647,0.1217401204974108
HOME_&_GARDEN_2_062,2,Baja rotación volátil,6.422373235755358,2.2819455169026415,3.6592393254395406,-0.0003150674906773421,0.29786763295045127
HOME_&_GARDEN_2_063,3,Nicho premium,1.5807631991636173,0.9769240629925501,5.8291217672413795,-0.00029878515802264177,0.10497522088863231
HOME_&_GARDEN_2_064,1,Básicos de alto volumen,3.6748562467328805,0.6466098609539868,4.8365869247626,-5.9252848779688516e-05,0.09504120404489168
HOME_&_GARDEN_2_065,0,Estacionales volátiles,0.6079456351280711,1.6662351816387093,6.834901862103674,0.0004920305043010702,0.3849671852591004
HOME_&_GARDEN_2_066,2,Baja rotación volátil,0.6832200731834814,2.1537597382253906,8.675,0.0022562172401660273,0.3340247427030813
HOME_&_GARDEN_2_067,0,Estacionales volátiles,2.156299006795609,2.6680982093195027,1.2125,0.0018162636583433785,0.8578853262580598
HOME_&_GARDEN_2_068,1,Básicos de alto volumen,4.051228437009932,0.6161918861545462,3.6,-0.000128381943336728,0.05479996944316466
HOME_&_GARDEN_2_069,3,Nicho premium,1.2388917929952954,1.097350304768421,12.574310538116592,0.0007876131965939455,0.0971418843272271
HOME_&_GARDEN_2_070,1,Básicos de alto volumen,4.335598536330371,0.6446620154222752,3.7123284579270495,-0.00035182179824238164,0.12014688414493228
HOME_&_GARDEN_2_071,3,Nicho premium,3.4035546262415055,0.7678961639470471,8.001365546218487,-0.00019674251929750826,0.13261184176710106
HOME_&_GARDEN_2_072,2,Baja rotación volátil,2.236800836382645,1.610227466491026,3.225,0.0020252027402839832,0.15602939534447358
HOME_&_GARDEN_2_073,3,Nicho premium,0.4814427600627287,1.6007459381992362,25.5411613909942,0.0007816162591220786,0.11985912238144729
HOME_&_GARDEN_2_074,1,Básicos de alto volumen,11.146889702038683,0.47918872657534706,1.21217718794835,-0.0003402797464430555,0.06490040902135484
HOME_&_GARDEN_2_075,1,Básicos de alto volumen,7.853110297961317,0.505841459547177,2.3103253055355863,-0.00018902954976649864,0.0896565910978472
HOME_&_GARDEN_2_076,3,Nicho premium,4.704652378463147,0.6438644066325697,11.182838831122266,1.7847279606044556e-05,0.16836401889680166
HOME_&_GARDEN_2_077,2,Baja rotación volátil,0.42655514898065866,2.2657563457276395,5.25986596009975,0.0022932552501857485,0.22605692040751335
HOME_&_GARDEN_2_078,0,Estacionales volátiles,3.8395190799790906,1.1096661694397427,7.1374551649928275,-0.0007314659974953665,0.5553194027514584
HOME_&_GARDEN_2_079,3,Nicho premium,2.303711447987454,0.7743583415492441,5.596227456753772,-4.9344618377168055e-05,0.0720796548727135
HOME_&_GARDEN_2_080,0,Estacionales volátiles,0.9801359121798223,1.9904590953181835,11.06687801932367,0.0011618910210166884,0.9529297206563446
HOME_&_GARDEN_2_081,2,Baja rotación volátil,1.913225300575013,1.5772815527987283,3.2125,0.0019646097437784112,0.11167649602637078
HOME_&_GARDEN_2_082,3,Nicho premium,4.158912702561421,0.8495709344503796,5.879903474903475,0.0003643351348037031,0.1853837182233069
HOME_&_GARDEN_2_083,0,Estacionales volátiles,1.4971249346576059,1.2583818154139186,12.435971815519768,0.0003387042331729748,0.6614908145737922
HOME_&_GARDEN_2_084,1,Básicos de alto volumen,5.768426555148981,0.6878360211083698,4.990784050179212,-0.0007359882872550067,0.11817435200685154
HOME_&_GARDEN_2_085,3,Nicho premium,0.676424464192368,1.521310330514709,9.91476377952756,0.0008920529946454066,0.13638037534390327
HOME_&_GARDEN_2_086,2,Baja rotación volátil,0.5013068478829065,1.6052992924345362,4.9625,0.0006840137947392245,0.1937714114618505
HOME_&_GARDEN_2_087,3,Nicho premium,0.5473078933612128,1.4761353466193023,9.91955490696826,0.00024944776546628446,0.2261194010694352
HOME_&_GARDEN_2_088,3,Nicho premium,2.588604286461056,0.8481851009475263,8.710740072202166,9.181146707662987e-05,0.2644052845762073
HOME_&_GARDEN_2_089,1,Básicos de alto volumen,5.043387349712494,0.7391085890101984,3.9303184770840844,-0.0002663412812252009,0.446809746464606
HOME_&_GARDEN_2_090,3,Nicho premium,3.360167276529012,0.8083698391783787,7.4530667144906735,-0.00015023808047462758,0.38603927575896163
HOME_&_GARDEN_2_091,3,Nicho premium,1.0198640878201777,1.2607902617432543,10.9106586752348,0.0010303726029529052,0.12290954744822602
HOME_&_GARDEN_2_092,3,Nicho premium,0.8917929952953476,1.1555914319285523,7.419504699927694,-0.00010518028895629034,0.16610770411492462
HOME_&_GARDEN_2_093,0,Estacionales volátiles,4.02247778358599,1.1145454497607783,4.028507815339877,-0.0002481000985052196,0.7507877176216295
HOME_&_GARDEN_2_094,3,Nicho premium,0.7590172503920544,1.2966238053135157,7.416335740072204,0.0003095067934315727,0.1750129967398517
HOME_&_GARDEN_2_095,3,Nicho premium,1.6576058546785155,1.1650426816793904,8.036897665176353,0.0009817258556247706,0.14388683905157187
HOME_&_GARDEN_2_096,1,Básicos de alto volumen,3.980135912179822,0.9248446125811286,4.3375,0.0008084501799653481,0.15804966263063402
HOME_&_GARDEN_2_097,2,Baja rotación volátil,0.6905384213277574,1.384962852704463,6.847613019891502,0.0007819465786016357,0.11619230240854285
HOME_&_GARDEN_2_098,1,Básicos de alto volumen,2.2190277051751175,0.8509366351724953,4.122973457675753,-0.00025829691473827285,0.08973510458191733
HOME_&_GARDEN_2_099,3,Nicho premium,1.334553058024046,1.0264540948574636,7.425000000000001,0.00023562591860033097,0.197338521955147
HOME_&_GARDEN_2_100,0,Estacionales volátiles,1.3058024046001044,1.2886706959453031,10.467897625044982,-0.00016038460022618637,0.5839284999089895
HOME_&_GARDEN_2_101,2,Baja rotación volátil,0.29691583899634083,2.4373395320013356,5.612500000000001,0.001976341562181156,0.21382928709906485
HOME_&_GARDEN_2_102,2,Baja rotación volátil,4.8118139048614745,1.2351935206743836,3.1139795144157816,0.0016955193136980696,0.0595922504275008
HOME_&_GARDEN_2_103,2,Baja rotación volátil,1.6063774176685834,1.4388621709211158,2.4632211538461535,0.001231252859160753,0.18303224321943212
HOME_&_GARDEN_2_104,3,Nicho premium,1.629900679560899,0.9322010506443281,6.217151898734178,-0.0004449930594232685,0.13301227265532256
HOME_&_GARDEN_2_105,3,Nicho premium,1.6973340303188709,0.871509112543031,6.237050359712231,0.0003082391621947596,0.0821594312672046
HOME_&_GARDEN_2_106,3,Nicho premium,1.012023000522739,1.1223437854548017,10.448242681604627,0.00044474156060799375,0.1084734607718639
HOME_&_GARDEN_2_107,3,Nicho premium,1.3863042341871405,0.9618478562918392,14.965450543274635,-0.00014512753210165516,0.09171092357189525
HOME_&_GARDEN_2_108,0,Estacionales volátiles,1.4840564558285416,1.342693773882552,11.110942055393586,-0.0004335286707559991,0.7543569252323282
HOME_&_GARDEN_2_109,2,Baja rotación volátil,1.937794040773654,1.5526259242833198,4.768481595092025,0.0018901398266815991,0.1267115071608294
HOME_&_GARDEN_2_110,2,Baja rotación volátil,8.854155776267643,1.4675560713797708,3.9625,0.0020705101016055927,0.10944640004094065
HOME_&_GARDEN_2_111,0,Estacionales volátiles,1.9404077365394667,1.751990494036324,8.060656328885683,-0.00012047599230480115,0.6650728311440787
HOME_&_GARDEN_2_112,3,Nicho premium,2.2216414009409307,1.011431055060258,4.942244611059044,0.0006164322577708303,0.14507499188020997
HOME_&_GARDEN_2_113,1,Básicos de alto volumen,3.9587036069001567,0.602077950107364,2.352713458755427,0.00024226232863262302,0.08309769865431081
HOME_&_GARDEN_2_114,2,Baja rotación volátil,1.5671719811813904,1.5735653462456187,7.4198376102646355,0.0015930171274319818,0.3044248026577672
HOME_&_GARDEN_2_115,1,Básicos de alto volumen,9.502352326189232,0.7002934464789459,4.387096629616351,0.00033946838113164344,0.13256052662024287
HOME_&_GARDEN_2_116,0,Estacionales volátiles,1.173549398849974,1.4818630024122974,7.064388762338648,1.8853589027807135e-05,0.8938218293080187
HOME_&_GARDEN_2_117,1,Básicos de alto volumen,3.191845269210664,0.7943940335364152,2.8550466116887776,-0.0006430027665860185,0.14365530339246357
HOME_&_GARDEN_2_118,2,Baja rotación volátil,4.9100888656560375,0.940712798422621,4.27407614781635,0.0011432429050939122,0.10345698052868024
HOME_&_GARDEN_2_119,3,Nicho premium,3.3836905384213276,0.686481595067939,7.3,1.9387730565085274e-05,0.10450599268063854
HOME_&_GARDEN_2_120,2,Baja rotación volátil,0.49346576058546787,2.3495236179338095,9.925,0.0023437956778004803,0.3982811900922588
HOME_&_GARDEN_2_121,2,Baja rotación volátil,1.6774699424986932,1.0826255099301738,2.4476354303189165,0.00041135895645146085,0.18057552691046092
HOME_&_GARDEN_2_122,3,Nicho premium,2.4720334553058025,0.986671797042287,8.699421254101349,0.0003436032962984404,0.4136268917570735
HOME_&_GARDEN_2_123,2,Baja rotación volátil,1.1442760062728699,1.7540101064919271,2.4745366184448465,0.0020179526885450616,0.1856193748414955
HOME_&_GARDEN_2_124,3,Nicho premium,3.892838473601673,0.7646445583137063,6.497719109195403,-0.0005086512404944082,0.27470057424689354
HOME_&_GARDEN_2_125,0,Estacionales volátiles,1.2728698379508625,1.3251163845486547,11.069188637207576,-0.00019294296075664317,0.8296130774451282
HOME_&_GARDEN_2_126,0,Estacionales volátiles,1.3695765812859384,1.4034151015605787,8.692584167424931,0.0006827986504426354,0.4592263633325975
HOME_&_GARDEN_2_127,2,Baja rotación volátil,1.483533716675379,1.3623123107711212,7.32834443874936,0.0007946212235136311,0.25884133554019756
HOME_&_GARDEN_2_128,3,Nicho premium,2.932043910088866,1.1293660695831162,7.3972615632843315,-0.0008138351027413705,0.27534423678127046
HOME_&_GARDEN_2_129,2,Baja rotación volátil,1.2854155776267642,1.9256091037449827,7.270715265082267,0.0016279630048160831,0.4123874029370303
HOME_&_GARDEN_2_130,2,Baja rotación volátil,0.41244119184526923,2.246599018603692,9.9625,0.0020358072059169187,0.23544658908400307
HOME_&_GARDEN_2_131,3,Nicho premium,1.6868792472556196,1.039890832991603,15.190308686288587,-0.0003227577716864899,0.1601481316505607
HOME_&_GARDEN_2_132,2,Baja rotación volátil,0.7255619445896497,1.9976902607739508,2.4623373983739834,0.0014861961124565295,0.36167563268104014
HOME_&_GARDEN_2_133,3,Nicho premium,2.845791949817041,0.7414061450709918,6.204273350162279,-0.00011090129899674936,0.081321210552108
HOME_&_GARDEN_2_134,3,Nicho premium,0.6717198118139048,1.3403287613823875,7.418541142651816,2.8350606618771916e-05,0.23301014927013122
HOME_&_GARDEN_2_135,3,Nicho premium,4.633037114479874,0.6035546045939362,12.898604630294328,0.0003433165846357121,0.08779407791773022
HOME_&_GARDEN_2_136,1,Básicos de alto volumen,4.375849451123889,0.6267360374372929,6.07024407753051,0.00013135809833366232,0.12743842232647368
HOME_&_GARDEN_2_137,1,Básicos de alto volumen,2.188186095138526,0.8970055243258203,3.6819644140905825,-0.0001474463822264817,0.11042887044379769
HOME_&_GARDEN_2_138,3,Nicho premium,0.8353371667537899,1.2739030018778696,7.357236366919464,0.000274564096767186,0.10326137233522613
HOME_&_GARDEN_2_139,3,Nicho premium,3.332984840564558,0.7053363779666243,7.3,-2.0278737221664694e-05,0.12142275967324763
HOME_&_GARDEN_2_140,1,Básicos de alto volumen,8.289597490852065,0.4353648433385001,8.717652329749104,-0.00011133038445311144,0.04449282762754237
HOME_&_GARDEN_2_141,3,Nicho premium,0.7637219027705175,1.2473716447906726,6.011892064846418,9.966055530473582e-05,0.19178850371348719
HOME_&_GARDEN_2_142,1,Básicos de alto volumen,13.603240982749607,0.5047282918687429,2.463037634408602,7.417593265108273e-05,0.14067779196072067
HOME_&_GARDEN_2_143,3,Nicho premium,3.003659174072138,0.8022783513191587,8.057983494797272,0.00010988327162104759,0.19071598633042125
HOME_&_GARDEN_2_144,3,Nicho premium,1.1066387872451646,1.1450823827571046,5.4992771192528735,-0.0002876897022659489,0.1923151901229597
HOME_&_GARDEN_2_145,1,Básicos de alto volumen,5.6748562467328805,0.6458231192897352,4.949367774566474,4.011732682182235e-05,0.1650972358121633
HOME_&_GARDEN_2_146,2,Baja rotación volátil,1.040250914793518,1.940616205428483,8.067479300827967,0.002121930991245099,0.35190937953764106
HOME_&_GARDEN_2_147,3,Nicho premium,0.6037637219027705,1.3676344426096931,4.961556945955749,7.366989764912146e-05,0.08092738581703143
HOME_&_GARDEN_2_148,3,Nicho premium,1.8823836905384213,1.2819880383931965,7.423287192393737,0.0007004090832982846,0.14292002158181558
HOME_&_GARDEN_2_149,2,Baja rotación volátil,0.5635128071092524,1.5720815424384975,4.964614210985178,0.0004105718953560479,0.1887093515222586
HOME_&_GARDEN_2_150,3,Nicho premium,1.3277574490329325,1.239119813532894,8.7125,0.0008716725257980625,0.15127338085703104
HOME_&_GARDEN_2_151,2,Baja rotación volátil,0.6105593308938839,2.1824260986094144,5.545657338965154,0.0022064304288869135,0.26352527787819263
HOME_&_GARDEN_2_152,3,Nicho premium,2.0250914793518033,0.818788916801432,15.40264891696751,-9.980866111623849e-05,0.13002230232408848
HOME_&_GARDEN_2_153,2,Baja rotación volátil,1.265028750653424,1.8301579647977428,11.748423645320196,0.002111052587591696,0.22932195474578246
HOME_&_GARDEN_2_154,1,Básicos de alto volumen,3.8635650810245687,0.7393015871350296,2.3480138091822096,-0.0005305110363532559,0.22668096738950413
HOME_&_GARDEN_2_155,3,Nicho premium,3.068478829064297,0.7501330061195582,8.232673001075653,-0.0001142648903603379,0.2030468784542001
HOME_&_GARDEN_2_156,3,Nicho premium,1.7391531625718766,1.121733167748084,8.827765575079871,0.0004889942377249635,0.14205740433564576
HOME_&_GARDEN_2_157,2,Baja rotación volátil,0.5326711970726608,1.8989099185387426,6.8384942004971006,0.00175370689034111,0.13973437581531115
HOME_&_GARDEN_2_158,3,Nicho premium,1.1055933089388394,1.162184974299142,14.286334785903753,0.00047980394880077753,0.29039676973018963
HOME_&_GARDEN_2_159,1,Básicos de alto volumen,7.994772608468375,0.5067616319781859,4.928774915381723,0.00010362534851530482,0.08876539400862975
HOME_&_GARDEN_2_160,1,Básicos de alto volumen,10.000522739153162,0.4854164478037076,4.929160398646108,-2.261346904268241e-05,0.130411605416617
HOME_&_GARDEN_2_161,3,Nicho premium,0.505488761108207,1.671022739005368,13.6825,0.0009526918307695348,0.16882474466683237
HOME_&_GARDEN_2_162,0,Estacionales volátiles,0.6178776790381599,2.512976346263807,4.962211205236812,-0.0009637319595083104,1.0094105318209532
HOME_&_GARDEN_2_163,3,Nicho premium,2.492943021432305,0.8196034440865594,9.988712889210717,-0.0001452158106014096,0.11194177545321361
HOME_&_GARDEN_2_164,0,Estacionales volátiles,1.1552535284892838,1.9777135110861561,10.570090315142199,0.001365215661387167,0.4755232075408366
HOME_&_GARDEN_2_165,2,Baja rotación volátil,1.2279142707788813,1.1560234005287673,7.300877085377821,0.0010252506463101208,0.16311665927977959
HOME_&_GARDEN_2_166,3,Nicho premium,2.3863042341871408,0.8589803231201968,11.748467192542131,-0.000386810240708856,0.10926686460954038
HOME_&_GARDEN_2_167,2,Baja rotación volátil,1.9796131730266597,1.7798416367312777,3.6,0.0022523326695879434,0.19034574335808904
HOME_&_GARDEN_2_168,3,Nicho premium,1.476215368531103,1.0342745203105463,8.660668761220826,0.00010820949357957004,0.20013102141368133
HOME_&_GARDEN_2_169,2,Baja rotación volátil,0.8311552535284893,1.4430348407811449,7.3,0.001150060479352177,0.17817786212103986
HOME_&_GARDEN_2_170,1,Básicos de alto volumen,5.169367485624673,0.5763675917736033,1.8560473703170028,0.00048799236350817964,0.10120998592756765
HOME_&_GARDEN_2_171,2,Baja rotación volátil,1.81913225300575,1.5676491665522752,4.7756100266193435,0.0019834204662860524,0.14492977764045908
HOME_&_GARDEN_2_172,1,Básicos de alto volumen,5.686356508102457,0.7336455962334546,7.744422043010752,-0.0004620985540044839,0.1224786499056152
HOME_&_GARDEN_2_173,0,Estacionales volátiles,2.3204391008886565,1.000074115432209,8.663648196355522,5.7409307396038174e-05,0.4802098516980337
HOME_&_GARDEN_2_174,3,Nicho premium,1.1871406168322007,1.0067346879009813,4.9625,-6.016547760253931e-05,0.07674597327783841
HOME_&_GARDEN_2_175,2,Baja rotación volátil,0.3753267119707266,2.443763625623812,7.4581550218340595,0.0015016110947695222,0.22097096227299237
HOME_&_GARDEN_2_176,1,Básicos de alto volumen,18.966544694197594,0.5912375899305318,6.214516851918251,0.00033458446015740965,0.20949291063920436
HOME_&_GARDEN_2_177,2,Baja rotación volátil,1.0261369576581285,1.85192296823469,3.7249999999999996,0.001700968247035871,0.18251072250556669
HOME_&_GARDEN_2_178,0,Estacionales volátiles,3.686356508102457,0.8859908622956084,8.742369105087263,6.534018394650459e-05,0.4715209994920646
HOME_&_GARDEN_2_179,3,Nicho premium,1.9357030841610037,0.9201020362993553,7.4188777339548215,-0.0003884770319999131,0.10217326199996368
HOME_&_GARDEN_2_180,2,Baja rotación volátil,1.996340825927862,1.637682348188881,3.55,0.0020071926449491953,0.2017802199778644
HOME_&_GARDEN_2_182,3,Nicho premium,1.8536330371144798,0.907887877031916,8.730296914244708,2.4787259014855613e-05,0.11449548559059261
HOME_&_GARDEN_2_183,1,Básicos de alto volumen,4.552535284892839,0.5262169529159336,6.028586800573889,-0.00016669443620841368,0.03760479447493331
HOME_&_GARDEN_2_184,1,Básicos de alto volumen,5.400940930475692,0.5552566375886455,2.4537500000000003,-0.00014505688334122624,0.11102929506091747
HOME_&_GARDEN_2_185,2,Baja rotación volátil,4.524830109775222,1.0134562244540404,4.1723952665941235,0.0011328236288172771,0.12606612261562813
HOME_&_GARDEN_2_186,2,Baja rotación volátil,0.4594877156299007,2.566553531637977,12.475,0.0024835099057701863,0.2541765419007933
HOME_&_GARDEN_2_187,2,Baja rotación volátil,2.6931521170935704,1.2160912027835735,4.159291907514451,0.0008857068232715136,0.2291731344165011
HOME_&_GARDEN_2_188,2,Baja rotación volátil,1.6701515943544172,1.4147554401967546,9.04580549368968,0.0016805924233464515,0.10565001783517089
HOME_&_GARDEN_2_189,3,Nicho premium,0.8379508625196027,1.28004614092695,18.0950044603033,0.00018231701042111087,0.18494814139336904
HOME_&_GARDEN_2_190,2,Baja rotación volátil,2.9529534762153684,1.0832424706915993,1.2067879809599364,0.0007076470287387887,0.17431798905262372
HOME_&_GARDEN_2_191,1,Básicos de alto volumen,4.978044955567172,0.6024899727738846,6.249422043010753,6.53304930848294e-05,0.0989777907035032
HOME_&_GARDEN_2_192,2,Baja rotación volátil,0.9027705175117616,1.3442761190543777,2.4432708871662356,0.0004024130137961096,0.1264792023255583
HOME_&_GARDEN_2_193,1,Básicos de alto volumen,5.037114479874543,0.6700186161790931,6.168104838709677,-0.0002666069469283431,0.07667499666463504
HOME_&_GARDEN_2_194,0,Estacionales volátiles,0.6236278097229483,2.227939084361687,7.835096153846152,0.002104471116555629,0.7178974382353098
HOME_&_GARDEN_2_195,3,Nicho premium,2.5002613695765814,0.7949985161491631,18.624815846209124,0.000422745030467404,0.10155026351545988
HOME_&_GARDEN_2_196,2,Baja rotación volátil,5.630946157867224,0.9918064409691967,2.8375,0.0012685048413401572,0.06610863275162078
HOME_&_GARDEN_2_197,1,Básicos de alto volumen,8.27443805541035,0.5449865866030208,4.964565373563219,0.00010738521904136509,0.14132208936780996
HOME_&_GARDEN_2_198,3,Nicho premium,1.9184526921066387,0.8211751914347052,9.830056532663317,-0.00025052852086315846,0.11015017115573997
HOME_&_GARDEN_2_199,1,Básicos de alto volumen,8.533193936225823,0.51095840689407,4.929310668670173,0.0001870613778440573,0.09717035525534282
HOME_&_GARDEN_2_200,3,Nicho premium,4.16884474647151,0.7470864932580433,8.664628046562388,-3.2862299097002135e-05,0.2216160758155944
HOME_&_GARDEN_2_201,1,Básicos de alto volumen,6.48980658651333,0.47862959653771425,7.554874551971325,3.8063160494365334e-05,0.09332631095032677
HOME_&_GARDEN_2_202,0,Estacionales volátiles,0.5859905906952431,1.5175965243867082,10.943247511485453,0.00018507032274446021,0.4183977310536411
HOME_&_GARDEN_2_203,2,Baja rotación volátil,5.47360167276529,1.0484790848334127,3.7125,0.0013504624215554216,0.1286310310966737
HOME_&_GARDEN_2_204,3,Nicho premium,1.065865133298484,1.0846979544379243,16.196121337340347,0.0004247424047330772,0.1287529494159541
HOME_&_GARDEN_2_205,3,Nicho premium,1.2205959226346053,1.182454142216893,7.310243992153016,0.0007395726731195315,0.10268935157119935
HOME_&_GARDEN_2_206,1,Básicos de alto volumen,1.930475692629378,0.8246551339033701,3.589754023408925,0.00021915554575248404,0.12442427627440927
HOME_&_GARDEN_2_207,3,Nicho premium,2.5206481965499217,0.797453327335627,8.589665530846485,-0.00047360065089935527,0.1717137824159372
HOME_&_GARDEN_2_208,3,Nicho premium,1.378463146889702,1.0612759446391185,16.14171681083114,0.00020346060777263914,0.30917087760611595
HOME_&_GARDEN_2_209,3,Nicho premium,2.3387349712493464,0.8288449828540069,10.403951874549387,-0.000391638449368819,0.1902747985044541
HOME_&_GARDEN_2_210,0,Estacionales volátiles,0.9163617354939885,1.3403964080165143,11.18149834437086,-2.7270760201499635e-05,0.43322436595948394
HOME_&_GARDEN_2_211,3,Nicho premium,0.6894929430214323,1.3585170936508402,24.973369956772334,9.404905809287832e-05,0.16641967791671966
HOME_&_GARDEN_2_212,1,Básicos de alto volumen,10.165185572399373,0.5015342467263129,3.328911290322581,-0.00020786988441464703,0.08408737391507255
HOME_&_GARDEN_2_213,2,Baja rotación volátil,9.226868792472557,1.240375441373888,1.2095523212969785,0.0017151861346297464,0.11720120434231175
HOME_&_GARDEN_2_214,3,Nicho premium,2.010977522216414,0.9098398044310089,8.643094938980617,1.1340811116699966e-05,0.2540987909146915
HOME_&_GARDEN_2_215,1,Básicos de alto volumen,3.208050182958704,0.9341468977255224,2.3778804737975596,-0.0003978511944801881,0.29436200630265985
HOME_&_GARDEN_2_216,0,Estacionales volátiles,0.4260324098274961,2.825116332955307,8.665808823529414,0.002311917254962329,0.6447991765628349
HOME_&_GARDEN_2_217,1,Básicos de alto volumen,7.568217459487716,0.5593418957181199,3.5835573476702516,-1.7554763628533354e-05,0.04022103541461516
HOME_&_GARDEN_2_218,3,Nicho premium,1.244119184526921,1.0522817714195734,14.314185599120556,-0.0004008394323220295,0.13659687319983557
HOME_&_GARDEN_2_219,1,Básicos de alto volumen,6.954521693674856,0.7302912748975939,3.9214516129032253,-0.0004073940831185358,0.44662430018524263
HOME_&_GARDEN_2_220,3,Nicho premium,2.328802927339258,1.0044642236716874,8.883566308243728,-0.0004057096043909789,0.41478136320609504
HOME_&_GARDEN_2_221,2,Baja rotación volátil,2.168844746471511,1.7305404421721549,3.4625,0.002020745924709725,0.22714792267886552
HOME_&_GARDEN_2_222,1,Básicos de alto volumen,7.9660219550444324,0.7132658125617497,6.426205197132616,-0.0003191352383968066,0.3443877182255042
HOME_&_GARDEN_2_223,3,Nicho premium,2.141662310507057,0.7734717090551851,18.68777817659727,4.123455528597753e-05,0.09835216080432209
HOME_&_GARDEN_2_224,3,Nicho premium,1.516466283324621,0.9703074689985975,4.9625,0.00023479017472402105,0.09325272016612426
HOME_&_GARDEN_2_225,2,Baja rotación volátil,5.5734448510193415,1.4014282504447746,1.2092465753424657,0.0018480069633565375,0.18473410170884383
HOME_&_GARDEN_2_226,0,Estacionales volátiles,2.647151071615264,0.9986803425789813,8.702721484935438,-9.426047190134764e-05,0.4564219966885204
HOME_&_GARDEN_2_227,3,Nicho premium,1.0700470465237846,1.206473792904113,4.98587450054486,0.00010382831543357483,0.192488964132198
HOME_&_GARDEN_2_228,3,Nicho premium,3.062205959226346,0.712414499403642,6.4714895720963685,-0.00020391730166504187,0.11865039606969247
HOME_&_GARDEN_2_229,3,Nicho premium,2.4500784108729743,0.9570824890328132,5.832326175869121,0.0008302007865768381,0.13250673538502594
HOME_&_GARDEN_2_230,0,Estacionales volátiles,0.5060115002613695,2.0212977993118706,3.088907926102503,0.000926118660693293,0.47620251354005544
HOME_&_GARDEN_2_231,1,Básicos de alto volumen,2.749607945635128,0.6602253043729794,4.9732750896057345,-0.0001355106029344709,0.10785241578868
HOME_&_GARDEN_2_232,3,Nicho premium,3.4558285415577625,0.921079040683996,5.831346701954398,0.0005871871511679388,0.12379509530056401
HOME_&_GARDEN_2_233,3,Nicho premium,1.3925771040250914,0.9674142239496913,14.84664360172538,-0.00021243830759052227,0.1395396103900033
HOME_&_GARDEN_2_234,3,Nicho premium,2.299006795608991,0.922978002737553,7.351186594202899,-4.340935366757428e-05,0.2114038206180394
HOME_&_GARDEN_2_235,3,Nicho premium,2.304234187140617,0.9195978847591256,8.947838952654232,-0.0005322509459984222,0.11128213989632578
HOME_&_GARDEN_2_236,3,Nicho premium,1.8379508625196028,0.8094367510204351,10.59797516198704,0.000300818810908269,0.11826546479158737
HOME_&_GARDEN_2_237,0,Estacionales volátiles,2.2681651855723994,1.4260462961974405,7.422997601918466,6.8105621050729614e-06,0.39743859312674684
HOME_&_GARDEN_2_238,3,Nicho premium,3.371144798745426,0.8685095145369452,12.906227582496413,0.00010346096098800264,0.40212155632748914
HOME_&_GARDEN_2_239,1,Básicos de alto volumen,10.439623627809723,0.8638830446303337,1.55,0.00018795025376347254,0.09699665015484303
HOME_&_GARDEN_2_240,0,Estacionales volátiles,3.0067956089911134,1.2969591193294856,6.224789562289562,-0.00022800178571431826,0.9477022766526623
HOME_&_GARDEN_2_241,3,Nicho premium,3.0088865656037638,0.7546808791162327,6.225117540687161,-0.00038127798613516616,0.10243176172332892
HOME_&_GARDEN_2_242,3,Nicho premium,1.442237323575536,1.0494211147216013,16.365002695902227,-0.0007674950304831374,0.10152086788501019
HOME_&_GARDEN_2_243,3,Nicho premium,0.9602718243596445,1.1253933652290995,3.2461888048956085,-7.502781930579318e-05,0.09632011610248047
HOME_&_GARDEN_2_244,1,Básicos de alto volumen,3.6346053319393623,0.8058760294459232,4.965606831395349,1.6961304850268438e-05,0.3581823374954032
HOME_&_GARDEN_2_245,2,Baja rotación volátil,0.40773653946680605,2.166485634151462,2.4625,0.0012412772386080709,0.2975847109063996
HOME_&_GARDEN_2_246,3,Nicho premium,3.063774176685834,0.6541632196538135,9.842882131324004,-0.00014762329928908054,0.06717568077999751
HOME_&_GARDEN_2_247,1,Básicos de alto volumen,3.6502875065342395,0.6942425572071322,4.96182650862069,8.088182904207143e-05,0.13691132751934154
HOME_&_GARDEN_2_248,2,Baja rotación volátil,2.4704652378463146,1.8769561107427406,11.368633828996284,0.002395111448132299,0.3638168827675003
HOME_&_GARDEN_2_249,0,Estacionales volátiles,1.2080501829587036,1.2191253516359104,10.461217485549133,-0.0002530393511599682,0.4955659809293269
HOME_&_GARDEN_2_250,3,Nicho premium,4.562467328802927,0.6346095339458381,8.79545944005743,-0.00011870644262066797,0.06976820901732839
HOME_&_GARDEN_2_251,1,Básicos de alto volumen,4.156299006795609,0.9317739772682069,4.955032695002336,0.000665741419951746,0.1349023515597265
HOME_&_GARDEN_2_252,0,Estacionales volátiles,1.814427600627287,1.184738993931057,8.654630750605326,0.00011030579685653214,0.47200379423677746
HOME_&_GARDEN_2_253,3,Nicho premium,1.0015682174594878,1.0275134858635777,7.323647673999278,-1.5339433335763994e-05,0.0812949973501415
HOME_&_GARDEN_2_254,3,Nicho premium,0.9341348667015159,1.2077584459449862,5.5009380610412935,-0.0001671429406178609,0.2774638477646072
HOME_&_GARDEN_2_255,3,Nicho premium,1.7255619445896497,0.8792193545079017,12.489221341023791,-7.639024231190288e-05,0.13839861914529844
HOME_&_GARDEN_2_256,3,Nicho premium,5.558808154730789,0.8059179616001065,7.235028069540022,-0.0004557381573808604,0.2894944282199196
HOME_&_GARDEN_2_257,3,Nicho premium,4.687401986408782,0.7969994103591701,7.3477133597407285,-0.0002721438905544731,0.19539304826076775
HOME_&_GARDEN_2_258,2,Baja rotación volátil,0.9623627809722948,1.2050159019828817,4.974272025883524,0.0008523637211743165,0.1386380215224959
HOME_&_GARDEN_2_259,3,Nicho premium,2.9383167799268164,0.6691151387364066,9.670858758076095,-0.00025227880817572696,0.08075720694419566
HOME_&_GARDEN_2_260,3,Nicho premium,1.9215891270256142,0.880074104265369,8.713127465041234,9.531173689685331e-05,0.15649913105890112
HOME_&_GARDEN_2_261,3,Nicho premium,2.3596445373758494,1.0369243004168482,8.870274390243903,-8.051605146860248e-05,0.3632694628414728
HOME_&_GARDEN_2_262,1,Básicos de alto volumen,5.422895974908521,0.6173112934428681,6.217732974910395,3.7405926470313036e-05,0.0971333088717024
HOME_&_GARDEN_2_263,2,Baja rotación volátil,0.9106116048092002,1.6745328208290498,6.837500000000001,0.0017299269488223717,0.18688618773053603
HOME_&_GARDEN_2_264,2,Baja rotación volátil,1.7579717720857293,1.490706285229507,4.35,0.0018801993067954304,0.11924487157057422
HOME_&_GARDEN_2_265,3,Nicho premium,2.4662833246210143,0.8904866662235688,6.207131519274377,0.0008706369578287638,0.09774557027651731
HOME_&_GARDEN_2_266,2,Baja rotación volátil,4.7631991636173545,1.0605916932140138,3.7125,0.0013032022237049491,0.08038999999329796
HOME_&_GARDEN_2_267,2,Baja rotación volátil,2.660742289597491,0.935601321827061,2.472719831618335,0.0009378890520080452,0.08189830107481347
HOME_&_GARDEN_2_268,3,Nicho premium,2.8468374281233664,0.891156586504264,6.799206989247312,-0.0001985321899225344,0.14243394579990715
HOME_&_GARDEN_2_269,3,Nicho premium,1.7694720334553058,0.8593877732285524,12.938855475763017,-0.0002350695164988068,0.09618711284047765
HOME_&_GARDEN_2_270,0,Estacionales volátiles,2.538421327757449,1.1587908972398706,7.135103231597846,-0.00041300145789752326,0.598424852062425
HOME_&_GARDEN_2_271,3,Nicho premium,1.6706743335075798,1.0779000222878201,5.833212077118953,-0.0006678274457360599,0.1451774754469281
HOME_&_GARDEN_2_272,2,Baja rotación volátil,1.6048092002090957,1.4144187564813209,6.829493243243243,0.00156610037423331,0.28808806876186926
HOME_&_GARDEN_2_273,3,Nicho premium,3.4438055410350237,0.756935608617476,6.589084949712644,-0.00011553316052465751,0.21253365795500073
HOME_&_GARDEN_2_274,3,Nicho premium,1.1918452692106638,1.077041198856342,7.751881720430108,-8.633029334264822e-05,0.2183979225112606
HOME_&_GARDEN_2_275,1,Básicos de alto volumen,3.6314688970203868,0.6958523120729228,6.470197132616488,-0.00031754497894308605,0.08963753720156961
HOME_&_GARDEN_2_276,0,Estacionales volátiles,0.9587036069001568,1.5150449410813607,6.8375,0.0004909316074663485,0.4476499013545583
HOME_&_GARDEN_2_277,2,Baja rotación volátil,1.6377417668583376,1.2353195244482238,4.161495468277946,0.0012686966284400627,0.09037431835103477
HOME_&_GARDEN_2_278,3,Nicho premium,0.571353894406691,1.5750991545045019,13.715488640461595,-0.00010296837280318288,0.1264158084304147
HOME_&_GARDEN_2_279,0,Estacionales volátiles,1.5912179822268688,1.2268200629944022,5.527015631427396,-0.00020560363937573208,0.44011231241862275
HOME_&_GARDEN_2_280,2,Baja rotación volátil,0.9749085206481966,1.724254861023405,7.462499999999998,0.0018461582227628469,0.20480905209638536
HOME_&_GARDEN_2_281,1,Básicos de alto volumen,3.1766858337689494,0.7126178832335662,6.283910003585515,-0.00035867485737186807,0.11233303424032007
HOME_&_GARDEN_2_282,0,Estacionales volátiles,5.317825405122844,1.1678671972529595,7.138109756097561,-0.0008903955303654305,0.5681044656025699
HOME_&_GARDEN_2_283,0,Estacionales volátiles,1.734971249346576,1.2279745636334531,7.117952508960574,-0.0003158790100589629,0.5423591610521729
HOME_&_GARDEN_2_284,3,Nicho premium,4.8839519079979095,0.726059340953706,7.74857475797777,-0.0002987812369290162,0.1322068514237771
HOME_&_GARDEN_2_285,3,Nicho premium,2.9299529534762154,0.8040177947502402,5.838046987087518,-0.0005974545879040934,0.15932890978776829
HOME_&_GARDEN_2_286,2,Baja rotación volátil,1.1317302665969682,1.8295125790500828,2.6750000000000003,0.002124621350074622,0.23499057190126754
HOME_&_GARDEN_2_287,1,Básicos de alto volumen,4.576581285938317,0.5642707309368175,2.3821620652563644,-6.704969814864105e-06,0.12260387305278127
HOME_&_GARDEN_2_288,1,Básicos de alto volumen,3.8562467328802925,0.6418506532769952,4.878867873789889,-0.0004431917098597417,0.051360032807583826
HOME_&_GARDEN_2_289,0,Estacionales volátiles,3.1615263983272346,1.7987163778015944,7.37638358778626,0.001196691795315731,0.9713218714866589
HOME_&_GARDEN_2_290,3,Nicho premium,0.9440669106116049,1.1800584970443504,7.800000000000001,0.0006199976576579172,0.10793132697595276
HOME_&_GARDEN_2_291,3,Nicho premium,1.3868269733403031,1.0525212148251384,6.112868970482361,6.194276325524828e-05,0.07802828905605755
HOME_&_GARDEN_2_292,3,Nicho premium,1.4171458442237324,1.0146385913026768,15.787284017278617,0.00039020999199905563,0.12431302063183537
HOME_&_GARDEN_2_293,3,Nicho premium,1.9581808677469943,0.8373604794542963,8.959343615494978,-6.588438369622483e-05,0.160220062062994
HOME_&_GARDEN_2_294,1,Básicos de alto volumen,10.656037637219027,0.9575001758296041,5.953581989247312,0.0011787019549438318,0.23893704530539317
HOME_&_GARDEN_2_295,1,Básicos de alto volumen,4.275483533716676,0.5761477667034374,7.402455197132615,-7.740566770735227e-05,0.051484188328050975
HOME_&_GARDEN_2_296,3,Nicho premium,2.295347621536853,0.9696865720401064,5.828710698244182,0.00046831934922733046,0.11297196683132327
HOME_&_GARDEN_2_297,3,Nicho premium,3.660742289597491,0.582729541705393,7.55791008614501,-8.925940545864011e-05,0.060406880055976345
HOME_&_GARDEN_2_298,2,Baja rotación volátil,3.110820700470465,1.0412947187392025,4.27511911852293,0.0013598438215376126,0.102031999772981
HOME_&_GARDEN_2_299,1,Básicos de alto volumen,11.830632514375326,0.45157464048473567,1.5497177419354842,-0.000234557641625615,0.1268437501547407
HOME_&_GARDEN_2_300,2,Baja rotación volátil,1.286983795086252,1.3006542800635499,9.949931842966194,0.0011087310983402912,0.2971865773601908
HOME_&_GARDEN_2_301,1,Básicos de alto volumen,10.6382645060115,0.5613887442015586,2.4698297491039427,-0.0003927722179143964,0.03974585936648896
HOME_&_GARDEN_2_302,2,Baja rotación volátil,1.9200209095661265,1.3630096239572236,3.832771682340648,0.0006455832898352161,0.20857743248408403
HOME_&_GARDEN_2_303,2,Baja rotación volátil,1.560376372190277,1.3824684694754537,8.781178977272727,0.001475283009486997,0.21664906741940546
HOME_&_GARDEN_2_304,3,Nicho premium,0.9283847360167277,1.2486078670976222,7.539417205459771,0.00010459254029806614,0.25421366490872543
HOME_&_GARDEN_2_305,3,Nicho premium,2.864087820177731,0.8580954056440699,6.682473070017953,-0.00019799535837068894,0.17196088375454838
HOME_&_GARDEN_2_306,0,Estacionales volátiles,0.8154730789336121,1.7168732069427304,6.244539523449319,0.0005857122606148721,0.37295360676072126
HOME_&_GARDEN_2_307,2,Baja rotación volátil,0.41610036591740723,2.1006368327453364,7.475,0.0017197721467610088,0.10615135940025265
HOME_&_GARDEN_2_308,1,Básicos de alto volumen,7.501306847882907,0.7400963369414549,4.410685483870968,-0.0007678047976143138,0.07019989085367204
HOME_&_GARDEN_2_309,2,Baja rotación volátil,0.4997386304234187,1.6628045352730942,3.0865623237450652,0.0009497039749365576,0.22097261317975833
HOME_&_GARDEN_2_310,1,Básicos de alto volumen,3.1458442237323574,0.6926619546400276,1.774789798206278,-0.00020338877562474413,0.1641965579773482
HOME_&_GARDEN_2_311,3,Nicho premium,2.5906952430737062,0.9826172778901424,7.379903984206749,-0.0002715916169107309,0.20058855246916876
HOME_&_GARDEN_2_312,2,Baja rotación volátil,3.2205959226346055,1.644291462423089,4.9625,0.0022106291605340257,0.2606212921837716
HOME_&_GARDEN_2_313,2,Baja rotación volátil,2.191845269210664,1.493343896135702,2.446669407894737,0.0018786232905181213,0.19422902227563033
HOME_&_GARDEN_2_314,0,Estacionales volátiles,0.887611082070047,2.0239759881482984,2.463814195736434,0.0010764618006853814,0.5327630103536337
HOME_&_GARDEN_2_315,3,Nicho premium,4.092524830109776,0.6255342111922643,9.563010752688172,-2.0643642400050525e-05,0.07824950202777768
HOME_&_GARDEN_2_316,3,Nicho premium,3.4354417145844223,0.6563156996301892,9.04802206673843,0.00022602869430212743,0.07677524264634565
HOME_&_GARDEN_2_317,3,Nicho premium,1.7302665969681128,0.9765451386718226,5.556658836284785,-0.0003517863591328357,0.14466142922655853
HOME_&_GARDEN_2_318,2,Baja rotación volátil,0.6884474647151072,1.7522189601869178,4.9625,0.0018103385283749886,0.11852578250257824
HOME_&_GARDEN_2_319,2,Baja rotación volátil,2.9357030841610037,1.1649568706911022,2.475,0.00140352258102222,0.2001099029807875
HOME_&_GARDEN_2_320,3,Nicho premium,2.193936225823314,1.1096996594273096,10.642551065719362,-3.173601366923077e-05,0.17938086148544005
HOME_&_GARDEN_2_321,3,Nicho premium,3.3523261892315737,0.8196741279297131,6.590990143369176,-0.00027250892198469836,0.33195986695463275
HOME_&_GARDEN_2_322,2,Baja rotación volátil,3.5561944589649763,1.0397805686146755,2.7750000000000004,0.0011712040431727591,0.08659670725730531
HOME_&_GARDEN_2_323,2,Baja rotación volátil,2.179822268687925,1.2813365458649844,4.9625,0.0012983417125116024,0.1985743589026179
HOME_&_GARDEN_2_324,3,Nicho premium,3.388395190799791,0.65054857336828,17.821125226860254,-4.577856587468145e-05,0.1388566871376099
HOME_&_GARDEN_2_325,1,Básicos de alto volumen,5.203345530580241,0.5047324058574573,4.694439964157707,8.755171284004321e-05,0.06633283773049689
HOME_&_GARDEN_2_326,3,Nicho premium,2.150026136957658,0.835647757729946,7.425000000000001,-2.464688087300735e-05,0.19008423558311766
HOME_&_GARDEN_2_327,1,Básicos de alto volumen,2.1228437009932044,0.8496456293729896,3.7369690936670463,4.530388884861121e-05,0.11356366327884794
HOME_&_GARDEN_2_328,3,Nicho premium,2.5781495033978046,0.8663422953648579,8.96215041233417,-0.00043947723801906905,0.22839783617624113
HOME_&_GARDEN_2_329,1,Básicos de alto volumen,4.962885520125457,0.6684184548093223,3.4988097532767926,-0.00019527837876049623,0.1083434000004758
HOME_&_GARDEN_2_330,2,Baja rotación volátil,0.6215368531102979,2.0690434056539666,4.612699316628702,0.0021418127318787662,0.2832498390922729
HOME_&_GARDEN_2_331,2,Baja rotación volátil,0.4830109775222164,1.7174224610578397,4.922636707388016,0.0012494874847480404,0.11426228712206472
HOME_&_GARDEN_2_332,3,Nicho premium,1.8881338212232097,0.9237144708636704,8.210394973070018,-0.00046032338177838815,0.1809370201227077
HOME_&_GARDEN_2_333,0,Estacionales volátiles,1.2138003136434918,1.5166362198739944,6.226049976536838,0.0008423397196620297,0.7676904707164597
HOME_&_GARDEN_2_334,3,Nicho premium,1.7835859905906952,0.9875915947480872,3.7257212457011843,0.0002662509408794131,0.11199812386428872
HOME_&_GARDEN_2_335,2,Baja rotación volátil,2.38212232096184,1.7360557716614764,7.761366181410975,0.0022134083856380064,0.3127314039294887
HOME_&_GARDEN_2_336,3,Nicho premium,9.077888133821224,0.6099675214056417,11.448420674802584,0.00022843238256083564,0.1592121359067954
HOME_&_GARDEN_2_337,3,Nicho premium,2.212754835337167,0.7874114991874647,8.241018286124058,-0.0002479772813622492,0.18691577707295473
HOME_&_GARDEN_2_338,2,Baja rotación volátil,0.967067433350758,1.6518149017175443,6.15,0.0019153647555032636,0.07988239956770961
HOME_&_GARDEN_2_339,3,Nicho premium,1.6711970726607424,1.0873940960101884,8.674022786217117,1.0020822099055257e-06,0.4189631667740426
HOME_&_GARDEN_2_340,0,Estacionales volátiles,1.1970726607422897,2.075692840481945,6.2285189573459725,0.00010170718697185756,1.1978833107393385
HOME_&_GARDEN_2_341,1,Básicos de alto volumen,6.775744903293257,0.5736125102598499,6.616388888888889,-3.2935457930901466e-05,0.08007373909123086
HOME_&_GARDEN_2_342,1,Básicos de alto volumen,10.427077888133821,0.9137204633223004,1.2125,0.0013313229258095328,0.1339530941068818
HOME_&_GARDEN_2_343,2,Baja rotación volátil,2.815473078933612,1.1644185939677527,3.475,0.001300948572634845,0.17184643662008528
HOME_&_GARDEN_2_344,0,Estacionales volátiles,2.9785676947203346,1.748970782219451,7.314583333333334,0.00127258804840421,0.8998982104245298
HOME_&_GARDEN_2_345,3,Nicho premium,1.755880815473079,0.8778740586359652,7.300000000000001,7.6124534803240996e-06,0.05895413826401848
HOME_&_GARDEN_2_346,2,Baja rotación volátil,5.182435964453737,1.0620962283409927,4.13808904109589,0.001292389718483908,0.189049041953902
HOME_&_GARDEN_2_347,3,Nicho premium,3.0789336121275483,0.852186222464393,11.493644675510936,-0.00043057157081793343,0.12284831033426405
HOME_&_GARDEN_2_348,1,Básicos de alto volumen,11.61369576581286,0.45697523338280677,8.073555794761392,-0.00010074143108629416,0.06007265449664397
HOME_&_GARDEN_2_349,1,Básicos de alto volumen,6.012023000522739,0.6506067660847342,6.041294802867384,-0.0002294648666945702,0.09875410383443894
HOME_&_GARDEN_2_350,1,Básicos de alto volumen,8.974908520648196,0.5757186097114005,3.660577956989247,-0.000372439499497399,0.10740070186036872
HOME_&_GARDEN_2_351,3,Nicho premium,1.5682174594877156,0.972086511442045,7.420932576035178,0.00037739536469878407,0.1012939180472301
HOME_&_GARDEN_2_352,1,Básicos de alto volumen,1.8348144276006273,0.953473654060421,3.7059967730369308,-0.0002061856556157523,0.06934168495843883
HOME_&_GARDEN_2_353,3,Nicho premium,4.362780972294825,0.8682384873562163,5.832825909276666,0.0007780775626577435,0.11051327359928412
HOME_&_GARDEN_2_354,1,Básicos de alto volumen,7.212232096184004,0.870706037666313,1.2123910984848483,-6.739109894874245e-05,0.12061542371323057
HOME_&_GARDEN_2_355,3,Nicho premium,3.0987976999477262,0.6954682624918671,14.032807428777497,-0.00023885532047755162,0.0951773845584113
HOME_&_GARDEN_2_356,3,Nicho premium,3.2676424464192366,0.6646605884361272,12.3347609561753,-0.00020981100205798368,0.12148234282221225
HOME_&_GARDEN_2_357,0,Estacionales volátiles,1.5619445896497648,1.3192870057510357,10.023490514410799,-0.00012142566058272166,0.7441804381466357
HOME_&_GARDEN_2_358,2,Baja rotación volátil,0.5185572399372713,1.805275098512859,6.165566821808511,0.0016597576456406698,0.17713881193936004
HOME_&_GARDEN_2_359,2,Baja rotación volátil,1.0334553058024045,1.8766571364113172,11.742522211253704,0.0020380259050883803,0.3005762978510206
HOME_&_GARDEN_2_360,2,Baja rotación volátil,0.8139048614741244,1.8235333588332459,9.9625,0.0016921167156809488,0.17423699540592272
HOME_&_GARDEN_2_361,2,Baja rotación volátil,1.8457919498170412,1.2843600756185314,8.836722417840376,0.0010709130188162918,0.2472511746872892
HOME_&_GARDEN_2_362,3,Nicho premium,1.5169890224777836,0.8808179525283109,4.640487082884823,9.092598571881461e-05,0.07124538382616842
HOME_&_GARDEN_2_363,3,Nicho premium,2.3094615786722423,0.8966447862398306,7.755346083788706,-0.0003955256866985418,0.15562264081136426
HOME_&_GARDEN_2_364,0,Estacionales volátiles,0.9200209095661265,1.7319780503546256,7.091372832369942,0.0010864564789167367,0.5326685508030106
HOME_&_GARDEN_2_365,2,Baja rotación volátil,0.4997386304234187,2.2900869063941647,6.0875,0.0023143893683534576,0.2154723599714107
HOME_&_GARDEN_2_366,1,Básicos de alto volumen,12.987454260324098,0.4648137051264406,4.7858842010772,-0.0002539806030610757,0.13419830368668814
HOME_&_GARDEN_2_367,3,Nicho premium,2.3998954521693676,0.7599077555326622,8.958968951902369,-0.0004386111757506192,0.07446926065828383
HOME_&_GARDEN_2_368,1,Básicos de alto volumen,5.951385258755881,0.6063270658506905,6.875739247311828,-0.000172043604625526,0.1873644477694062
HOME_&_GARDEN_2_369,1,Básicos de alto volumen,6.023000522739153,0.5698695332995349,8.104844926496954,-4.2152997324026165e-05,0.140673074397062
HOME_&_GARDEN_2_370,3,Nicho premium,2.5436487192890747,1.1152451123215767,7.633134636070275,-0.0007196816120865954,0.3756241928094886
HOME_&_GARDEN_2_371,1,Básicos de alto volumen,11.966544694197596,0.5817895447546118,0.975,-0.00017667946188727892,0.1825037607294145
HOME_&_GARDEN_2_372,2,Baja rotación volátil,0.8944066910611604,2.057134815890119,10.952227934875749,0.0016324775159480553,0.27505347646452505
HOME_&_GARDEN_2_373,3,Nicho premium,3.0470465237846316,0.9016473428731617,5.848490294751977,-0.0007917710196321071,0.12191981606176412
HOME_&_GARDEN_2_374,2,Baja rotación volátil,4.1876633559853635,1.0224121599628806,3.731089922048998,0.0010076356477426596,0.18153249525661386
HOME_&_GARDEN_2_375,3,Nicho premium,4.046523784631469,0.7880099261433877,8.186517309772809,-0.00010476690901676918,0.24331317147923504
HOME_&_GARDEN_2_376,1,Básicos de alto volumen,4.476215368531103,0.6245070617704367,4.691735463029433,0.00024341248424107983,0.1874248541312456
HOME_&_GARDEN_2_377,3,Nicho premium,2.6779926816518556,0.7888853987789602,6.196900938289426,-9.372408286970396e-05,0.11188058736070228
HOME_&_GARDEN_2_378,3,Nicho premium,2.189231573444851,0.8254263856253289,8.738191948238677,-3.2688186647661874e-05,0.1281418313213113
HOME_&_GARDEN_2_379,3,Nicho premium,2.2195504443282803,1.063613493972993,5.498239247311829,-0.0007460815911968864,0.2923092227433704
HOME_&_GARDEN_2_380,1,Básicos de alto volumen,4.456351280710925,0.7638165135776452,6.486335125448028,-0.0004640170787333159,0.15106940267379962
HOME_&_GARDEN_2_381,2,Baja rotación volátil,0.47464715107161526,1.8716848760651266,7.422983870967742,0.0017944668792278051,0.2187403173281973
HOME_&_GARDEN_2_382,2,Baja rotación volátil,1.9435441714584423,1.795671253678895,4.35,0.002262217297560687,0.21147399234616893
HOME_&_GARDEN_2_383,1,Básicos de alto volumen,3.969681129116571,0.6749080513638123,4.921263440860215,-5.364704069328805e-05,0.27379341264795254
HOME_&_GARDEN_2_384,0,Estacionales volátiles,3.80083638264506,1.1604012267631971,7.12339928057554,-0.00043443354155001655,0.6205602047909908
HOME_&_GARDEN_2_385,3,Nicho premium,2.515420805018296,0.8917196111018282,8.949385546588408,-4.3985405120872626e-05,0.311369830879728
HOME_&_GARDEN_2_386,2,Baja rotación volátil,2.052273915316257,1.2240983010802697,4.9625,0.0009367022621371783,0.11620668596245687
HOME_&_GARDEN_2_387,2,Baja rotación volátil,1.2592786199686357,1.6468721141806906,7.490019151443724,0.0006744945455429679,0.3393896588777959
HOME_&_GARDEN_2_388,3,Nicho premium,4.81913225300575,0.6630448575016564,8.713494623655915,-9.425981742098719e-05,0.18828274510058685
HOME_&_GARDEN_2_389,2,Baja rotación volátil,6.918975431259802,1.645754989002303,2.4625,0.0021354092697946038,0.21240246844712513
HOME_&_GARDEN_2_390,3,Nicho premium,3.357553580763199,0.6893755512448894,7.375175044883303,-0.0002522330473952895,0.14582366785796577
HOME_&_GARDEN_2_391,3,Nicho premium,2.570308416100366,0.7083927704871607,14.310353173180353,-0.0001646986891542988,0.0956684812507454
HOME_&_GARDEN_2_392,2,Baja rotación volátil,0.46785154208050184,1.6302479502799823,6.2125,0.0007464604852343043,0.10250215537798775
HOME_&_GARDEN_2_393,3,Nicho premium,0.9168844746471511,1.2360515274333177,6.636013513513514,-9.85928660447007e-05,0.09694913470762208
HOME_&_GARDEN_2_394,3,Nicho premium,2.2775744903293256,0.992074179967491,7.734901433691755,-0.0004612057033053837,0.32751532115310766
HOME_&_GARDEN_2_395,1,Básicos de alto volumen,7.023000522739153,0.6503527431628,4.5875,4.009405135567821e-05,0.07459566641564641
HOME_&_GARDEN_2_396,2,Baja rotación volátil,0.46628332462101413,2.135669075557252,10.932329598506069,0.0018531188243464214,0.20515001431758967
HOME_&_GARDEN_2_397,2,Baja rotación volátil,0.531102979613173,1.7577894956029496,8.727325197889183,0.0014333142664986818,0.14418608862064686
HOME_&_GARDEN_2_398,3,Nicho premium,1.8212232096184005,0.8698850050335778,9.838375538793104,-0.00041235316386217477,0.09551510732724174
HOME_&_GARDEN_2_399,2,Baja rotación volátil,1.4918975431259802,1.804942124252828,3.3375,0.002062748785209355,0.1277700180872375
HOME_&_GARDEN_2_400,2,Baja rotación volátil,1.7475169890224778,1.365744749144878,4.85,0.001656981718036516,0.09035740265722167
HOME_&_GARDEN_2_401,2,Baja rotación volátil,3.802404600104548,1.126832554059489,4.135352760736196,0.001438800114467055,0.15908052407882067
HOME_&_GARDEN_2_402,2,Baja rotación volátil,1.5990590695243074,1.6006217302287526,11.2125,0.001964312046580976,0.11875474930871682
HOME_&_GARDEN_2_403,1,Básicos de alto volumen,4.888133821223209,0.6204716546701333,6.381123280231717,-7.976103211011159e-05,0.12101274043188602
HOME_&_GARDEN_2_404,2,Baja rotación volátil,1.9168844746471512,1.5609316804392803,3.7125,0.001936017361334279,0.18015206399170117
HOME_&_GARDEN_2_405,0,Estacionales volátiles,2.2932566649242028,1.45913790295406,7.016489361702128,0.000417376912540069,0.7340616395977968
HOME_&_GARDEN_2_406,3,Nicho premium,2.509147935180345,0.7520425788423336,16.080983135988518,-3.287273251924817e-05,0.09672420621518064
HOME_&_GARDEN_2_407,3,Nicho premium,1.804495556717198,0.7956039271095365,6.229198062432724,3.889865130520203e-06,0.07971492880598974
HOME_&_GARDEN_2_408,3,Nicho premium,4.812859383167799,0.6505724193596135,9.079927658774897,2.8807927127813456e-05,0.1377819236013231
HOME_&_GARDEN_2_409,1,Básicos de alto volumen,10.150026136957658,0.47955422414014964,4.9278109356950335,6.120085409885118e-07,0.0807686581760778
HOME_&_GARDEN_2_410,1,Básicos de alto volumen,6.5964453737584945,0.4960079366727764,1.7316666666666667,-9.51895965128468e-05,0.07612011724674941
HOME_&_GARDEN_2_411,1,Básicos de alto volumen,4.861996863565081,0.6092645013755348,7.299999999999999,-0.0001496292840963583,0.09420763441498856
HOME_&_GARDEN_2_412,3,Nicho premium,0.5739675901725039,1.5337729557241848,7.554115634005765,0.00026839143891067884,0.2115003315504764
HOME_&_GARDEN_2_413,2,Baja rotación volátil,1.1338212232096183,1.7941036342550154,4.6000000000000005,0.002110592330818856,0.2410066019883241
HOME_&_GARDEN_2_414,0,Estacionales volátiles,1.1761630946157868,1.9258164349069484,7.374229452054795,0.0013943693171798784,0.8069807320735483
HOME_&_GARDEN_2_415,2,Baja rotación volátil,1.0961840041819133,1.1872202052302292,3.098090602770498,0.00012314906817616846,0.32399392650228404
HOME_&_GARDEN_2_416,0,Estacionales volátiles,4.245164662833246,1.046667142993112,4.056793680297399,-9.393959954280186e-05,0.7380075905674152
HOME_&_GARDEN_2_417,1,Básicos de alto volumen,2.7015159435441713,0.6967696854691225,4.975717175432144,-0.00010478384943004792,0.10917549269921582
HOME_&_GARDEN_2_418,2,Baja rotación volátil,0.8457919498170413,2.142670248804893,3.475,0.002320614746332741,0.20777451932225555
HOME_&_GARDEN_2_419,2,Baja rotación volátil,0.509147935180345,2.133488326311744,6.834256055363323,0.0019088158707364982,0.2663261992643756
HOME_&_GARDEN_2_420,0,Estacionales volátiles,1.487192890747517,1.3621067408464265,7.057839299030574,0.00016819871147198584,0.8013434747309981
HOME_&_GARDEN_2_421,1,Básicos de alto volumen,12.775222164140095,0.4351311094810684,6.030219534050179,-0.0002748974671485428,0.04508859225337636
HOME_&_GARDEN_2_422,3,Nicho premium,1.333507579717721,0.9757685585157457,6.20956252245778,-0.00020856128864219593,0.1251180510611247
HOME_&_GARDEN_2_423,1,Básicos de alto volumen,5.906952430737062,0.758041172598863,4.386052867383513,0.00015966573393894277,0.13535190812700368
HOME_&_GARDEN_2_424,1,Básicos de alto volumen,2.600627286983795,0.7043235077849359,3.5984014377601214,-0.0001426249570012679,0.10406948772349514
HOME_&_GARDEN_2_425,3,Nicho premium,1.6623105070569786,0.8883912187011807,10.457063247553462,-0.00010772278802430458,0.10993252731021241
HOME_&_GARDEN_2_426,1,Básicos de alto volumen,4.262415054887611,0.6700553183637876,5.702215131335553,2.4068269860999226e-06,0.1261609766112043
HOME_&_GARDEN_2_427,1,Básicos de alto volumen,10.33350757971772,0.4651760282484545,4.078797127468582,-0.0001152772218064539,0.0757398356339749
HOME_&_GARDEN_2_428,3,Nicho premium,0.8426555148980659,1.2063124721032004,9.925,8.874455929761472e-05,0.20932236038666935
HOME_&_GARDEN_2_429,3,Nicho premium,0.8337689492943021,1.2288503915322821,7.539215686274511,0.00035501800736725017,0.3192783097139254
HOME_&_GARDEN_2_430,2,Baja rotación volátil,1.2404600104547832,1.5516501782545162,4.959728096676737,0.0014384681290962294,0.32329690887039414
HOME_&_GARDEN_2_431,3,Nicho premium,2.904861474124412,0.790609071929743,11.785826416456153,-0.0003612010602456829,0.17008929304360865
HOME_&_GARDEN_2_432,2,Baja rotación volátil,0.8050182958703607,1.9443361446551954,6.831334080717489,0.002021758753045069,0.3755914164561613
HOME_&_GARDEN_2_433,3,Nicho premium,1.8018818609513854,1.0596036075940878,7.736756005736822,-0.0005882425641648688,0.31514782432191785
HOME_&_GARDEN_2_434,1,Básicos de alto volumen,4.6649242028227915,0.7899490381441248,2.35,0.0005891305326698487,0.09165569416357158
HOME_&_GARDEN_2_435,3,Nicho premium,1.9628855201254574,0.8223919473528525,7.470924497847919,-8.461150185136344e-05,0.05553892298301199
HOME_&_GARDEN_2_436,2,Baja rotación volátil,1.913225300575013,1.0741803823898675,2.4472671622212503,0.0006071477181611978,0.09146013784648659
HOME_&_GARDEN_2_437,1,Básicos de alto volumen,8.384736016727652,0.500532511810627,9.657245136887608,-6.066412450268851e-05,0.08035361532189264
HOME_&_GARDEN_2_438,3,Nicho premium,5.912179822268688,0.5488374670349118,11.124685883222469,4.802932429437999e-06,0.07046593996725385
HOME_&_GARDEN_2_439,0,Estacionales volátiles,5.060637741766858,1.14516728981207,7.072778276481149,-0.0005789714112315169,0.6151689420413076
HOME_&_GARDEN_2_440,1,Básicos de alto volumen,14.483010977522216,0.6456069263128474,1.2134274193548387,-0.0003081736899469171,0.129973561078787
HOME_&_GARDEN_2_441,3,Nicho premium,1.0747516989022479,1.0241092865969603,6.085272988505747,-0.0001348647415779687,0.08312036926523347
HOME_&_GARDEN_2_442,1,Básicos de alto volumen,8.506534239414533,0.5897731815101923,1.85,0.0005164790854225304,0.1650245159204366
HOME_&_GARDEN_2_443,1,Básicos de alto volumen,3.415577626764245,0.6968809067370938,5.8268100358422945,-7.282167397042355e-05,0.13553023249263765
HOME_&_GARDEN_2_444,3,Nicho premium,3.228437009932044,0.7972666360202757,8.008428545520493,-0.0001139292929708242,0.12749299647502138
HOME_&_GARDEN_2_445,3,Nicho premium,1.3842132775744904,1.0504698818454439,7.087208258527828,0.0003636393257016002,0.09151468349816061
HOME_&_GARDEN_2_446,3,Nicho premium,0.650810245687402,1.5448578778865347,31.83457045291157,-0.0003129291605371658,0.3185623900527602
HOME_&_GARDEN_2_447,1,Básicos de alto volumen,8.641400940930476,0.6000147314487834,2.4695295698924733,-0.000161203329795846,0.04952518669486542
HOME_&_GARDEN_2_448,2,Baja rotación volátil,0.5044432828018819,3.007326108622784,6.207397435897437,0.0019309915319657537,0.2688831480606434
HOME_&_GARDEN_2_449,0,Estacionales volátiles,4.319916361735494,1.295152229167942,7.063427133805441,-1.9962919972284824e-05,0.9194841979194458
HOME_&_GARDEN_2_450,3,Nicho premium,4.623105070569785,0.6266075952345015,11.998496409335727,3.5514790926587014e-05,0.1428800989882784
HOME_&_GARDEN_2_451,2,Baja rotación volátil,3.317302665969681,1.000945321456808,4.275,0.001196271458149573,0.08565513530249845
HOME_&_GARDEN_2_452,3,Nicho premium,3.260846837428123,0.963381333071691,7.749390133718829,-0.00041079646783657493,0.22126605642112374
HOME_&_GARDEN_2_453,1,Básicos de alto volumen,7.4103502352326185,0.5343311591105144,8.102678894109143,-3.900286435762703e-05,0.04762120256965647
HOME_&_GARDEN_2_454,3,Nicho premium,1.8907475169890224,1.2673232972095778,9.958239118145846,0.0011622831557846428,0.15544277704421397
HOME_&_GARDEN_2_455,3,Nicho premium,1.9121798222686879,0.8343897929192463,9.296697942980874,-0.000511486485163673,0.11089978341987965
HOME_&_GARDEN_2_456,0,Estacionales volátiles,0.778881338212232,1.3504790931408956,10.94892453518046,2.2192079179507467e-05,0.4402368647883235
HOME_&_GARDEN_2_457,3,Nicho premium,3.849973863042342,0.7181442503705278,8.078046594982078,-3.691798312089509e-05,0.22689712152799008
HOME_&_GARDEN_2_458,2,Baja rotación volátil,0.8050182958703607,1.4205087677217367,4.946926138876603,0.0005796766814460708,0.2041721885349275
HOME_&_GARDEN_2_459,3,Nicho premium,0.7543125980135912,1.764859614243194,23.473891843971632,0.0019878742285321426,0.12885363300528532
HOME_&_GARDEN_2_460,3,Nicho premium,1.3094615786722426,1.1402779085595776,7.414483695652174,0.00040439444820698165,0.22561160734846208
HOME_&_GARDEN_2_461,3,Nicho premium,2.2247778358599057,0.7926070970995819,12.465426391382406,-0.00020697623572578963,0.12810249436056415
HOME_&_GARDEN_2_462,3,Nicho premium,1.683742812336644,0.9484123566958566,10.351569225251076,-0.0005546839836279391,0.12079534338034507
HOME_&_GARDEN_2_463,2,Baja rotación volátil,0.9895452169367486,2.0242716408528594,6.822965440356746,0.0022216265263819584,0.3267962511645945
HOME_&_GARDEN_2_464,3,Nicho premium,1.3768949294302144,1.0213473214182172,3.5982866881951923,-0.0003630474446530139,0.17434693265325976
HOME_&_GARDEN_2_465,1,Básicos de alto volumen,7.942498693152117,0.5359180006384501,9.060438002926116,-0.0002998521880615589,0.1797364056583064
HOME_&_GARDEN_2_466,0,Estacionales volátiles,2.4317825405122844,0.9708583851921702,9.461632974777448,6.1248648516178e-05,0.5131504359623715
HOME_&_GARDEN_2_467,1,Básicos de alto volumen,5.153685311029796,0.878925031233052,4.958246232377249,0.0007755693867761781,0.17896692329063932
HOME_&_GARDEN_2_468,3,Nicho premium,3.6502875065342395,0.6873673165315688,11.503028756957328,6.622201807231108e-05,0.14332256003354638
HOME_&_GARDEN_2_469,2,Baja rotación volátil,1.0135912179822268,1.8301829359920456,3.711095346197503,0.0022216083618395318,0.239805961552211
HOME_&_GARDEN_2_470,1,Básicos de alto volumen,10.95713538944067,0.4406882012046763,1.209252075063154,-0.00021348829675326417,0.08481010052909271
HOME_&_GARDEN_2_471,1,Básicos de alto volumen,3.488238369053842,0.7636732606210116,3.9216361679224967,-0.00013842386779555122,0.31174383444182296
HOME_&_GARDEN_2_472,3,Nicho premium,4.826450601150026,0.6564021514843295,9.071965478841872,-2.219315844611173e-05,0.1028047888904928
HOME_&_GARDEN_2_473,3,Nicho premium,1.7198118139048615,0.9283459184327427,9.783094077284218,4.216950974810361e-06,0.11031663938876099
HOME_&_GARDEN_2_474,3,Nicho premium,1.1515943544171459,1.0515948443703222,9.023144956458637,-0.00030238941220169646,0.06272002743732882
HOME_&_GARDEN_2_475,3,Nicho premium,2.2718243596445373,1.1694840912832611,6.203201422854602,0.00020272850715662085,0.18162513065577177
HOME_&_GARDEN_2_476,2,Baja rotación volátil,1.5232618923157344,1.339924184641781,4.959546902142444,0.0012187065800995517,0.24120577873917395
HOME_&_GARDEN_2_477,0,Estacionales volátiles,3.6257187663355985,1.7439029902640335,7.389742765273312,0.001294960172809627,0.8998155826290293
HOME_&_GARDEN_2_478,2,Baja rotación volátil,1.0705697856769472,1.237422342275243,6.1741678994082845,0.0006654874248476866,0.1206200832389148
HOME_&_GARDEN_2_479,3,Nicho premium,2.284892838473602,1.3219345087582166,7.390257281553399,-0.0003283876771803205,0.37463224623891556
HOME_&_GARDEN_2_480,3,Nicho premium,2.6842655514898066,0.8501612291765397,6.585508489884393,-0.0001897189467616955,0.31214489805523965
HOME_&_GARDEN_2_481,3,Nicho premium,1.5452169367485624,0.9304513614390492,9.956128158844766,-0.0004309787961573814,0.09845994989610868
HOME_&_GARDEN_2_482,3,Nicho premium,1.7062205959226346,1.141029544363599,7.354386773136774,6.000587726074076e-06,0.15784287253396106
HOME_&_GARDEN_2_483,1,Básicos de alto volumen,10.8128593831678,0.508438120056569,6.12448906418071,0.0001838707737388497,0.0748136665216104
HOME_&_GARDEN_2_484,0,Estacionales volátiles,2.001045478306325,1.2775695992535987,8.677331634913601,0.0002785261174154109,0.47213500589116936
HOME_&_GARDEN_2_485,3,Nicho premium,4.891792995295348,0.6849669684726168,8.672533673097925,-4.639341788239887e-06,0.06149315410802795
HOME_&_GARDEN_2_486,3,Nicho premium,3.550444328280188,0.6928926693144813,7.433730727859446,-0.0002076395423544479,0.05196861819844703
HOME_&_GARDEN_2_487,2,Baja rotación volátil,0.5499215891270256,1.8380615381533136,12.4497859922179,0.0015838994746646652,0.31177526569694136
HOME_&_GARDEN_2_488,1,Básicos de alto volumen,3.56089911134344,0.7120788227120212,6.149081211903909,-0.00028700479518300987,0.10793641602838856
HOME_&_GARDEN_2_489,3,Nicho premium,1.1918452692106638,1.1073806935155126,18.064419896030245,0.0005516483740272363,0.12958804033582544
HOME_&_GARDEN_2_490,2,Baja rotación volátil,4.708834291688447,1.6520031394787973,4.35,0.0022173874851326254,0.2571077076717436
HOME_&_GARDEN_2_491,0,Estacionales volátiles,2.8238369053842134,0.9516473977755238,8.702633794910179,7.307263890255136e-05,0.4643176221480472
HOME_&_GARDEN_2_492,1,Básicos de alto volumen,5.680606377417669,0.6565013737743128,7.3989745731254635,0.00014887220313336428,0.1968467597528238
HOME_&_GARDEN_2_493,2,Baja rotación volátil,1.2509147935180345,1.711662685667267,2.425,0.002080072608078262,0.18865019433738991
HOME_&_GARDEN_2_494,3,Nicho premium,1.411395713538944,1.004251541114417,7.423259152907394,0.0002876040742149529,0.20197284656350686
HOME_&_GARDEN_2_495,0,Estacionales volátiles,3.4621014113957136,1.1562265822583666,7.107135135135135,-0.0004810249873519178,0.6316389350085815
HOME_&_GARDEN_2_496,2,Baja rotación volátil,2.0998431782540514,1.2340043629465642,1.85,0.0014490975296726296,0.09464806222811825
HOME_&_GARDEN_2_497,3,Nicho premium,2.8771562990067956,0.7943917616027851,7.2334036252692036,-0.0001381477394358099,0.23632908074413508
HOME_&_GARDEN_2_498,2,Baja rotación volátil,1.4647151071615263,1.8366968920541462,3.7232107355864814,0.0021365447602333864,0.23783439098439266
HOME_&_GARDEN_2_499,2,Baja rotación volátil,4.188708834291688,1.7020088710838246,2.4625,0.0021341547998301124,0.2366177843798632
HOME_&_GARDEN_2_500,3,Nicho premium,3.0752744380554105,0.7070273697830785,7.2975868372943316,-0.00017500999825421416,0.10271578743188184
HOME_&_GARDEN_2_501,2,Baja rotación volátil,2.100365917407214,1.2291144652556594,10.259051461632156,0.0014205611480542018,0.25064028234505087
HOME_&_GARDEN_2_502,3,Nicho premium,0.6194458964976477,1.6465136309592383,10.886046185489903,0.00013867584121570527,0.3442701433020834
HOME_&_GARDEN_2_503,3,Nicho premium,1.0094093047569264,1.1131204189260346,8.548700250986016,-4.895518871373642e-05,0.09543823780304213
HOME_&_GARDEN_2_504,2,Baja rotación volátil,0.9325666492420283,1.4755316245260903,2.4446524966261807,0.00029231929338068447,0.3107442336545261
HOME_&_GARDEN_2_505,1,Básicos de alto volumen,3.754835337166754,0.6721854702081201,6.199144452449568,-0.00032900453786624507,0.1426212162141369
HOME_&_GARDEN_2_506,2,Baja rotación volátil,1.3031887088342917,1.249072920971442,8.504134295227525,0.001186434778229504,0.1159073892628312
HOME_&_GARDEN_2_507,0,Estacionales volátiles,4.590695243073706,0.9205302474428942,8.693123196248196,-0.00030255614267993037,0.5185767812165492
HOME_&_GARDEN_2_508,3,Nicho premium,0.9654992158912703,1.2081883798107338,18.785405465949818,0.0007959685188009836,0.10951770665540791
HOME_&_GARDEN_2_509,3,Nicho premium,5.754312598013591,0.5499589701286127,11.230933799784715,-0.0001455405535094802,0.08662513271081897
HOME_&_GARDEN_2_510,1,Básicos de alto volumen,9.815473078933612,0.499552825577563,4.928489603388526,2.7198846453873234e-05,0.11270765706330067
HOME_&_GARDEN_2_511,1,Básicos de alto volumen,6.483533716675379,0.6790584127049875,3.5601470060953746,-0.0006893038251381155,0.06308932929569352
HOME_&_GARDEN_2_512,1,Básicos de alto volumen,6.040250914793518,0.5986701286376774,4.962455100574712,-6.394892608388177e-05,0.17671960038323922
HOME_&_GARDEN_2_513,2,Baja rotación volátil,4.138003136434919,1.162466622055961,3.475,0.00119295428364215,0.10451315572006892
HOME_&_GARDEN_2_514,3,Nicho premium,1.6466283324621014,0.9892318075487402,23.466899892357375,-0.0002717781104738255,0.10250686842062562
HOME_&_GARDEN_2_515,2,Baja rotación volátil,0.5859905906952431,1.8879176374114002,2.4614914425427874,0.001703367137316487,0.23951715627392994
HOME_&_GARDEN_2_516,3,Nicho premium,1.3293256664924202,0.9937378836434098,7.422778776978418,0.00014472031723935537,0.13712189717765277
SUPERMARKET_1_001,1,Básicos de alto volumen,6.401986408782018,0.7791416686273828,2.597864467551094,-0.00034811910656718404,0.11677852441542354
SUPERMARKET_1_002,3,Nicho premium,3.8337689492943023,0.6076130214416738,10.705471495159555,-1.8544169355291036e-05,0.05615099991758953
SUPERMARKET_1_003,1,Básicos de alto volumen,7.0015682174594875,0.5746428946199794,3.5615139784946237,-0.0003869333646035485,0.06345379620510151
SUPERMARKET_1_004,1,Básicos de alto volumen,67.68478829064297,0.8267613426702518,2.212615384615385,0.0002749681917666451,0.1829349803099541
SUPERMARKET_1_005,0,Estacionales volátiles,11.978044955567173,0.8748702548689139,3.9891668460710443,-3.505808884220223e-05,0.4868193100703477
SUPERMARKET_1_006,1,Básicos de alto volumen,11.667537898588604,0.5632210990114443,2.658068817204301,-0.00023261030422346343,0.16796500280557752
SUPERMARKET_1_008,2,Baja rotación volátil,2.0642969158389963,1.111015435158814,4.016362369337979,0.0006904226870059449,0.227633129840981
SUPERMARKET_1_009,2,Baja rotación volátil,3.72974385781495,1.294914102351993,2.8729809264305177,0.0004946164932473055,0.36081478288469987
SUPERMARKET_1_010,3,Nicho premium,3.1871406168322007,0.9590834255673932,7.216722746781116,0.0008499119690027077,0.16465087372099751
SUPERMARKET_1_011,0,Estacionales volátiles,5.2958703606900155,1.0551345178660503,3.0155566787003614,0.00019327708372609577,0.5696064055291948
SUPERMARKET_1_012,1,Básicos de alto volumen,44.496602195504444,0.4829446044818692,7.382975476839237,0.0006370020897338,0.12293857983745447
SUPERMARKET_1_013,1,Básicos de alto volumen,12.794563512807109,0.7186967063252133,1.7654456243134382,4.721381156101572e-05,0.0885019001114826
SUPERMARKET_1_014,1,Básicos de alto volumen,7.027182435964454,0.873840519771028,1.176,0.0008757324633514362,0.06999981444904982
SUPERMARKET_1_015,1,Básicos de alto volumen,6.532671197072661,1.3362459434210623,3.8164587973273947,-0.0003082420241502496,0.18711215553558594
SUPERMARKET_1_016,1,Básicos de alto volumen,7.16675378985886,0.5881391663808262,2.483340563991323,-0.00016263425518360142,0.09733889439119535
SUPERMARKET_1_017,2,Baja rotación volátil,3.898588604286461,1.1287051288244299,2.8283694267515926,0.0008696721296223831,0.16600212099594758
SUPERMARKET_1_018,1,Básicos de alto volumen,69.57919498170413,0.4095619753091867,1.1698494623655913,0.0001770791215413696,0.09601468398957116
SUPERMARKET_1_019,1,Básicos de alto volumen,33.30005227391532,0.7797180010096717,1.2317032258064518,-0.0007988877223325933,0.1525069291280092
SUPERMARKET_1_020,1,Básicos de alto volumen,8.823836905384214,0.660673992303662,3.1755784946236556,-0.0002926891580583422,0.2131868986390098
SUPERMARKET_1_021,1,Básicos de alto volumen,14.47151071615264,1.0614372827820828,1.1706258102533882,0.0011152882914055979,0.1273776477063377
SUPERMARKET_1_022,2,Baja rotación volátil,1.572399372713016,1.3481740275822758,6.368104265402843,0.0014820255118357885,0.20873136033997144
SUPERMARKET_1_023,1,Básicos de alto volumen,15.899111343439623,0.6283299864651978,7.253747524752475,0.0006985695573798689,0.12840298954065757
SUPERMARKET_1_024,1,Básicos de alto volumen,11.078933612127548,0.5397678621614629,5.644666666666667,-0.00023141680483641702,0.12282396367818599
SUPERMARKET_1_025,2,Baja rotación volátil,4.8515420805018294,1.0942018736314927,4.916531406336854,0.0008066465822222615,0.17918790240105312
SUPERMARKET_1_026,3,Nicho premium,4.97752221641401,0.7891935821363412,8.304863309352516,-0.00010577825292898172,0.2571831728435233
SUPERMARKET_1_027,1,Básicos de alto volumen,19.100888656560375,1.0553557647685186,2.235141157382369,0.0006949896558178191,0.21897736404345836
SUPERMARKET_1_028,0,Estacionales volátiles,7.43491897543126,1.5066967330036716,3.3054,0.0011309322510361616,0.589476001589289
SUPERMARKET_1_029,3,Nicho premium,2.4093047569262938,1.0457962649603056,4.751411102172164,-0.0001969401826809778,0.08054612474172469
SUPERMARKET_1_030,1,Básicos de alto volumen,3.9811813904861473,1.3258142344240258,3.820348462664714,-0.00036378794510419685,0.201197401497082
SUPERMARKET_1_031,1,Básicos de alto volumen,10.376372190277051,0.6419302461133077,4.010051208077893,9.835739954539643e-06,0.22883098908760735
SUPERMARKET_1_032,1,Básicos de alto volumen,65.80135912179823,0.723498461226358,1.171105376344086,-0.0003831968319528029,0.1466439027184617
SUPERMARKET_1_033,2,Baja rotación volátil,1.3758494511238892,1.5370486272533828,7.28139435248296,0.0011601262198908601,0.20137414945126791
SUPERMARKET_1_034,3,Nicho premium,3.280710925248301,0.8150949780543306,7.748846616541353,0.0006925625985138585,0.12859384441586783
SUPERMARKET_1_035,0,Estacionales volátiles,4.657605854678516,1.162372217407496,3.012622641509434,0.0004324949778620812,0.5309758561325248
SUPERMARKET_1_036,1,Básicos de alto volumen,13.189754312598014,0.5639730140905312,2.1058337531486147,-6.628860741357854e-05,0.19047881228827157
SUPERMARKET_1_037,1,Básicos de alto volumen,9.276529012023001,1.3919011560073768,3.843063643013899,-0.00034006541355518426,0.24032735318712095
SUPERMARKET_1_038,3,Nicho premium,6.3251437532671195,0.7166071349380632,11.018843130183917,-0.0003735747809713023,0.15459070141606007
SUPERMARKET_1_039,2,Baja rotación volátil,2.4093047569262938,1.1376529362811931,2.974349465104432,0.0006381184917411221,0.14907739251195043
SUPERMARKET_1_040,1,Básicos de alto volumen,13.625718766335599,0.5788525243416871,2.201862266857963,-0.0003118496970831105,0.16306485762216139
SUPERMARKET_1_041,1,Básicos de alto volumen,7.668583376894929,0.874926481194594,2.649415053763441,3.506174456815835e-06,0.3711130649846358
SUPERMARKET_1_042,1,Básicos de alto volumen,24.147412441191847,0.7747581572195104,1.1701052631578948,0.0009544109532459807,0.14298403600124665
SUPERMARKET_1_043,1,Básicos de alto volumen,67.39832723470988,0.7265917449999763,2.2096814621409924,0.00023206487216135372,0.14893379750770094
SUPERMARKET_1_044,1,Básicos de alto volumen,14.753267119707266,1.0092060775254175,3.30069247311828,-0.0008896977941918589,0.37870342407030055
SUPERMARKET_1_045,1,Básicos de alto volumen,14.8212232096184,0.5452062393478391,2.2023623292595254,-0.00018669011300644358,0.14528051644745663
SUPERMARKET_1_046,1,Básicos de alto volumen,65.9958180867747,0.49386941448472477,1.1718451612903225,-0.00020532576414473072,0.09164334717650682
SUPERMARKET_1_047,1,Básicos de alto volumen,10.28646105593309,0.6817507774477305,4.009735251798562,-0.00040213250944913986,0.1904502472719124
SUPERMARKET_1_048,3,Nicho premium,4.192890747516989,0.784322944068856,7.173459779847587,0.0004938857680878063,0.11538975697910885
SUPERMARKET_1_049,1,Básicos de alto volumen,6.118661787767904,0.8513829930131435,2.668177841520258,-0.0005465971036862634,0.0749881304663167
SUPERMARKET_1_050,3,Nicho premium,2.6497647673810767,0.9602016265779211,7.176,0.0008895616432684113,0.08177875218466167
SUPERMARKET_1_051,1,Básicos de alto volumen,6.60376372190277,0.8573639067454929,4.644,0.0011249798867532042,0.060012757470097225
SUPERMARKET_1_052,1,Básicos de alto volumen,6.734971249346576,0.8816131544791256,1.176,0.0008948145206025531,0.15159356047458858
SUPERMARKET_1_053,3,Nicho premium,3.841610036591741,0.636369038169952,7.766366992399565,-0.0002506344384312661,0.07445040548504853
SUPERMARKET_1_054,1,Básicos de alto volumen,11.856246732880292,0.4939460608641015,2.2606772334293948,-0.00027838716851575593,0.13335863440328735
SUPERMARKET_1_055,0,Estacionales volátiles,29.792472556194458,1.0543960381657758,4.633924650161464,-7.398295933316214e-05,0.5292995846264853
SUPERMARKET_1_056,0,Estacionales volátiles,1.6053319393622583,1.8682850184248079,2.6770438729198185,0.0015425973740547862,0.464203821199603
SUPERMARKET_1_057,0,Estacionales volátiles,1.9539989545216936,1.7167695885876821,2.7659927623642946,0.0013948983928347121,0.5205049507893933
SUPERMARKET_1_058,1,Básicos de alto volumen,28.270778881338213,0.7823099049281362,2.211603133159269,0.0001353171326335672,0.16127082342719623
SUPERMARKET_1_059,2,Baja rotación volátil,5.493465760585468,1.1552254589522972,6.478679791546034,0.0016091274681156189,0.13591226304177834
SUPERMARKET_1_060,2,Baja rotación volátil,1.7271301620491375,1.7397874396093451,2.016,0.0019740630363134517,0.22930468165402038
SUPERMARKET_1_061,1,Básicos de alto volumen,21.059592263460534,0.5208205933100278,2.598334412081985,-0.00036265638080820034,0.10178573554602428
SUPERMARKET_1_062,1,Básicos de alto volumen,5.56508102456874,0.6464289701006619,4.79701505376344,-0.00025135102902959993,0.1500128058971497
SUPERMARKET_1_063,1,Básicos de alto volumen,9.69106116048092,0.5170952545849455,2.6289763440860217,-0.0003207144258741538,0.1284456258128153
SUPERMARKET_1_064,1,Básicos de alto volumen,5.974385781495034,0.5727282014889362,3.119561133022589,-0.00017464943463119627,0.09799747382212737
SUPERMARKET_1_065,1,Básicos de alto volumen,6.049137480397282,0.7921395411450053,3.939919684474722,0.0003241484639737816,0.27603974133664194
SUPERMARKET_1_066,1,Básicos de alto volumen,8.761108207004705,0.5838404057257729,1.6303558106169296,-0.00010738170308391815,0.0665920946314292
SUPERMARKET_1_067,1,Básicos de alto volumen,27.411918452692106,0.5761233078395558,2.374705376344086,-0.00011214677294846312,0.1356825703684355
SUPERMARKET_1_068,2,Baja rotación volátil,2.5964453737584945,1.4185639701438189,4.292388928317957,0.0012681829691261178,0.12540190222050954
SUPERMARKET_1_069,0,Estacionales volátiles,8.902770517511762,1.0013916649349763,3.0087208791208795,-5.883120950241068e-06,0.5071680585254206
SUPERMARKET_1_070,2,Baja rotación volátil,4.606900156821746,1.2021140605950245,1.1706194690265486,0.0009769122525764098,0.11651628516366913
SUPERMARKET_1_071,2,Baja rotación volátil,5.397804495556717,1.160547580287496,2.3697521222410867,0.0014060676649328581,0.14022184260867743
SUPERMARKET_1_072,3,Nicho premium,4.018818609513852,0.9431861944546528,5.832336491095112,4.960070959604639e-05,0.2998055233134235
SUPERMARKET_1_073,1,Básicos de alto volumen,6.251437532671197,0.6945909929827992,2.3810485436893205,-0.000115481369405875,0.1563720211183531
SUPERMARKET_1_074,1,Básicos de alto volumen,10.517511761630946,0.871791604329937,2.663556989247312,-1.0565566087219912e-05,0.38168254490231607
SUPERMARKET_1_075,0,Estacionales volátiles,5.595922634605332,1.1351376141738998,3.981640473627557,-0.00026238087498307085,0.6718246208670857
SUPERMARKET_1_076,1,Básicos de alto volumen,7.399372713016205,0.4775841817112598,7.744655172413792,0.00032672657945819074,0.0977101253990637
SUPERMARKET_1_077,2,Baja rotación volátil,1.4056455828541559,1.3002777418441864,3.666264875239923,0.0005952296491607672,0.20253392750648155
SUPERMARKET_1_078,0,Estacionales volátiles,2.593308938839519,1.4150445994333372,3.9920499108734404,0.0012570789927201244,0.5036643928383323
SUPERMARKET_1_079,3,Nicho premium,0.8787245164662834,1.6319338893263633,7.589642732049036,0.00032175319377863434,0.1208835253774997
SUPERMARKET_1_080,3,Nicho premium,5.6126502875065345,0.5791418850696122,8.967836853605244,6.719035638151295e-05,0.0822366038501614
SUPERMARKET_1_081,1,Básicos de alto volumen,7.247778358599059,0.6807613876222597,7.25190639364814,0.0005550113869416867,0.1268627225246792
SUPERMARKET_1_082,1,Básicos de alto volumen,35.291688447464715,0.959038275288007,1.1705676646706586,0.001215296227761944,0.1514591765644238
SUPERMARKET_1_083,1,Básicos de alto volumen,18.220073183481443,0.616767749498908,2.3717226015091626,4.4522047110796104e-05,0.10736406862874297
SUPERMARKET_1_084,2,Baja rotación volátil,1.0700470465237846,1.5642218464031714,7.439639445300462,0.0011662487978511714,0.18449319365550235
SUPERMARKET_1_085,1,Básicos de alto volumen,77.6199686356508,0.3603376067787112,1.171836559139785,6.559637328768772e-05,0.06133159675025384
SUPERMARKET_1_086,1,Básicos de alto volumen,25.196549921589128,0.40133836762223674,2.0135010845986985,-0.00028898682534257063,0.10630603379485401
SUPERMARKET_1_087,1,Básicos de alto volumen,20.40041819132253,0.5576298860894153,7.289279417711281,0.0007360108013801012,0.12298911606102304
SUPERMARKET_1_088,1,Básicos de alto volumen,15.336121275483533,0.7779158527754833,5.8366107526881725,-0.0004053658528738644,0.3838208857419244
SUPERMARKET_1_089,0,Estacionales volátiles,1.5729221118661787,1.5904672892854987,4.001394789579158,0.0015638782075009388,0.5348898018972832
SUPERMARKET_1_090,0,Estacionales volátiles,6.538421327757449,0.915473208794457,3.9843872355683043,7.728373183773318e-05,0.5199988406197756
SUPERMARKET_1_091,1,Básicos de alto volumen,6.159435441714584,0.8307841649965836,2.8037991391678623,-0.0005128760261326119,0.2743186252657297
SUPERMARKET_1_092,1,Básicos de alto volumen,11.600104547830632,0.9467394428155084,2.2247297967278135,0.0005627872468198362,0.11899526744440661
SUPERMARKET_1_093,3,Nicho premium,3.0125457396759017,0.9253955595631989,7.237121783876502,0.0006523869622881367,0.24069576853657143
SUPERMARKET_1_094,1,Básicos de alto volumen,9.78881338212232,0.6321658405643672,3.9748230215827336,-0.00023361636038587963,0.101972175337744
SUPERMARKET_1_095,1,Básicos de alto volumen,4.074228959749085,0.9132017879097168,4.586701075268817,-0.0003329671101535167,0.12179680332354743
SUPERMARKET_1_096,1,Básicos de alto volumen,48.27861996863565,0.8213693507196135,8.026369892473118,0.0011879513428521642,0.15547491677783487
SUPERMARKET_1_097,1,Básicos de alto volumen,13.332984840564558,0.7980764030892988,1.176,0.0009525124415809663,0.17446093425782944
SUPERMARKET_1_098,2,Baja rotación volátil,3.023000522739153,1.3407834236028593,6.500214285714286,0.0017877176355565133,0.20508384861158302
SUPERMARKET_1_099,1,Básicos de alto volumen,33.262937794040774,0.9471209117205558,1.1704984839296542,0.0013995333816933626,0.08772106622362395
SUPERMARKET_1_101,1,Básicos de alto volumen,5.78044955567172,0.7807126859751108,2.371858330321648,0.0003611671325563467,0.17569500065448293
SUPERMARKET_1_102,1,Básicos de alto volumen,6.78463146889702,0.5711576280981823,2.109757090909091,-2.735283110452477e-05,0.1243943439366949
SUPERMARKET_1_103,1,Básicos de alto volumen,10.072660742289598,0.7907650048672491,4.676328550932568,-9.384803091987227e-05,0.2853057539824866
SUPERMARKET_1_104,1,Básicos de alto volumen,19.18923157344485,0.807958752530658,3.9890537634408605,0.0002757562395686,0.4549231660890969
SUPERMARKET_1_105,1,Básicos de alto volumen,5.044432828018818,1.045379237955823,2.2896480218281035,0.0002040356347505349,0.19155751870834087
SUPERMARKET_1_106,1,Básicos de alto volumen,15.811813904861474,0.5424504312803838,3.9790709677419356,-0.00020729951897652634,0.09114322964366214
SUPERMARKET_1_107,2,Baja rotación volátil,2.8170412963931,1.2401011448384691,7.4349308084486525,0.0012809174141021964,0.14357736355747736
SUPERMARKET_1_108,1,Básicos de alto volumen,12.675901725039205,0.5326762745998622,3.0,-0.00020041995436756823,0.18333881103264832
SUPERMARKET_1_109,0,Estacionales volátiles,4.368531102979613,1.193053254712223,2.6761189885969263,0.000690083159067032,0.39659568584397475
SUPERMARKET_1_110,1,Básicos de alto volumen,39.49189754312598,0.7065471750315675,2.209075250108743,0.00042436523508719646,0.15782449317201
SUPERMARKET_1_111,2,Baja rotación volátil,1.148980658651333,1.7081112999351777,7.176,0.0020343695096743113,0.13796881656595142
SUPERMARKET_1_112,1,Básicos de alto volumen,11.741766858337689,0.5369389652407603,2.373174193548387,-0.00030840127561744426,0.07999799716016329
SUPERMARKET_1_113,1,Básicos de alto volumen,27.7192890747517,1.0074657801484241,1.1720761727821645,0.0005595340780547645,0.2951491377788149
SUPERMARKET_1_114,0,Estacionales volátiles,4.60167276529012,0.9554783348584068,3.9832599498027967,3.215974870029075e-05,0.5169490478666021
SUPERMARKET_1_115,2,Baja rotación volátil,4.956089911134344,1.279220312341537,4.177602179836512,0.0013576351607797253,0.16252944503342653
SUPERMARKET_1_116,0,Estacionales volátiles,5.644014636696289,1.089845419364192,2.991595698924731,-0.0001356739152999347,0.5380499166449886
SUPERMARKET_1_117,1,Básicos de alto volumen,7.309461578672242,0.8682759279695544,2.592574720921858,-0.0006495514990521288,0.2521002770787694
SUPERMARKET_1_118,2,Baja rotación volátil,5.429168844746472,1.0207470741466353,1.176,0.0009769772953827612,0.26696066003058905
SUPERMARKET_1_119,1,Básicos de alto volumen,3.3544171458442236,0.9279037221185096,3.9712255288633918,0.00024317740882929748,0.2964028309161822
SUPERMARKET_1_120,1,Básicos de alto volumen,13.79874542603241,0.8595725075654599,2.212262951676099,-4.592743021214053e-05,0.16705549056124863
SUPERMARKET_1_121,1,Básicos de alto volumen,11.452692106638787,0.6392583921572353,1.512407514450867,-0.000538839116994919,0.1074977163576282
SUPERMARKET_1_122,2,Baja rotación volátil,2.754312598013591,1.9190969322473916,2.376,0.0022883591094893575,0.3328413896465974
SUPERMARKET_1_123,0,Estacionales volátiles,8.090433873497124,0.9018700350474985,3.9854805755395684,0.00019105758241691492,0.5052464928910027
SUPERMARKET_1_124,1,Básicos de alto volumen,9.340825927861998,0.8382025931534006,2.5856490974729245,-0.0005261669352768266,0.18560688252498156
SUPERMARKET_1_125,2,Baja rotación volátil,2.2326189231573443,1.5741940801038177,6.158887070376432,0.0015427754938865915,0.32315789201591855
SUPERMARKET_1_126,0,Estacionales volátiles,1.659174072138003,1.7218957914333004,2.8492697547683927,0.001006243326812622,0.4610906168469936
SUPERMARKET_1_127,1,Básicos de alto volumen,11.705697856769472,0.6546899641636272,2.3829702402294726,-0.00016853654726711382,0.16743054285378198
SUPERMARKET_1_128,1,Básicos de alto volumen,6.016727652901202,0.7811868164363286,4.699997121266643,-0.0003614544080695412,0.21544031930424853
SUPERMARKET_1_129,1,Básicos de alto volumen,19.50026136957658,0.5745224364744049,8.045647311827956,0.0007360548932916802,0.09834297782781556
SUPERMARKET_1_130,1,Básicos de alto volumen,11.961840041819132,0.45444686635095044,2.099087845105773,4.293850789476355e-05,0.1699897712466394
SUPERMARKET_1_131,0,Estacionales volátiles,1.4668060637741767,2.2780507904797607,3.4108773841961852,0.0021648384414194384,0.5214285326337187
SUPERMARKET_1_132,1,Básicos de alto volumen,6.865656037637219,1.0988269942634679,2.2354285714285713,0.0006969511080516125,0.1368652995702644
SUPERMARKET_1_133,1,Básicos de alto volumen,6.4558285415577625,1.4982544965965536,3.8215121069750633,-0.0007110169557678461,0.3002962686228566
SUPERMARKET_1_134,2,Baja rotación volátil,5.387872451646628,1.2562079783129254,2.376,0.0016368339042203783,0.1138463573460888
SUPERMARKET_1_135,0,Estacionales volátiles,4.713016204913748,1.0158050905147034,3.0062894450489663,-0.00022176785187800598,0.4798979452372205
SUPERMARKET_1_136,1,Básicos de alto volumen,3.14636696288552,0.8001005073869026,5.646823951237002,-0.000504969464893156,0.10702635832513714
SUPERMARKET_1_137,1,Básicos de alto volumen,25.92943021432305,0.713445265366005,2.3714092219020175,-0.00013160606758698415,0.19336960874355755
SUPERMARKET_1_138,0,Estacionales volátiles,5.743857814950339,1.0344719201600234,2.9970656149157406,-0.0002736127138499801,0.5120269424142688
SUPERMARKET_1_139,1,Básicos de alto volumen,16.368531102979613,0.8143387608162225,1.176,0.0010184915721860243,0.06995824361666125
SUPERMARKET_1_140,3,Nicho premium,4.744380554103502,0.7726370202989972,8.304653763440859,-1.1277693223841363e-05,0.2558362700408685
SUPERMARKET_1_141,0,Estacionales volátiles,4.01411395713539,0.8800866056480577,3.980027347966895,7.917137710134356e-05,0.4193982430294387
SUPERMARKET_1_142,1,Básicos de alto volumen,11.866178776790381,0.7150078052939628,1.7638546788990825,0.00010047058634551333,0.1797161240617608
SUPERMARKET_1_143,1,Básicos de alto volumen,7.6340825927862,0.7565320932229759,2.364172228202368,-0.00018469790531575286,0.20002388033125784
SUPERMARKET_1_144,1,Básicos de alto volumen,6.8646105593308935,0.5418987103996563,8.349941134242641,-5.479542018357925e-05,0.1150273241676164
SUPERMARKET_1_145,1,Básicos de alto volumen,10.489283847360166,0.7852302078280525,1.176,0.0008182528943425719,0.14018748038382103
SUPERMARKET_1_146,1,Básicos de alto volumen,6.123889179299529,0.8946965126836359,2.668858281986227,9.967354066708393e-05,0.37419287245415583
SUPERMARKET_1_147,2,Baja rotación volátil,3.0015682174594875,1.2153236707733623,6.343005780346821,0.001417823275767843,0.16748628928952253
SUPERMARKET_1_148,2,Baja rotación volátil,1.8604286461055932,1.4004768739789748,6.3367861142217246,0.0014825908506903801,0.22654022846469293
SUPERMARKET_1_149,1,Básicos de alto volumen,6.700470465237847,0.9286389977852383,1.176,0.0010691515665347845,0.09674202295467085
SUPERMARKET_1_150,1,Básicos de alto volumen,14.9064296915839,0.647408065116021,5.835668817204301,-0.00027406452840594673,0.23330284168208176
SUPERMARKET_1_151,3,Nicho premium,2.100365917407214,1.3184647059027312,13.66234682080925,0.001083154228996496,0.3213858571315443
SUPERMARKET_1_152,3,Nicho premium,7.6586513329848405,0.7023110985324607,9.575987092147724,-1.6445959418884165e-05,0.26536727737799093
SUPERMARKET_1_153,1,Básicos de alto volumen,9.754835337166753,0.4950455899030626,2.2604521739130434,5.706796905852423e-06,0.07202155722461248
SUPERMARKET_1_154,1,Básicos de alto volumen,19.49398849973863,0.7287116286703575,1.7646021978021977,0.00040698135734786115,0.1526130036518099
SUPERMARKET_1_155,1,Básicos de alto volumen,9.246732880292734,0.824677395779302,1.176,0.0008755500646939789,0.10782008938326386
SUPERMARKET_1_156,2,Baja rotación volátil,3.858337689492943,1.1031855972235176,2.8298801089918255,0.0005870935788421736,0.16222448881765233
SUPERMARKET_1_157,2,Baja rotación volátil,2.851019341348667,1.3548638946790867,6.384167888074617,0.0017808157961951149,0.19957925274846383
SUPERMARKET_1_158,3,Nicho premium,3.1944589649764765,0.8527952179814742,5.616924236082042,0.00013808712513322188,0.07041655663448092
SUPERMARKET_1_159,2,Baja rotación volátil,2.8212232096184002,1.3496524416973834,6.398605577689243,0.001634131590224641,0.12457513647137912
SUPERMARKET_1_160,2,Baja rotación volátil,1.0444328280188186,2.2855651648606647,2.688,0.002478618425090795,0.2308466825367324
SUPERMARKET_1_161,1,Básicos de alto volumen,46.06586513329849,0.42178155137005263,1.1698988884904984,0.0002909165595391345,0.09983563163171222
SUPERMARKET_1_162,1,Básicos de alto volumen,34.799790904338735,0.980613401970371,2.2267261904761906,0.0006502343990708907,0.19412209128509905
SUPERMARKET_1_163,2,Baja rotación volátil,10.388395190799791,1.68844051298841,1.1671566502463053,0.0017927859298763934,0.1458183817491728
SUPERMARKET_1_164,3,Nicho premium,3.1129116570831155,0.9187603293416736,7.326522522522523,0.0006504028483366374,0.17916668585173925
SUPERMARKET_1_166,1,Básicos de alto volumen,17.874542603240982,0.7251407866532316,2.591146858168761,-0.0005460844171856634,0.23106004149652817
SUPERMARKET_1_167,1,Básicos de alto volumen,5.662310507056978,0.5999877892088216,5.64105376344086,-0.00036544588782322227,0.10522674692719453
SUPERMARKET_1_168,1,Básicos de alto volumen,7.80083638264506,0.7705946673541915,2.5841247311827957,-0.0007101047647129663,0.1667279212681208
SUPERMARKET_1_169,2,Baja rotación volátil,3.6602195504443285,1.8839191252802565,3.9322793462109957,0.00032595144395857926,0.24309077812565982
SUPERMARKET_1_170,1,Básicos de alto volumen,33.41923680083638,0.5380037551403418,7.381653561697159,0.0006900956623679817,0.10977726730891912
SUPERMARKET_1_171,2,Baja rotación volátil,3.0308416100365916,1.3235817754872028,6.702592552617378,0.0016092026564570466,0.14293141271596893
SUPERMARKET_1_172,1,Básicos de alto volumen,17.196027182435966,0.5368551217853822,2.2488473118279573,0.00026889306769359316,0.07630362940018363
SUPERMARKET_1_173,1,Básicos de alto volumen,34.15211709357031,0.6402718873926976,2.3725579060595194,0.00011647104950154604,0.12250525323704235
SUPERMARKET_1_174,1,Básicos de alto volumen,7.172503920543649,0.7410693099941645,5.8326150537634405,-0.0005637835229841255,0.27078841415724947
SUPERMARKET_1_175,1,Básicos de alto volumen,6.297438578149503,0.7759440000077686,3.565497277676951,0.0005101541502812738,0.08714815136409787
SUPERMARKET_1_176,2,Baja rotación volátil,4.152639832723471,1.8312239874014618,3.8563443708609273,-0.0004483050237167973,0.2945170335123476
SUPERMARKET_1_177,3,Nicho premium,6.417668583376895,0.5513818656915839,10.332662603083541,-8.06769574337274e-05,0.13391678296032192
SUPERMARKET_1_178,3,Nicho premium,7.246210141139572,0.5614329816451901,11.11418494623656,-6.289357765606289e-05,0.163189240243584
SUPERMARKET_1_179,0,Estacionales volátiles,1.188186095138526,2.485838484103293,4.293024930747923,0.0020895342796925257,0.6144053251401463
SUPERMARKET_1_180,0,Estacionales volátiles,9.416100365917407,1.2421753730288276,11.515591925018025,0.00028522623644072943,0.5328114057063055
SUPERMARKET_1_181,1,Básicos de alto volumen,11.994772608468374,0.8072996051645279,1.582404833836858,0.0007625362608509919,0.13767150383906687
SUPERMARKET_1_182,1,Básicos de alto volumen,9.196549921589128,0.9234433543268065,2.409983903420523,0.000804976798791166,0.0953913655691298
SUPERMARKET_1_183,1,Básicos de alto volumen,17.87192890747517,0.41582999290778627,3.5411672648959085,-0.00015028791016197607,0.05442680828694776
SUPERMARKET_1_184,1,Básicos de alto volumen,42.12232096184004,0.752506992835403,1.1998296774193549,0.0001142691910375556,0.21050467256561656
SUPERMARKET_1_185,1,Básicos de alto volumen,9.230527966544694,0.570585024829277,2.5632095375722543,-2.0624490221483193e-05,0.19728242238397445
SUPERMARKET_1_186,3,Nicho premium,2.8405645582854158,0.936150590359414,7.172371962616823,0.0007250830192658009,0.09093751780840978
SUPERMARKET_1_187,3,Nicho premium,12.886042864610559,0.6575555677639018,11.014077753779699,-0.00020777508272378295,0.18788067013560797
SUPERMARKET_1_188,2,Baja rotación volátil,3.367485624673288,1.5181260689144935,3.5738121546961326,0.002036925396064989,0.17583270615745655
SUPERMARKET_1_189,2,Baja rotación volátil,2.330893883951908,1.303024588032617,2.8326244343891402,0.0005327552821950956,0.1161420820258817
SUPERMARKET_1_190,1,Básicos de alto volumen,11.417145844223732,1.1069321959809537,1.1706226415094338,0.0011776286201272714,0.08202999154820491
SUPERMARKET_1_191,3,Nicho premium,3.846314688970204,0.819418809693192,7.225393964448119,0.0005170074499348988,0.2042925212450973
SUPERMARKET_1_192,1,Básicos de alto volumen,10.111343439623628,0.834039775738786,2.8124516129032258,-0.0007629057570533184,0.24476682914967415
SUPERMARKET_1_193,2,Baja rotación volátil,5.469942498693152,1.162002705530927,6.549814655172414,0.0015915248952831729,0.15694021396238222
SUPERMARKET_1_194,1,Básicos de alto volumen,16.29012023000523,0.5281932097116945,5.647243902439024,-0.0003336655889994596,0.11437650974916715
SUPERMARKET_1_195,1,Básicos de alto volumen,7.38421327757449,0.902012887610501,2.6655010752688173,-7.585792887147213e-05,0.3609804846023203
SUPERMARKET_1_196,1,Básicos de alto volumen,14.898588604286461,0.5965447227008568,2.373372577171572,-0.0001111844886993378,0.12182583067240178
SUPERMARKET_1_197,1,Básicos de alto volumen,4.2106638787245165,0.749327519568064,5.837239740820734,-0.0006892177180872854,0.13604481956778156
SUPERMARKET_1_198,0,Estacionales volátiles,4.150026136957658,1.0777282401522816,3.0060129124820665,0.0002458261696677311,0.5349953046530109
SUPERMARKET_1_199,3,Nicho premium,5.399895452169368,0.7982037895582516,7.333007961783439,0.0007722784806060233,0.1776077311683101
SUPERMARKET_1_200,2,Baja rotación volátil,18.602195504443284,1.5268586893385392,1.166900702106319,0.002101728577740005,0.18356660377984388
SUPERMARKET_1_201,1,Básicos de alto volumen,15.648719289074752,0.7299884007560529,2.5901376344086025,-0.0004716237554909268,0.20637527335954067
SUPERMARKET_1_202,1,Básicos de alto volumen,9.95347621536853,1.0553502711761826,1.1706414648552865,0.0011324887871614175,0.07360871537314471
SUPERMARKET_1_203,1,Básicos de alto volumen,6.582331416623105,0.7464264478386022,2.598997849462366,-0.0003155146714507115,0.03728621720893352
SUPERMARKET_1_204,1,Básicos de alto volumen,33.28646105593309,0.8599373304964175,1.1706319315221436,-0.000102479543723696,0.1797703706104987
SUPERMARKET_1_205,2,Baja rotación volátil,4.591740721380031,1.0778311844368225,5.952011455847256,0.0008179774194853158,0.1830440070176957
SUPERMARKET_1_206,0,Estacionales volátiles,15.759539989545218,1.5850308753734867,2.389308855291577,-0.0005673687166431939,0.6419307348696119
SUPERMARKET_1_207,1,Básicos de alto volumen,8.10559330893884,0.5616490600031121,3.9430294328786792,0.00011143231774959352,0.1066735661215587
SUPERMARKET_1_208,1,Básicos de alto volumen,13.372190277051752,0.7200051533129572,2.220398000908678,0.0004019626725850687,0.09983438702157162
SUPERMARKET_1_209,1,Básicos de alto volumen,8.295347621536854,0.8418270911398751,2.8140086021505377,-0.0006903234103648141,0.24660870964340836
SUPERMARKET_1_210,1,Básicos de alto volumen,15.161003659174073,1.099461928343693,2.2369709198813057,0.0010233528686311097,0.19165589924960638
SUPERMARKET_1_211,3,Nicho premium,2.169890224777836,0.945136509805135,7.237349935594676,0.0005263362599455326,0.1479789981664153
SUPERMARKET_1_212,2,Baja rotación volátil,1.5624673288029274,1.1739365771224173,7.355231258518855,0.0008477962652889337,0.29199277182379807
SUPERMARKET_1_213,1,Básicos de alto volumen,6.45739675901725,0.7179287324703996,2.7836,-0.0005818239524390416,0.19431345141390527
SUPERMARKET_1_214,1,Básicos de alto volumen,6.877156299006796,0.5689697440312227,3.534876304023845,0.00017298718766974733,0.08379635738480931
SUPERMARKET_1_215,1,Básicos de alto volumen,12.194981704129638,0.8704228503103543,2.100285436893204,0.0007506545968971676,0.14798534156339646
SUPERMARKET_1_216,1,Básicos de alto volumen,8.576058546785154,0.6579432874194341,5.928134102379236,-1.3660949387825652e-05,0.12108057013143962
SUPERMARKET_1_217,0,Estacionales volátiles,25.749085206481965,0.8218247491577139,3.9875612903225806,0.0001622002069851444,0.5426386965074327
SUPERMARKET_1_218,1,Básicos de alto volumen,122.63146889702038,0.4909434086061482,1.171810752688172,-2.447291474286997e-05,0.10156420488585673
SUPERMARKET_1_219,1,Básicos de alto volumen,21.518034500784108,0.7088768782915441,2.5704817204301076,-0.00038869432367873873,0.22380978290329542
SUPERMARKET_2_001,1,Básicos de alto volumen,5.820177731312075,0.8120927779412455,2.313908256880734,0.0007580766800045897,0.1397735924351164
SUPERMARKET_2_002,1,Básicos de alto volumen,13.114479874542603,1.0130395145736537,2.3237682619647355,0.0013708560442078944,0.10909465314972623
SUPERMARKET_2_003,1,Básicos de alto volumen,10.42289597490852,0.7843884168184755,2.5429153656532457,-0.0005455042083440997,0.19725763779652553
SUPERMARKET_2_004,2,Baja rotación volátil,5.523261892315735,1.406669114159107,4.598876997915219,0.0014993735941545413,0.3034867494667634
SUPERMARKET_2_005,1,Básicos de alto volumen,6.343962362780973,0.5726679814681904,4.566637083993661,-0.0001270825512655256,0.19139196107373058
SUPERMARKET_2_006,3,Nicho premium,1.2216414009409304,1.3334863491114952,12.319795574288726,0.0006801128239961677,0.2200631255866173
SUPERMARKET_2_007,2,Baja rotación volátil,1.614218504966022,1.6675169160223748,3.2593232323232324,0.0016076315692541093,0.21237363546607005
SUPERMARKET_2_008,2,Baja rotación volátil,2.762676424464192,1.7071230115813774,2.992954627949183,0.0018798713738713622,0.2853333051053058
SUPERMARKET_2_009,1,Básicos de alto volumen,11.350235232618923,0.6325126928712197,1.7011074104912574,-0.00042219113476627364,0.15241833457013731
SUPERMARKET_2_010,1,Básicos de alto volumen,5.07736539466806,0.8042809510154522,2.990038301415487,-6.193850658614395e-05,0.13594053520132396
SUPERMARKET_2_011,1,Básicos de alto volumen,4.066387872451647,0.9483542121400039,3.281052105043768,0.00036360433416244913,0.11074707386234699
SUPERMARKET_2_012,1,Básicos de alto volumen,3.694720334553058,0.8519362150071604,3.5841482098251456,0.00043233414352294395,0.2195281873504769
SUPERMARKET_2_013,1,Básicos de alto volumen,42.95556717198118,0.5203182140575932,2.3227870967741935,-0.00032929174805495755,0.08995166318035398
SUPERMARKET_2_014,1,Básicos de alto volumen,11.59749085206482,0.559633115664202,3.292426311407161,0.00020346363835916357,0.13350334308900894
SUPERMARKET_2_015,2,Baja rotación volátil,2.0590695243073704,1.7273802276535566,3.092922732362822,0.0019974606585770947,0.2692306012934915
SUPERMARKET_2_016,1,Básicos de alto volumen,35.57658128593832,0.5228101075648843,1.4147688098495212,0.00036362730722454674,0.13625759001104998
SUPERMARKET_2_017,2,Baja rotación volátil,1.0888656560376373,2.0433351538355247,4.42306976744186,0.0021791291068737023,0.3627353692814068
SUPERMARKET_2_018,1,Básicos de alto volumen,11.03240982749608,0.8393620204177059,8.498439999999999,0.0004083234469321635,0.19416178040555515
SUPERMARKET_2_019,1,Básicos de alto volumen,51.704652378463145,0.4497226119444471,3.8050132689987937,-0.000301035818659926,0.10151418665120655
SUPERMARKET_2_020,1,Básicos de alto volumen,7.843178254051228,0.6652910595651432,2.9227978324301795,-0.00015371267705229072,0.13167401051037853
SUPERMARKET_2_021,1,Básicos de alto volumen,63.60637741766858,0.7064685661312501,0.9975093399750934,-0.0006784681379934025,0.2018221701271655
SUPERMARKET_2_022,3,Nicho premium,10.223732357553581,0.8653601754370975,8.467952459016393,0.0005034341675547904,0.2014099203659061
SUPERMARKET_2_023,2,Baja rotación volátil,3.3606900156821746,1.823091746116153,1.5280941176470588,0.002058626998496587,0.4070135053454976
SUPERMARKET_2_024,1,Básicos de alto volumen,10.68897020386827,0.6091562140930776,2.9948877805486283,-8.453048841353275e-05,0.21137580594925473
SUPERMARKET_2_025,1,Básicos de alto volumen,5.526921066387873,0.6033131844229784,4.573700636942675,-9.708426908353716e-05,0.2142244600951216
SUPERMARKET_2_026,1,Básicos de alto volumen,16.182435964453738,0.7189917986340654,2.804043010752688,0.000243919178873364,0.20706450516073305
SUPERMARKET_2_027,2,Baja rotación volátil,4.448510193413487,1.0546193411808475,2.5737666489078315,0.0007980772857225846,0.13896186312127062
SUPERMARKET_2_028,2,Baja rotación volátil,3.7417668583376895,1.464578191466911,4.6083937232524965,0.0016179461821077298,0.32707847996008405
SUPERMARKET_2_029,3,Nicho premium,17.69106116048092,1.1418180690989028,12.803745762711864,-0.000648300552326856,0.31036770578205847
SUPERMARKET_2_030,1,Básicos de alto volumen,12.521693674856246,0.41778933587362604,5.253508786268901,4.472651402086331e-05,0.06641127286287153
SUPERMARKET_2_031,1,Básicos de alto volumen,14.730789336121276,0.7803015865865868,2.4878201328564127,8.826286994802787e-05,0.15068238231207087
SUPERMARKET_2_032,1,Básicos de alto volumen,9.761108207004705,0.8349199022111682,2.502355065195587,0.000314757713459901,0.20151635477209268
SUPERMARKET_2_033,2,Baja rotación volátil,6.952430737062206,1.9342034656544642,2.8154897494305238,0.0022715830479387044,0.43102985572975744
SUPERMARKET_2_034,1,Básicos de alto volumen,12.789336121275484,0.5567322138610759,2.997291479820628,0.00014969517388687618,0.11892255947707314
SUPERMARKET_2_035,2,Baja rotación volátil,5.801881860951386,1.4459655083403358,6.153849246231156,0.0020670608112932937,0.276911539490871
SUPERMARKET_2_036,1,Básicos de alto volumen,20.35964453737585,0.7505411329933837,4.15360594795539,0.00017667362444046366,0.2694329706839098
SUPERMARKET_2_037,3,Nicho premium,2.697334030318871,0.8592977609615088,8.709102585487907,0.00011580538315413312,0.2979562040097281
SUPERMARKET_2_038,1,Básicos de alto volumen,6.707788813382122,0.5833908924381145,7.240037430880475,-3.4010698486924944e-05,0.1876024489675076
SUPERMARKET_2_039,2,Baja rotación volátil,2.8102456874019865,0.9674207800507653,5.770250554323725,0.0011784726756975529,0.17235345239312524
SUPERMARKET_2_040,2,Baja rotación volátil,2.399372713016205,1.7353727170528415,2.9841176470588238,0.0018986769080126288,0.27465864607762364
SUPERMARKET_2_041,1,Básicos de alto volumen,4.47151071615264,0.7635274191853131,4.541533956893046,0.00015728254223512956,0.13843194052643806
SUPERMARKET_2_042,1,Básicos de alto volumen,10.88395190799791,0.8714025262618811,2.511066666666667,-0.0005919055030854364,0.12987519627377547
SUPERMARKET_2_043,1,Básicos de alto volumen,5.0961840041819135,0.851956100743235,3.307148741418765,0.0002989229365902236,0.1343085996283076
SUPERMARKET_2_044,1,Básicos de alto volumen,8.547830632514374,0.7022784789996556,3.0026341463414634,0.0001805388578667949,0.09796704488241458
SUPERMARKET_2_045,2,Baja rotación volátil,2.94511238891793,1.1544163586681773,8.313339263024142,0.0011843178175113735,0.12310080455082262
SUPERMARKET_2_046,2,Baja rotación volátil,1.378463146889702,1.9476768565576472,4.654684210526316,0.002160458166712897,0.38792246541997133
SUPERMARKET_2_047,1,Básicos de alto volumen,11.690015682174595,0.48276126768169547,3.294054954204829,-1.4792277464933569e-05,0.13239903779195164
SUPERMARKET_2_048,2,Baja rotación volátil,2.375849451123889,1.4451783833176095,9.547833648393194,0.0015922079872104941,0.14756979969507314
SUPERMARKET_2_049,1,Básicos de alto volumen,10.399372713016206,0.5804046980447878,2.947910112359551,0.0004970540557020782,0.05509554450957862
SUPERMARKET_2_050,2,Baja rotación volátil,8.532671197072661,1.7327852728309125,1.2,0.002212139546659501,0.2647400261237257
SUPERMARKET_2_051,1,Básicos de alto volumen,8.94511238891793,0.7265064387603503,2.924722198731501,0.0003955511369948469,0.28478721064581913
SUPERMARKET_2_052,3,Nicho premium,14.600104547830632,0.6492478307300088,15.009286021505378,-0.0002068469746375374,0.25017409881355945
SUPERMARKET_2_053,3,Nicho premium,2.868269733403032,0.7345276545351079,8.487775052854122,-3.557799973914167e-05,0.1702014368963491
SUPERMARKET_2_054,1,Básicos de alto volumen,29.158912702561423,0.5033767068822095,3.243973377703827,-0.00025558519072161007,0.09586711214935364
SUPERMARKET_2_055,1,Básicos de alto volumen,8.208050182958704,0.6397112170559911,3.0032458598726115,0.000346427170305007,0.10523835789266689
SUPERMARKET_2_056,1,Básicos de alto volumen,27.5363303711448,0.7803155542502613,8.464890322580645,0.0002217538265368895,0.13566282609388317
SUPERMARKET_2_057,2,Baja rotación volátil,1.0710925248301097,1.946661738198372,4.710383275261324,0.0022802441813788332,0.16877396050908017
SUPERMARKET_2_058,1,Básicos de alto volumen,6.2723470987977,0.6316992926015328,5.843106888361045,0.0002977659679778209,0.09765809445617832
SUPERMARKET_2_059,1,Básicos de alto volumen,14.771562990067956,0.5431482210265506,7.124768835616438,0.0005011411020502446,0.15406295038954226
SUPERMARKET_2_060,1,Básicos de alto volumen,9.139048614741244,0.7213876110197879,8.715248644461658,-0.00015889702837939952,0.33280893622344176
SUPERMARKET_2_061,1,Básicos de alto volumen,19.61996863565081,0.4578724723307957,2.3445398420674803,-0.00020755658063186978,0.07306201361757586
SUPERMARKET_2_062,1,Básicos de alto volumen,6.081024568740198,0.5731284067625674,6.540064891846922,-0.0001824060126996677,0.16429344172684274
SUPERMARKET_2_063,1,Básicos de alto volumen,23.0893883951908,0.5926020231724184,3.315520518358531,-0.00021585953247399406,0.17504969661261854
SUPERMARKET_2_064,1,Básicos de alto volumen,6.6340825927862,0.7803010437355754,2.759840250587314,-1.1888231481363873e-05,0.09570075040255219
SUPERMARKET_2_065,1,Básicos de alto volumen,25.06116048092002,0.4999336434233225,1.1392894078398665,0.00017200906508681204,0.14691530718146892
SUPERMARKET_2_066,1,Básicos de alto volumen,6.485624673288029,0.6422665496998834,6.971097087378641,0.00012260312090587645,0.1634252348476272
SUPERMARKET_2_067,1,Básicos de alto volumen,7.25196027182436,0.988390039485819,2.535122592766557,-0.00026213411760267594,0.21818474987841813
SUPERMARKET_2_068,3,Nicho premium,1.0904338734971248,1.2220790873487801,8.698855,-6.452988060279098e-05,0.3285506243211124
SUPERMARKET_2_069,3,Nicho premium,1.8442237323575537,1.0331694944742293,11.375078341013825,0.0010485615550592776,0.09755562433574566
SUPERMARKET_2_070,0,Estacionales volátiles,8.486147412441191,1.293734135686964,7.190740484429066,0.001137082370783735,0.559120557640988
SUPERMARKET_2_071,2,Baja rotación volátil,0.5870360690015682,2.285501266432529,5.3759999999999994,0.0022677304053978055,0.3458637254813681
SUPERMARKET_2_072,1,Básicos de alto volumen,6.180345007841087,0.8855434786878797,3.2725980680386395,0.00015760696556657144,0.15629148531462303
SUPERMARKET_2_073,2,Baja rotación volátil,0.5718766335598536,2.061869477093815,7.121113490364025,0.0020396749200019457,0.19966788966029844
SUPERMARKET_2_074,1,Básicos de alto volumen,14.3617354939885,0.8801081240606555,3.0139848254931714,0.0009839275962088766,0.2864930598279807
SUPERMARKET_2_075,1,Básicos de alto volumen,13.994249869315212,0.7467491437359514,2.8116315789473685,0.00031981073470306874,0.2239527179350506
SUPERMARKET_2_076,3,Nicho premium,2.9252483010977524,0.9661525242281381,12.092535947712417,-0.0004187577551074613,0.3604245436204818
SUPERMARKET_2_077,0,Estacionales volátiles,2.433350757971772,1.6971689989537235,7.519512195121951,0.0010698091448409026,0.8709847289949576
SUPERMARKET_2_078,3,Nicho premium,6.381599581808677,1.079897213676931,11.901065015479876,0.0013105781168369604,0.3110228721345531
SUPERMARKET_2_079,1,Básicos de alto volumen,6.624673288029274,0.5573351304470393,4.5829920382165605,0.0003964623065184866,0.19051529395485994
SUPERMARKET_2_080,1,Básicos de alto volumen,20.151594354417146,0.8194368935869573,2.514623602484472,0.00020473408007112948,0.20605962833040517
SUPERMARKET_2_081,1,Básicos de alto volumen,12.346053319393622,0.541408741437637,2.98035,0.00017034379647535644,0.15741399962258812
SUPERMARKET_2_082,1,Básicos de alto volumen,16.984840564558287,0.4281469357975513,7.123784461152883,0.00015607711409146646,0.1427125328565983
SUPERMARKET_2_083,3,Nicho premium,7.144798745426033,0.6815559306301324,8.336982397317687,0.00040086098985504874,0.1571954089412648
SUPERMARKET_2_084,2,Baja rotación volátil,2.5912179822268686,1.2935183873590483,3.804286432160804,0.0013886617100238954,0.2754976937583491
SUPERMARKET_2_085,1,Básicos de alto volumen,7.479351803450078,0.8157386802798807,4.218129826050063,0.00010275368753727277,0.2760391727543044
SUPERMARKET_2_086,1,Básicos de alto volumen,12.879769994772609,0.5605264006629324,2.9484014993752603,0.00048187145953630694,0.043311408840675476
SUPERMARKET_2_087,3,Nicho premium,1.4756926293779404,1.2539646357597378,12.135592783505155,0.00023333241942024332,0.3591433934552545
SUPERMARKET_2_088,3,Nicho premium,5.52430737062206,0.7338425192033612,8.431050505050505,-5.4876732028315136e-05,0.19711834771937
SUPERMARKET_2_089,2,Baja rotación volátil,1.8322007318348144,1.7352688068353845,4.703975460122699,0.0021881575283243353,0.18064835665318946
SUPERMARKET_2_090,0,Estacionales volátiles,0.8771562990067956,2.0393345703551042,10.704825000000001,0.0020844934838163513,0.47591329675976274
SUPERMARKET_2_091,2,Baja rotación volátil,3.260846837428123,1.5999797414945063,3.096352201257862,0.0020060062781880913,0.24983931102285756
SUPERMARKET_2_092,1,Básicos de alto volumen,9.885520125457397,0.7815971012261578,4.1449737470167065,3.835778011466494e-05,0.2535776840458977
SUPERMARKET_2_093,1,Básicos de alto volumen,14.173026659696811,0.6247613495114474,2.9572203647416413,-4.072400686137842e-05,0.22274628363197962
SUPERMARKET_2_094,2,Baja rotación volátil,1.9477260846837428,1.8537184733232415,1.5270766208251474,0.0020331588569436174,0.3999530759426722
SUPERMARKET_2_095,2,Baja rotación volátil,3.1521170935703084,1.5613631431766484,5.299675182481751,0.00190015087662904,0.2782139356590306
SUPERMARKET_2_096,2,Baja rotación volátil,0.6701515943544172,1.8246512736447007,9.548842666666667,0.0017771515283428456,0.27638150399956307
SUPERMARKET_2_097,0,Estacionales volátiles,1.3460533193936226,2.215156245407765,9.094960893854749,0.0021907166378256583,0.5625489614625331
SUPERMARKET_2_099,1,Básicos de alto volumen,11.75797177208573,0.7944986774274996,2.3506395721925135,0.0009760656127156156,0.10914663095419423
SUPERMARKET_2_100,1,Básicos de alto volumen,10.011500261369576,0.683075572050864,2.9219710144927533,0.0004874085922759312,0.09562897220200747
SUPERMARKET_2_101,1,Básicos de alto volumen,9.759539989545218,0.5995965381383707,7.159614536545529,0.0005660267524653151,0.15705662241215326
SUPERMARKET_2_102,2,Baja rotación volátil,1.5279665446941977,1.8750785436929527,13.163999999999998,0.0022413104082507182,0.3076210403684316
SUPERMARKET_2_103,1,Básicos de alto volumen,11.361212754835337,0.7182719246231123,8.471815235008103,-1.0942824633553074e-05,0.13202813161821614
SUPERMARKET_2_104,1,Básicos de alto volumen,10.169890224777836,0.7580691366982893,8.580321976149916,-0.00025576435443517144,0.06404615066486802
SUPERMARKET_2_105,2,Baja rotación volátil,3.7030841610036593,1.2574269843689485,3.6274262068965517,0.0015210156786026328,0.19090692150969998
SUPERMARKET_2_106,1,Básicos de alto volumen,7.739153162571877,0.835103723920531,6.318860706860707,0.0005111787550844887,0.11534034469252116
SUPERMARKET_2_107,1,Básicos de alto volumen,7.70935703084161,0.7417824666732477,2.3613971690258118,0.0003796459346878515,0.13347525592383955
SUPERMARKET_2_108,2,Baja rotación volátil,4.59958180867747,1.04523952675553,3.7145533028122952,0.0012861858062711065,0.12218626120137104
SUPERMARKET_2_109,1,Básicos de alto volumen,8.731312075274438,0.6258735402665387,3.5290058903488903,6.740529213686021e-06,0.12271579782890726
SUPERMARKET_2_110,2,Baja rotación volátil,3.7945635128071094,1.6565134836598376,2.7958350137488543,0.002051083673355114,0.322247695219545
SUPERMARKET_2_111,3,Nicho premium,2.588604286461056,0.9927604394655178,7.208828614008942,0.00044102440630244464,0.13826666154093017
SUPERMARKET_2_112,1,Básicos de alto volumen,12.536330371144798,1.0178032536451695,3.841283070596299,0.0012618427501585254,0.10590160853447353
SUPERMARKET_2_113,2,Baja rotación volátil,3.7025614218504965,1.0338069947963275,3.289806322127446,0.0007209679320705836,0.1592883932777969
SUPERMARKET_2_114,0,Estacionales volátiles,2.1725039205436487,1.9038363295391174,3.2246430868167204,0.0020187941146911944,0.5004693850359937
SUPERMARKET_2_115,2,Baja rotación volátil,6.587036069001568,1.4350199764010947,10.191417840375587,0.0020300256921412375,0.19421554738930588
SUPERMARKET_2_116,1,Básicos de alto volumen,13.095138525875589,0.6136352504760548,2.28350843373494,-0.00023959412301927373,0.15674081993000538
SUPERMARKET_2_117,2,Baja rotación volátil,3.211186617877679,1.3144071773379813,7.259627329192546,0.00139045294571619,0.13442644128537126
SUPERMARKET_2_118,1,Básicos de alto volumen,5.317825405122844,0.8669463391536756,3.580595391705069,2.6385067174078937e-05,0.29593991418048615
SUPERMARKET_2_119,1,Básicos de alto volumen,14.625196027182437,0.5369909894831794,3.017323943661972,0.0003817459031074271,0.06455145273091051
SUPERMARKET_2_120,2,Baja rotación volátil,4.3580763199163615,1.1123157061305171,3.2541176470588233,0.0012809515765424804,0.11067339965817403
SUPERMARKET_2_121,2,Baja rotación volátil,6.339780449555672,1.228755230382968,1.9661338155515369,0.0012637324158924041,0.28615510664274185
SUPERMARKET_2_122,1,Básicos de alto volumen,5.68897020386827,0.8071020642147262,5.833364609892913,0.0010244217123514456,0.09105298826009181
SUPERMARKET_2_123,2,Baja rotación volátil,2.821745948771563,1.1812953477613113,3.51989001447178,0.00136323830646057,0.20609552992699945
SUPERMARKET_2_124,1,Básicos de alto volumen,4.159958180867747,0.861148976873857,3.2024184782608693,0.0002073345716102783,0.18382312217464508
SUPERMARKET_2_125,2,Baja rotación volátil,5.147935180345008,1.1067787964284221,2.9627472527472527,0.0014986251030617978,0.1351460932439044
SUPERMARKET_2_126,1,Básicos de alto volumen,5.76424464192368,0.8715320165563973,5.530900117508812,-0.00016715464596262733,0.3500993201012731
SUPERMARKET_2_127,3,Nicho premium,1.9289074751698903,0.8465618466969185,8.606048407643312,0.00036631450639213576,0.07447563961760907
SUPERMARKET_2_128,1,Básicos de alto volumen,78.1312075274438,0.6796214451051862,0.995487684729064,-0.0006640908047436231,0.18155390352469786
SUPERMARKET_2_129,3,Nicho premium,1.0909566126502874,1.2263080865487663,11.366181259600614,0.0010203377033663969,0.11309715692223636
SUPERMARKET_2_130,2,Baja rotación volátil,4.072138003136435,1.511843513430682,1.8743929273084479,0.002014924584040215,0.14325617075661762
SUPERMARKET_2_131,1,Básicos de alto volumen,15.438055410350236,0.825298320677239,7.246175087543771,0.0010039909155352756,0.13437294141384665
SUPERMARKET_2_132,2,Baja rotación volátil,3.565603763721903,1.0849187418815127,3.2553651149747616,0.0006598340352990747,0.21794822138638847
SUPERMARKET_2_133,1,Básicos de alto volumen,3.2101411395713537,1.0113136493046468,3.2620262467191603,0.0005344562109771716,0.18046642806879612
SUPERMARKET_2_134,1,Básicos de alto volumen,7.35964453737585,0.5932360249358113,3.5631921664626685,-5.172736460287546e-05,0.1401893676213997
SUPERMARKET_2_135,1,Básicos de alto volumen,10.406168322007318,0.7551319847137624,2.78221875,0.00045318448417385967,0.1354945853425379
SUPERMARKET_2_136,1,Básicos de alto volumen,6.379508625196027,0.7356899843366617,3.5003940561364884,0.0007586322948527895,0.15296860542812615
SUPERMARKET_2_137,1,Básicos de alto volumen,7.885520125457397,0.6536937931754272,3.0024,0.00019441190137356289,0.09959615913103395
SUPERMARKET_2_138,1,Básicos de alto volumen,10.267119707266074,0.574925246768287,2.2335880149812732,3.504709218300506e-05,0.14133294612712183
SUPERMARKET_2_139,1,Básicos de alto volumen,13.813904861474125,0.5428548454329498,3.5726132723112127,-6.117412895039273e-05,0.09724467283220525
SUPERMARKET_2_140,0,Estacionales volátiles,2.4976476738107682,2.0974406483569012,12.752937016574585,0.0015803277515222668,0.585795482363608
SUPERMARKET_2_141,1,Básicos de alto volumen,8.863042341871406,0.728199008110791,8.49548043297252,0.00037247010617370114,0.11637659881639198
SUPERMARKET_2_142,1,Básicos de alto volumen,10.921066387872452,0.8336369979873872,4.792959843290891,0.0009098574581395273,0.1770729957392946
SUPERMARKET_2_143,1,Básicos de alto volumen,7.21955044432828,0.5884942440854593,4.750097435897436,-6.781330550351111e-06,0.07894165192077941
SUPERMARKET_2_144,1,Básicos de alto volumen,11.045478306325144,0.7107005429432917,2.995219103477168,0.0003407302470552055,0.23728462033472708
SUPERMARKET_2_145,2,Baja rotación volátil,5.2075274438055414,1.9200892778405156,2.809627118644068,0.0022556527753878316,0.42953360212420694
SUPERMARKET_2_146,1,Básicos de alto volumen,9.884997386304233,0.6175094163751611,2.2803347210657785,-1.7494414352283837e-05,0.1573903177936658
SUPERMARKET_2_147,2,Baja rotación volátil,1.1949817041296393,2.1213135192688006,4.451981220657276,0.002457787625447018,0.3060806516967914
SUPERMARKET_2_148,1,Básicos de alto volumen,3.484579194981704,0.9491676018175316,3.242018527547538,0.0005883845096777354,0.11387867268050775
SUPERMARKET_2_149,1,Básicos de alto volumen,15.349189754312597,0.8197910390017344,8.495475437135719,0.0005269425181656398,0.19642880186223927
SUPERMARKET_2_150,1,Básicos de alto volumen,14.781495033978045,0.5731976685976184,3.293593008739076,0.00020204518604207967,0.0662693660098029
SUPERMARKET_2_151,2,Baja rotación volátil,11.041296393099843,1.048710978925567,2.3265599999999997,0.001364066092993644,0.12358984172610715
SUPERMARKET_2_152,1,Básicos de alto volumen,42.05959226346053,0.4034918956891007,2.774555116696589,2.6265085528544415e-05,0.10259613064786244
SUPERMARKET_2_153,1,Básicos de alto volumen,11.878724516466283,0.6347529695559889,3.305950448833034,-8.953835882449309e-05,0.1526102762964395
SUPERMARKET_2_154,3,Nicho premium,2.213800313643492,0.9793510835630553,14.999021240441799,-0.0005114242915187526,0.2683202370795427
SUPERMARKET_2_155,2,Baja rotación volátil,1.5990590695243074,1.8375193312031743,2.9851145510835915,0.0019232683969463349,0.1961678732202424
SUPERMARKET_2_156,1,Básicos de alto volumen,10.852064819654991,0.5913348560783348,1.7013333333333334,-0.00014295869130540034,0.13721194667022726
SUPERMARKET_2_157,1,Básicos de alto volumen,4.862519602718244,0.5981563578057256,4.55914035818409,0.00018872556894470907,0.136749774769068
SUPERMARKET_2_158,0,Estacionales volátiles,4.359121798222687,1.7378028791449682,1.526240663900415,0.0019840271027002643,0.45513343252584465
SUPERMARKET_2_159,2,Baja rotación volátil,1.1630946157867224,1.7420128024490837,4.739270046082949,0.0020327939978621906,0.2018043663273515
SUPERMARKET_2_160,1,Básicos de alto volumen,2.2676424464192366,0.8804131504216767,3.3970430422064353,6.8761564486167e-05,0.07627804999437227
SUPERMARKET_2_161,3,Nicho premium,2.100888656560376,0.825121704268056,8.60923951048951,0.0003611348148993584,0.08212348765371162
SUPERMARKET_2_162,2,Baja rotación volátil,5.592786199686357,0.9356072246161244,3.5177527226137095,0.0011314033564780509,0.141257716998831
SUPERMARKET_2_163,1,Básicos de alto volumen,3.9587036069001567,0.9646695334512521,3.275508620689655,0.00014359216077982349,0.12912241118050896
SUPERMARKET_2_164,1,Básicos de alto volumen,32.52692106638787,0.34683174263605243,3.3453965517241384,4.0085781814025344e-05,0.035142913567356486
SUPERMARKET_2_165,0,Estacionales volátiles,1.371144798745426,1.7167723326330295,4.716793103448276,0.0012182509540459724,0.4099645257986941
SUPERMARKET_2_166,1,Básicos de alto volumen,24.019341348667016,0.9806615433222973,2.5148,-0.0008472701219159205,0.17666954798914475
SUPERMARKET_2_167,1,Básicos de alto volumen,5.729743857814951,0.6934782145692351,2.925791666666667,0.0003128993761315376,0.11671999011470917
SUPERMARKET_2_168,2,Baja rotación volátil,1.0951385258755881,1.8141162104598447,4.712546583850932,0.0021648691645719973,0.20076808467545512
SUPERMARKET_2_169,3,Nicho premium,3.2535284892838474,1.4439347722693125,7.0326894736842105,-0.000493232181916436,0.17607368500711948
SUPERMARKET_2_170,1,Básicos de alto volumen,13.468374281233665,0.7807503814475726,3.563780404117423,-0.00012912532491388053,0.32272284387892713
SUPERMARKET_2_171,1,Básicos de alto volumen,16.850496602195506,0.4558070530032497,3.4357232142857144,0.00019318592045945945,0.09851277555015135
SUPERMARKET_2_172,2,Baja rotación volátil,3.7177208572922114,1.707536603480631,2.956578778135048,0.0019720499676821102,0.41757855894601426
SUPERMARKET_2_173,3,Nicho premium,11.291165708311553,0.7686202494848897,10.463559296097934,0.0007875276838990588,0.14360010342828286
SUPERMARKET_2_174,1,Básicos de alto volumen,8.754835337166753,0.7691883432600197,3.2042769580022705,-0.0004170873299536957,0.17295929425369988
SUPERMARKET_2_175,1,Básicos de alto volumen,21.77417668583377,0.9713532923564769,2.81193135725429,0.0014716332738670737,0.13514620017836707
SUPERMARKET_2_176,1,Básicos de alto volumen,6.12179822268688,0.7503789275822889,3.1871221566975567,-8.852216021889457e-05,0.12345643094650535
SUPERMARKET_2_177,2,Baja rotación volátil,3.342916884474647,1.0355971555578325,3.948400444938821,0.0009554877516452061,0.17115740664096685
SUPERMARKET_2_178,2,Baja rotación volátil,2.9158389963408258,1.6866944358486022,2.990762511373976,0.0018052645413551016,0.2984939807956948
SUPERMARKET_2_179,2,Baja rotación volátil,2.1949817041296393,1.1986024931066463,5.988063618290259,0.0013826047576242445,0.0875775654236441
SUPERMARKET_2_180,2,Baja rotación volátil,4.813382122320962,1.177406959875008,2.7362541720154043,0.001616889084092488,0.15587521496900456
SUPERMARKET_2_181,1,Básicos de alto volumen,72.41557762676425,0.4165116107632834,2.3291139784946235,-0.0001625906270684445,0.08760450010470448
SUPERMARKET_2_182,1,Básicos de alto volumen,10.720334553058024,0.6331182598577448,2.36612734082397,8.81485800085752e-05,0.1315896971193483
SUPERMARKET_2_183,1,Básicos de alto volumen,27.688447464715107,0.6246803756676144,10.500838565022422,0.0004773690932663803,0.1574988696561966
SUPERMARKET_2_184,1,Básicos de alto volumen,15.381599581808677,0.6015147798470373,5.847933304080738,0.00023265433940044584,0.05508198654888133
SUPERMARKET_2_185,2,Baja rotación volátil,2.2530057501306846,2.034832607288606,2.348012084592145,0.002384896002787107,0.20302718574873427
SUPERMARKET_2_186,2,Baja rotación volátil,2.592263460533194,1.2796134227386982,6.454046063202999,0.001049921775764612,0.25201522742292837
SUPERMARKET_2_187,2,Baja rotación volátil,1.555671719811814,1.7950708533022304,6.133007633587786,0.0022597700761577636,0.24024572806915326
SUPERMARKET_2_188,1,Básicos de alto volumen,3.5243073706220596,0.9219756624207449,3.2143800000000002,5.047062448084605e-05,0.12270360322502467
SUPERMARKET_2_189,1,Básicos de alto volumen,11.928384736016728,0.6159212440836109,2.9952329393823867,4.147077142001867e-05,0.22691194910645815
SUPERMARKET_2_190,1,Básicos de alto volumen,4.456874019864088,0.9032610978232423,3.262109212171738,0.0002237721006577711,0.11171409032466939
SUPERMARKET_2_191,2,Baja rotación volátil,2.1411395713538943,1.9542366739963375,10.65163395810364,0.0021137188464765513,0.3264534077894869
SUPERMARKET_2_192,1,Básicos de alto volumen,8.513852587558809,0.6066050247262615,2.21524861878453,0.00018761478370084097,0.21593763593989806
SUPERMARKET_2_193,2,Baja rotación volátil,2.173026659696811,1.606447099485097,6.42015894039735,0.0019794951714164873,0.29501582554905414
SUPERMARKET_2_194,1,Básicos de alto volumen,19.440669106116047,0.5791188724145473,8.349273361768127,0.0003229081784179242,0.2058867867994004
SUPERMARKET_2_195,1,Básicos de alto volumen,4.109252483010978,0.8863814259341211,3.810359748427673,0.0001801973198757659,0.1778341543123188
SUPERMARKET_2_196,1,Básicos de alto volumen,7.9032932566649245,0.5245685922773323,4.5584688,0.0002039444459091854,0.16842770361624104
SUPERMARKET_2_197,1,Básicos de alto volumen,84.77417668583377,0.42003468894035684,3.7894236559139785,-0.00029404107673413205,0.10250378756563855
SUPERMARKET_2_198,3,Nicho premium,11.86199686356508,0.8805434455656402,11.226582426778242,0.00020203741143493193,0.17419781151477515
SUPERMARKET_2_199,1,Básicos de alto volumen,21.283847360167275,0.48925324734197173,1.1394691151919867,0.00011170029646489733,0.11078813867952075
SUPERMARKET_2_200,2,Baja rotación volátil,3.087820177731312,1.1227212543484817,5.084400711321873,0.0010660687107230224,0.20478641551093715
SUPERMARKET_2_201,2,Baja rotación volátil,6.509147935180345,1.546095371839394,6.451469613259668,0.001996063514553932,0.322535778172604
SUPERMARKET_2_202,1,Básicos de alto volumen,3.7417668583376895,0.7267929125370619,3.462375652173913,0.0006004570058331703,0.140869339949077
SUPERMARKET_2_203,2,Baja rotación volátil,2.330893883951908,1.2515492331442972,4.038851662404092,0.0011444613498679964,0.259527465971936
SUPERMARKET_2_204,1,Básicos de alto volumen,33.95608991113434,0.5056206050365659,1.1392327622231508,0.0003749933711264862,0.15373766374240388
SUPERMARKET_2_205,1,Básicos de alto volumen,4.01411395713539,0.9509588806211223,3.3036860622462787,0.0003883793634095706,0.14099179312282392
SUPERMARKET_2_206,3,Nicho premium,2.6199686356508103,1.4989017823327644,12.796038888888889,0.0004329760199974097,0.3688334222873707
SUPERMARKET_2_207,3,Nicho premium,2.156299006795609,1.030915674057587,8.729067961165049,0.0005469808060802407,0.294642567553196
SUPERMARKET_2_208,3,Nicho premium,6.853110297961317,0.8568062240361555,8.487206477732792,0.0005246063180897794,0.261189953483863
SUPERMARKET_2_209,2,Baja rotación volátil,2.4903293256664925,1.3401993699488817,7.280313003452243,0.0015021366687638428,0.1956843736762894
SUPERMARKET_2_210,2,Baja rotación volátil,3.777835859905907,1.5896013850350779,4.456408163265307,0.001965293316861784,0.26119426461430484
SUPERMARKET_2_211,1,Básicos de alto volumen,10.374281233664401,0.7414586919739629,2.758494724501759,0.00011245249773447698,0.09143778193626477
SUPERMARKET_2_212,1,Básicos de alto volumen,13.547307893361213,0.9238160305867675,5.6025030978934325,-0.0006105876316176848,0.2670839952659175
SUPERMARKET_2_213,0,Estacionales volátiles,2.5326711970726605,1.620693813202794,4.70287643312102,0.0009293881499474623,0.523655843322
SUPERMARKET_2_214,2,Baja rotación volátil,2.930475692629378,1.7242408509471685,2.9849028677150784,0.0018455375440862526,0.2291781141326652
SUPERMARKET_2_215,0,Estacionales volátiles,3.0517511761630947,2.208978687225831,2.24627027027027,0.0023846714749799526,0.6618948624556734
SUPERMARKET_2_216,3,Nicho premium,4.330893883951908,0.6904709009704926,7.138765589440146,0.00040830763945765887,0.10486273021354266
SUPERMARKET_2_217,1,Básicos de alto volumen,8.742812336644015,0.8277080323400079,4.794009113924051,0.001049591797735091,0.166771565121011
SUPERMARKET_2_218,1,Básicos de alto volumen,4.13016204913748,0.6495423710565075,4.56241403508772,0.00037875335601410525,0.13217416706836213
SUPERMARKET_2_219,1,Básicos de alto volumen,5.34553058024046,0.900878124696689,3.2861404958677687,0.0003521757938100664,0.1514482326976541
SUPERMARKET_2_220,1,Básicos de alto volumen,7.230005227391532,0.7505415137806566,2.363926650366748,0.0002174095140698686,0.16840850972241256
SUPERMARKET_2_221,2,Baja rotación volátil,6.425509670674334,1.3127185619537076,1.3158796460176991,0.0009147591107860723,0.34392624175291464
SUPERMARKET_2_222,1,Básicos de alto volumen,32.995295347621536,0.8417351299480327,3.014914542728636,0.00106802192480522,0.2726152919378791
SUPERMARKET_2_223,1,Básicos de alto volumen,4.852587558808155,0.9938219221496297,2.5417250437828374,-1.9627119959441134e-05,0.21476138655879254
SUPERMARKET_2_224,3,Nicho premium,4.377940407736539,0.739342456572693,7.01910863031344,0.00042799238158181435,0.16651256146975507
SUPERMARKET_2_225,1,Básicos de alto volumen,9.121798222686879,0.6387734513469688,2.9450610878661085,6.518821010542313e-05,0.24447636368814027
SUPERMARKET_2_226,2,Baja rotación volátil,0.8264506011500261,1.5940513939126815,8.960539434075859,0.0014411008216305592,0.28076032814695273
SUPERMARKET_2_227,2,Baja rotación volátil,3.0940930475692627,1.6562366666421267,5.24905306122449,0.0018164848758032764,0.2687477807340821
SUPERMARKET_2_228,3,Nicho premium,3.1667537898588605,0.9610559090776546,5.838086956521739,0.0005288811124290587,0.16072102160099858
SUPERMARKET_2_229,1,Básicos de alto volumen,13.957658128593831,1.1104888723441668,2.543253056687662,-0.0010084204287822806,0.15943702732147008
SUPERMARKET_2_230,1,Básicos de alto volumen,5.92681651855724,0.9245275401317627,2.542556993736952,-3.496012816485194e-05,0.1756014872587068
SUPERMARKET_2_231,1,Básicos de alto volumen,9.203868269733404,0.6451810731112777,2.9889565545901022,-0.00028223515708986676,0.15263176228525316
SUPERMARKET_2_232,1,Básicos de alto volumen,10.11186617877679,0.47907451737858997,2.8214379958246347,0.00015309285743135982,0.08984577478622777
SUPERMARKET_2_233,1,Básicos de alto volumen,22.024046001045477,0.4897165585472619,5.200032036613273,-0.00018995811130243548,0.07266829475724906
SUPERMARKET_2_234,1,Básicos de alto volumen,5.431259801359122,0.9319400342646409,3.301810507409071,0.00044304413645806996,0.1305631089079392
SUPERMARKET_2_235,2,Baja rotación volátil,3.6706743335075798,1.2131138325435398,3.2486965357967668,0.001075177683401087,0.23829218085663542
SUPERMARKET_2_236,1,Básicos de alto volumen,14.966544694197596,0.5707668594998752,3.421416974169742,-1.010373532776973e-06,0.1085223879877649
SUPERMARKET_2_237,1,Básicos de alto volumen,5.492420282279142,0.7380914492617866,2.9654621026894863,4.543424932813782e-05,0.08736896831914634
SUPERMARKET_2_238,2,Baja rotación volátil,6.054364871928907,1.1734278762923378,1.9641614906832296,0.001264873812576865,0.2656576841798773
SUPERMARKET_2_239,0,Estacionales volátiles,0.7344485101934135,1.891275978227322,15.079812080536911,0.0016909107432831118,0.7152902707492187
SUPERMARKET_2_240,1,Básicos de alto volumen,28.023523261892315,0.9907479798493488,2.512331182795699,-0.0008980029397697497,0.19683059494848754
SUPERMARKET_2_241,1,Básicos de alto volumen,28.667537898588606,0.9700183084705502,2.806736842105263,0.0008550437818550536,0.3096192141193912
SUPERMARKET_2_242,1,Básicos de alto volumen,11.826450601150027,0.683079588564927,2.9764909983633387,0.0002700210892330242,0.234725389718586
SUPERMARKET_2_243,3,Nicho premium,2.3559853633037116,1.054918649014962,8.722868113522539,0.0006892788535666186,0.3307152126337316
SUPERMARKET_2_244,1,Básicos de alto volumen,49.84108729743858,0.4652366411151182,6.9452457496136,-0.00037180144901466643,0.07028657769878507
SUPERMARKET_2_245,1,Básicos de alto volumen,9.887611082070046,0.5642953732665115,3.5641434441539035,0.00017011112448167245,0.09946975079116042
SUPERMARKET_2_246,2,Baja rotación volátil,3.1118661787767903,1.6136300849077052,2.504022662889519,0.001841928296227173,0.32477194546149285
SUPERMARKET_2_247,1,Básicos de alto volumen,17.865133298484057,0.483055995419566,2.566953338119167,-0.00018863367666728216,0.09084821402337791
SUPERMARKET_2_248,3,Nicho premium,3.251437532671197,0.9889233939789558,7.098140035906643,0.0007271687457833302,0.14025964175859132
SUPERMARKET_2_249,2,Baja rotación volátil,3.5765812859383166,1.904438610274158,3.6997148936170214,0.0022620330388880036,0.32038714277936375
SUPERMARKET_2_250,2,Baja rotación volátil,1.6304234187140616,1.882282860000531,13.164,0.0022661240198565595,0.33120651596181927
SUPERMARKET_2_251,3,Nicho premium,10.559330893883953,0.8583414377052699,9.152947368421053,0.0005060248305886713,0.18240871796778638
SUPERMARKET_2_252,2,Baja rotación volátil,0.7051751176163095,2.6294483024094877,4.694443514644352,0.0022339692801811245,0.409103338870393
SUPERMARKET_2_253,0,Estacionales volátiles,1.4793518034500783,2.204072493120988,9.362135593220339,0.0025113744526782584,0.5418735888299566
SUPERMARKET_2_254,0,Estacionales volátiles,1.0757971772085728,1.8985344604085839,7.512451908396946,0.001059530179661857,0.8776820179911494
SUPERMARKET_2_255,0,Estacionales volátiles,14.957658128593831,2.4872635357685757,2.8715065573770495,0.00044566136690588174,1.3186399733537364
SUPERMARKET_2_256,3,Nicho premium,6.832200731834814,0.9387217828659392,7.0336300788356585,0.0008554526089183209,0.1795985214066833
SUPERMARKET_2_257,1,Básicos de alto volumen,15.48562467328803,0.9052502363134987,1.1992691839220462,0.0011349798806443415,0.1714300613128971
SUPERMARKET_2_258,1,Básicos de alto volumen,5.699424986931521,0.6779994763528945,3.5035953372189845,-0.00019262997514784937,0.12018419217853539
SUPERMARKET_2_259,2,Baja rotación volátil,1.2566649242028227,1.5187854303494184,4.2741489841986455,0.0016640871999708605,0.09762153035710777
SUPERMARKET_2_260,2,Baja rotación volátil,3.4087820177731314,1.1124446603385825,3.283533156498674,0.000499047543449843,0.18428834306282524
SUPERMARKET_2_261,3,Nicho premium,2.903815995818087,0.882365776185092,11.949977599999999,0.0006623095121253839,0.09611615223838842
SUPERMARKET_2_262,1,Básicos de alto volumen,8.055410350235233,0.706853883929119,2.363325842696629,0.0001351262141080496,0.15981401478854654
SUPERMARKET_2_263,3,Nicho premium,3.687401986408782,0.9677006935711672,7.137634285714286,0.0003593065409883683,0.2525971428992545
SUPERMARKET_2_264,1,Básicos de alto volumen,4.143753267119707,0.8310018439445562,4.532928481806775,0.00039748790993216106,0.14039082380747764
SUPERMARKET_2_265,2,Baja rotación volátil,2.0909566126502876,1.2606029093587225,4.298122743682311,0.0013495502747865313,0.14576890755519878
SUPERMARKET_2_266,3,Nicho premium,11.047046523784632,1.0191968055249494,11.172774390243903,0.0007729390740411837,0.2215125669744641
SUPERMARKET_2_267,1,Básicos de alto volumen,11.94093047569263,0.5649607222807966,2.2337429886982,6.380854526293593e-05,0.17835004565293577
SUPERMARKET_2_268,2,Baja rotación volátil,1.5284892838473603,1.3837104137556875,4.266920930232558,0.0011544499136773264,0.2103765647641063
SUPERMARKET_2_269,2,Baja rotación volátil,3.014636696288552,0.9894492654332919,3.304356984478936,0.000820335209336036,0.17312956255373055
SUPERMARKET_2_270,0,Estacionales volátiles,2.1677992681651856,1.7186868255686605,4.094568152866242,0.0010062191673000226,0.5249738070291684
SUPERMARKET_2_271,2,Baja rotación volátil,1.057501306847883,2.0346413654342865,13.170979274611398,0.00211513665173792,0.33095366504841717
SUPERMARKET_2_272,2,Baja rotación volátil,10.490852064819656,1.0426561704211275,2.3283046092184367,0.0014060499226148952,0.13329724089530903
SUPERMARKET_2_273,2,Baja rotación volátil,2.447987454260324,1.1477194188924182,3.291483443708609,0.0010250181547912611,0.12398279878165785
SUPERMARKET_2_274,1,Básicos de alto volumen,16.04234187140617,0.7252625198303083,8.487082431307243,0.0005055515203388277,0.14138214084824216
SUPERMARKET_2_275,1,Básicos de alto volumen,7.2828018818609515,0.7723364774065593,2.789185123276222,0.00059890178063613,0.1651989341127434
SUPERMARKET_2_276,1,Básicos de alto volumen,83.05645582854156,0.47135329919797736,3.7901505376344087,-0.00044886744422565657,0.0758154722820789
SUPERMARKET_2_277,2,Baja rotación volátil,2.8395190799790906,2.217346892546504,1.5241420118343196,0.002051059953690374,0.3810660919744506
SUPERMARKET_2_278,2,Baja rotación volátil,3.4500784108729743,1.7103727751343412,2.9529625668449198,0.0019263923054206498,0.3984611433245793
SUPERMARKET_2_279,1,Básicos de alto volumen,7.015159435441714,0.9538768869965641,3.015975744211687,0.00101728652401981,0.24209114761933928
SUPERMARKET_2_280,2,Baja rotación volátil,1.8614741244119184,1.3441613392221181,4.520867096774193,0.0014830602219750542,0.2606233341573349
SUPERMARKET_2_281,3,Nicho premium,1.8374281233664402,1.007966216729767,8.692208246563933,1.5008184255425935e-05,0.3944296025126889
SUPERMARKET_2_282,1,Básicos de alto volumen,12.472556194458965,0.6408125124990814,8.34527819548872,0.000370370897693689,0.193316017172283
SUPERMARKET_2_283,1,Básicos de alto volumen,15.957658128593831,0.7097236152184627,1.6987374438546343,-0.0002324693461152357,0.21362462951379002
SUPERMARKET_2_284,1,Básicos de alto volumen,4.480397281756404,0.7536037008215007,2.96310182767624,7.407091585063288e-05,0.0999682259722446
SUPERMARKET_2_285,1,Básicos de alto volumen,27.495033978044955,0.7392554000324976,4.291294623655914,-0.00019439491822731658,0.1880116516727096
SUPERMARKET_2_286,2,Baja rotación volátil,7.572922111866179,1.4568320666567205,1.8781411764705882,0.00206262272987711,0.16612180835051213
SUPERMARKET_2_287,2,Baja rotación volátil,1.3105070569785677,1.8273935019939191,2.983076600209863,0.0018994022309339051,0.24311423392293266
SUPERMARKET_2_288,1,Básicos de alto volumen,7.611604809200209,0.8185761529484152,3.3013338129496406,0.00016986516703412747,0.12004441055392114
SUPERMARKET_2_289,1,Básicos de alto volumen,16.02665969681129,0.6493072929679683,2.9778175895765475,6.904123063516151e-05,0.22050432890001562
SUPERMARKET_2_290,2,Baja rotación volátil,3.4610559330893884,1.886961381500992,3.2085561497326203,0.0019260985771316053,0.4127606863098669
SUPERMARKET_2_291,1,Básicos de alto volumen,15.578149503397805,0.8240843600470769,8.417648936170211,0.00012360841797703,0.17936001319892986
SUPERMARKET_2_292,2,Baja rotación volátil,2.756926293779404,1.8249227147692815,3.735449793672627,0.0020220574273493762,0.42939924239781524
SUPERMARKET_2_293,1,Básicos de alto volumen,27.95138525875588,0.37146285998231104,4.685963459196103,0.00014490642781379932,0.07357050365483561
SUPERMARKET_2_294,1,Básicos de alto volumen,26.0768426555149,0.7121910281310327,1.368258064516129,-0.00017788667769108273,0.28659718744976653
SUPERMARKET_2_295,3,Nicho premium,4.047046523784632,0.8383884774788342,14.988596178343949,-0.00030699169624896555,0.28576869409858213
SUPERMARKET_2_296,2,Baja rotación volátil,3.187663355985363,1.1570461552581381,3.7407703016241296,0.001406504560556361,0.14828455388372616
SUPERMARKET_2_297,1,Básicos de alto volumen,12.007318348144276,0.7824284930028454,4.159491025129637,-4.141028468959736e-05,0.23396661489770165
SUPERMARKET_2_298,3,Nicho premium,2.565603763721903,0.8823391717093895,14.989693157671057,-0.00017716428367399749,0.2555520848575511
SUPERMARKET_2_299,1,Básicos de alto volumen,19.69681129116571,0.49825410765045436,2.33035917721519,7.797194383961405e-05,0.13771848750600232
SUPERMARKET_2_300,0,Estacionales volátiles,1.9911134343962362,1.6363430754976724,7.4499652706843715,0.0006665106323710911,0.665462035151484
SUPERMARKET_2_301,2,Baja rotación volátil,5.559330893883952,1.2671392375890507,3.373234008097166,0.0016161538257235132,0.22796611591079693
SUPERMARKET_2_302,3,Nicho premium,5.232618923157345,1.405673058163989,12.814926829268293,0.00011396212554382035,0.29495380870126653
SUPERMARKET_2_303,1,Básicos de alto volumen,6.726084683742813,1.0119470958552022,2.5361039396479463,-0.0005428311198653297,0.19778003461227003
SUPERMARKET_2_304,1,Básicos de alto volumen,11.751698902247778,0.6429030689412928,4.742611790878755,7.312319543746433e-05,0.22752638953973964
SUPERMARKET_2_305,3,Nicho premium,2.5290120230005226,0.8802104431905281,10.605317157712305,7.748934064576309e-05,0.2192021294519612
SUPERMARKET_2_306,1,Básicos de alto volumen,6.940930475692629,0.8845013981300683,4.885233933161953,0.00042321880936459097,0.15844467532022072
SUPERMARKET_2_307,1,Básicos de alto volumen,13.397281756403554,0.9003863585864106,3.0154857768052516,0.001006546590622247,0.29818045704804547
SUPERMARKET_2_308,1,Básicos de alto volumen,4.731834814427601,0.7119190944478243,3.1856060991105464,1.6727197657742557e-05,0.13315099283467344
SUPERMARKET_2_309,1,Básicos de alto volumen,13.549921589127026,0.7110789452987484,3.102270058708415,0.0007329541602855583,0.12710159146914035
SUPERMARKET_2_310,2,Baja rotación volátil,1.374803972817564,1.77767915051664,4.707411223551058,0.0016654088149430889,0.35794027073218954
SUPERMARKET_2_311,1,Básicos de alto volumen,15.252483010977523,0.6304391691516623,3.2941573033707865,-0.0001368465062566726,0.24614900725732664
SUPERMARKET_2_312,2,Baja rotación volátil,3.2237323575535806,1.2674480542051703,6.015218564490016,0.0012977179482316621,0.2010582531317491
SUPERMARKET_2_313,3,Nicho premium,1.8463146889702038,0.9614401265053909,10.995579044117646,0.0001824333928399509,0.14584053862270058
SUPERMARKET_2_314,1,Básicos de alto volumen,4.428123366440146,0.7234189937637086,5.845907186858316,0.0004978980695966419,0.0910894931425665
SUPERMARKET_2_315,1,Básicos de alto volumen,31.718243596445372,0.5603935448160198,2.998849964106246,-0.0002637512812894406,0.1572883323104236
SUPERMARKET_2_316,3,Nicho premium,5.401986408782018,1.3714535775145729,12.828132919805052,0.00012590520540445372,0.38742948997808074
SUPERMARKET_2_317,3,Nicho premium,3.496602195504443,0.8933981050878245,14.987195698924731,-0.00038989085936465213,0.2887150364657984
SUPERMARKET_2_318,1,Básicos de alto volumen,16.04234187140617,0.9676365734575643,6.078905206942591,0.0011906556406032559,0.20700202767775983
SUPERMARKET_2_319,1,Básicos de alto volumen,3.4694197595399894,0.8395712890761561,3.1564739676840214,5.651106553766442e-05,0.13970859775797706
SUPERMARKET_2_320,2,Baja rotación volátil,6.836905384213278,1.3727604382693017,2.16203821656051,0.0016960439829417709,0.2455498252310658
SUPERMARKET_2_321,1,Básicos de alto volumen,7.47151071615264,0.6430832934607256,3.528473254759746,0.00025208389507738954,0.1724894648011152
SUPERMARKET_2_322,1,Básicos de alto volumen,23.047569262937795,0.42864179022239773,3.4463660565723795,0.00026824898218729104,0.10425039320465637
SUPERMARKET_2_323,1,Básicos de alto volumen,3.523784631468897,0.8587260665571758,4.532750415973378,0.0005061781645921438,0.17697662185466137
SUPERMARKET_2_324,2,Baja rotación volátil,2.6293779404077364,1.726662750361298,2.9990273224043715,0.0017455451444218315,0.32283338767684966
SUPERMARKET_2_325,1,Básicos de alto volumen,42.708311552535285,0.5043405433751756,1.415456642460487,0.00026564252649202274,0.1529685946815101
SUPERMARKET_2_326,1,Básicos de alto volumen,70.64140094093048,0.5129838320856815,1.140656862745098,0.0005618537782707999,0.13234204410962253
SUPERMARKET_2_327,1,Básicos de alto volumen,11.143230527966544,0.5650879934946553,2.2932239800166525,0.00015752145541581044,0.1847867574742151
SUPERMARKET_2_328,2,Baja rotación volátil,2.0993204391008886,1.5660924586692049,5.303999999999999,0.0019241772172338182,0.17819922778028863
SUPERMARKET_2_329,1,Básicos de alto volumen,3.266074228959749,0.733305896848436,4.116055160885917,7.47900035504705e-05,0.07811358187129624
SUPERMARKET_2_330,1,Básicos de alto volumen,6.776790381599582,0.6355123015820274,4.74747433903577,-5.380779872506872e-05,0.126359929633333
SUPERMARKET_2_331,1,Básicos de alto volumen,4.5488761108207,0.8780966146882935,3.3060923076923077,0.000723772842032082,0.15221790545294336
SUPERMARKET_2_332,1,Básicos de alto volumen,4.391008886565603,0.6845138359482873,4.218282382340691,9.495617281290342e-05,0.0805857970602748
SUPERMARKET_2_333,1,Básicos de alto volumen,14.61578672242551,0.5679026594088823,3.8026272727272725,-0.00036168391103889576,0.1251900578303299
SUPERMARKET_2_334,3,Nicho premium,4.969681129116571,1.4221136815304007,12.79765189584285,0.00017969968722868698,0.29239008308053893
SUPERMARKET_2_335,1,Básicos de alto volumen,3.228437009932044,0.7680954518936735,4.2192418540614955,-2.7898689205684063e-05,0.1255236630521922
SUPERMARKET_2_336,2,Baja rotación volátil,3.883951907997909,1.0162936073659101,3.0539970831307732,0.0006198181007195377,0.2299022325931796
SUPERMARKET_2_337,0,Estacionales volátiles,1.283324621014114,1.7938102788949388,7.552180883864337,0.0009471252471427898,0.8955616869161179
SUPERMARKET_2_338,2,Baja rotación volátil,5.933612127548353,1.1063204082591689,3.519097328244275,0.0014064830684709416,0.1869563477505884
SUPERMARKET_2_339,1,Básicos de alto volumen,9.946157867224255,0.78773828044975,4.144951672862454,0.00021224530491889453,0.22044810485302258
SUPERMARKET_2_340,1,Básicos de alto volumen,6.986408782017773,0.639178359752733,3.5659757207890745,0.00022361921391169287,0.12171356060537676
SUPERMARKET_2_341,2,Baja rotación volátil,1.4145321484579194,1.763391526830678,2.991448275862069,0.001852555303366451,0.24451055007170397
SUPERMARKET_2_342,1,Básicos de alto volumen,18.559330893883953,0.5221124991822592,7.125766860949209,0.0005214001677479893,0.15975134476985636
SUPERMARKET_2_343,1,Básicos de alto volumen,3.677469942498693,0.8732052084715776,4.536396486825596,0.0006974251132553545,0.1799530044469695
SUPERMARKET_2_344,1,Básicos de alto volumen,8.055933089388395,0.771562941426494,3.287433782712133,0.0002985080086608721,0.12126630385576254
SUPERMARKET_2_345,2,Baja rotación volátil,2.2728698379508625,1.6165481080254733,9.703821862348178,0.0018463518224003923,0.2577693855576935
SUPERMARKET_2_346,2,Baja rotación volátil,10.2723470987977,1.929037739699676,2.8128162344983085,0.002278992558069343,0.41049228139444605
SUPERMARKET_2_347,1,Básicos de alto volumen,54.9064296915839,0.39589425942384915,2.346922322158626,0.00010647882874097194,0.08780241336430063
SUPERMARKET_2_348,3,Nicho premium,5.288029273392577,0.8625520113869547,7.0342662696724805,0.0004325822219834423,0.2776765435688686
SUPERMARKET_2_349,1,Básicos de alto volumen,20.893361212754836,0.7870409297915508,7.241928741092637,0.000906727933518632,0.13367219790931045
SUPERMARKET_2_350,2,Baja rotación volátil,2.318348144276006,1.3817814719237167,5.893159090909091,0.0013465858361355076,0.35270328132607903
SUPERMARKET_2_351,1,Básicos de alto volumen,8.817564035546262,0.5814198512583798,3.5676636771300445,0.0002709136927809984,0.11235270029621726
SUPERMARKET_2_352,3,Nicho premium,5.994772608468375,1.5594968198062507,12.846854139290409,0.0006461417253194961,0.37873808985104307
SUPERMARKET_2_353,1,Básicos de alto volumen,5.974908520648197,0.7730280208813439,3.3272559300873907,-5.26258636290366e-05,0.1206292061054937
SUPERMARKET_2_354,2,Baja rotación volátil,2.1040250914793517,1.4048154308291125,5.943697526501767,0.0013192613061507067,0.2997671819264243
SUPERMARKET_2_355,2,Baja rotación volátil,2.7088342916884476,1.629058149792003,3.1010811921891057,0.0020155918106709004,0.26298262354504554
SUPERMARKET_2_356,1,Básicos de alto volumen,12.259278619968635,0.6286852538508566,2.996207159177456,8.448093837860753e-05,0.20496399022156186
SUPERMARKET_2_357,1,Básicos de alto volumen,15.31312075274438,0.6297416666461235,2.317505516959542,0.0001532484818574151,0.12248521690106634
SUPERMARKET_2_358,1,Básicos de alto volumen,4.756926293779404,0.8239972211953813,3.090467387253075,-3.2091699960694334e-05,0.25571887444746055
SUPERMARKET_2_359,1,Básicos de alto volumen,13.244119184526921,0.5283700104408832,2.3470356703567035,0.00013793019271186098,0.12267276656487881
SUPERMARKET_2_360,1,Básicos de alto volumen,134.40616832200732,0.654519290904673,0.9785325188645346,-0.0005782624166198064,0.2025710009407384
SUPERMARKET_2_361,1,Básicos de alto volumen,7.735493988499739,0.5660172128106894,4.5638142034548945,0.00025380394968538235,0.14873500749387253
SUPERMARKET_2_362,2,Baja rotación volátil,0.8384736016727653,1.9970693390943959,9.001885535900104,0.0019876042930017063,0.27354314833709414
SUPERMARKET_2_363,2,Baja rotación volátil,3.0946157867224255,1.683283044779579,2.9924574565416284,0.0017505029171365196,0.31078419700773624
SUPERMARKET_2_364,1,Básicos de alto volumen,24.451646628332462,0.6196923544904057,3.1897318900915907,0.00027077434740748905,0.11501476949777709
SUPERMARKET_2_365,0,Estacionales volátiles,1.7428123366440147,2.180154244983783,12.912634686346863,0.002238983087027877,0.5114288870841107
SUPERMARKET_2_366,1,Básicos de alto volumen,3.1615263983272346,1.0464883529386666,3.2526956521739128,0.00033775454214424064,0.16572408111184828
SUPERMARKET_2_367,1,Básicos de alto volumen,5.948771562990068,0.6852421466791533,5.795232786885246,0.0005727115815727159,0.08027616531112851
SUPERMARKET_2_368,1,Básicos de alto volumen,26.470465237846316,0.9111779909141287,8.99284301075269,0.0005496324578627497,0.18651578745751643
SUPERMARKET_2_369,0,Estacionales volátiles,1.328280188186095,2.023887841818756,5.827402409638555,0.0022860808917821904,0.49360292927807925
SUPERMARKET_2_370,1,Básicos de alto volumen,7.946680606377417,0.9050439640845732,6.042198979591837,0.0006316901154750725,0.22653978160301375
SUPERMARKET_2_371,1,Básicos de alto volumen,42.941453214845794,0.38548642540445993,2.3251506456241033,8.973063920402879e-05,0.09274307517665113
SUPERMARKET_2_372,2,Baja rotación volátil,1.7475169890224778,1.5745073645287662,10.748536912751678,0.0020163538827469986,0.20219304408867475
SUPERMARKET_2_373,1,Básicos de alto volumen,4.936748562467328,0.6516087067845561,7.045264239828693,0.0001538693361080563,0.07141751653062359
SUPERMARKET_2_374,1,Básicos de alto volumen,17.37219027705175,0.49629834790394645,2.3277894736842106,0.0003839747853654761,0.09762261075907706
SUPERMARKET_2_375,1,Básicos de alto volumen,6.8348144276006275,0.5851988433941948,5.86276254180602,-5.1222545955522976e-05,0.0901166766447419
SUPERMARKET_2_376,1,Básicos de alto volumen,11.675901725039205,0.6149507513689545,2.288355758266819,-0.00015454566759140982,0.1557636891161222
SUPERMARKET_2_377,0,Estacionales volátiles,2.846314688970204,1.9298630225385152,3.2207561761546724,0.001983136723094107,0.44860351164792367
SUPERMARKET_2_378,1,Básicos de alto volumen,5.4594877156299,0.7298993681259077,4.071004559270516,0.0004311029904460825,0.15789469724571956
SUPERMARKET_2_379,2,Baja rotación volátil,1.4579194981704129,1.934255144532732,8.376,0.0022920585342241125,0.40626787833449324
SUPERMARKET_2_380,1,Básicos de alto volumen,30.425509670674334,0.8668669485820482,6.113821126242179,0.00045143564652608704,0.2424558332597175
SUPERMARKET_2_381,1,Básicos de alto volumen,16.93518034500784,0.5737771931134403,2.9917681584739544,-0.00010677820649938885,0.18196166395078114
SUPERMARKET_2_382,1,Básicos de alto volumen,8.615263983272348,0.6620846182576975,4.332981132075472,-7.164066830155214e-05,0.17572145393915128
SUPERMARKET_2_383,2,Baja rotación volátil,9.313643491897544,1.0606703087101323,2.3289925423728812,0.0013174049097183756,0.12466717837045056
SUPERMARKET_2_384,1,Básicos de alto volumen,18.666492420282278,0.48219906864026857,2.6118169717138104,-3.26068247345239e-05,0.09665019272278318
SUPERMARKET_2_385,2,Baja rotación volátil,9.635650810245687,1.044713083883956,2.945016676250719,0.001133067278633259,0.21630421109257023
SUPERMARKET_2_386,2,Baja rotación volátil,3.052273915316257,1.0114946963897484,3.2794591381872213,0.0006831237076502787,0.13733311991664118
SUPERMARKET_2_387,2,Baja rotación volátil,1.5880815473078933,1.8028723560876239,15.564,0.0021972342752654543,0.17847329928949754
SUPERMARKET_2_388,1,Básicos de alto volumen,16.092002090956612,0.5233375752106001,3.5672128454070204,0.00018766955581628794,0.1080145920627231
SUPERMARKET_2_389,3,Nicho premium,1.4098274960794563,1.1592044776817898,15.017434727503167,3.475674197996843e-05,0.31883969519427063
SUPERMARKET_2_390,2,Baja rotación volátil,0.8389963408259279,2.2884508827115337,8.292211764705883,0.002364385096105108,0.31127921944337866
SUPERMARKET_2_391,1,Básicos de alto volumen,14.94720334553058,0.6387148514906245,2.3678451612903224,-0.00025023461158369943,0.15203777230369744
SUPERMARKET_2_392,1,Básicos de alto volumen,6.685311029796131,0.5413229417865605,5.976,-0.00018765752799255466,0.11604423499896556
SUPERMARKET_2_393,2,Baja rotación volátil,1.159958180867747,1.886032856646578,4.696713819368879,0.0022114460939572094,0.19562666651976923
SUPERMARKET_2_394,1,Básicos de alto volumen,4.003659174072138,0.8146758323407615,3.2148395164651937,-0.00023954205702243824,0.11233966666102771
SUPERMARKET_2_395,2,Baja rotación volátil,1.2399372713016206,1.7695593881165441,4.71201724137931,0.0013129766921539494,0.37402420146775084
SUPERMARKET_2_396,1,Básicos de alto volumen,9.191322530057501,0.5821226302460913,3.536348299319728,0.0004755316015557886,0.1231312843633111
SUPERMARKET_2_397,1,Básicos de alto volumen,8.703084161003659,0.7916153550536713,3.5617015926236375,-0.00012694270711650246,0.2961974807754318
SUPERMARKET_2_398,1,Básicos de alto volumen,23.02038682697334,0.7521810130792985,2.820977777777778,0.0009633266223284502,0.06986418185946144
SUPERMARKET_2_399,1,Básicos de alto volumen,12.075274438055411,0.713099168362448,2.3665258358662613,-0.00028678170288327546,0.17983069753963388
SUPERMARKET_3_001,1,Básicos de alto volumen,5.14636696288552,0.9205551907109066,2.9487721378288256,-0.0003105136341963489,0.40637427744679666
SUPERMARKET_3_002,2,Baja rotación volátil,18.56508102456874,1.2889231599110902,2.9998307349665922,0.0014285567139168639,0.33995230237240803
SUPERMARKET_3_003,0,Estacionales volátiles,1.6366962885520124,2.524911751128323,4.711299703264094,0.002161564307095558,0.6465478268408165
SUPERMARKET_3_004,2,Baja rotación volátil,1.9749085206481964,1.329171484905038,6.051326885880077,0.0014877169301167512,0.12058550210183626
SUPERMARKET_3_005,1,Básicos de alto volumen,8.25405122843701,0.6143360671617856,2.4896721782890006,-4.983239583614638e-05,0.13961799775305492
SUPERMARKET_3_006,2,Baja rotación volátil,2.550967067433351,1.4982389371061808,9.456,0.001999181144949976,0.24988029243834992
SUPERMARKET_3_007,1,Básicos de alto volumen,96.68687924725562,0.5625892218430254,0.2400301832554797,-0.0001441073063571506,0.1014733794874579
SUPERMARKET_3_008,0,Estacionales volátiles,14.602195504443284,1.5355143370800484,0.9141791229153798,0.0014154770480877062,0.48850335467349415
SUPERMARKET_3_009,2,Baja rotación volátil,1.5990590695243074,1.9894186235330291,2.7285120000000003,0.0022684792673174398,0.21388963281057766
SUPERMARKET_3_010,2,Baja rotación volátil,4.794040773653947,1.04358156030732,3.3573383458646617,0.0013127783128345236,0.13462421720674678
SUPERMARKET_3_011,1,Básicos de alto volumen,12.308416100365918,0.432032228198033,2.3365325656711042,-0.0001703310272486829,0.09845597743733217
SUPERMARKET_3_012,1,Básicos de alto volumen,9.968112911657084,0.7733232164545822,2.70255551510739,-0.00044241451200667466,0.21086678581035725
SUPERMARKET_3_013,1,Básicos de alto volumen,7.219027705175118,0.9332010691359448,3.015042857142857,0.000669862900259848,0.16907185284120202
SUPERMARKET_3_014,1,Básicos de alto volumen,13.829587036069002,0.813659771661812,2.3789591397849463,-0.0008606736727578253,0.20658158533464682
SUPERMARKET_3_015,1,Básicos de alto volumen,12.459487715629901,0.7058305856665451,2.076356392611373,2.4572636988158913e-05,0.2809410641756702
SUPERMARKET_3_016,0,Estacionales volátiles,2.05488761108207,1.7433348393387573,3.5739075850043593,0.002046938938167633,0.462110903368507
SUPERMARKET_3_017,1,Básicos de alto volumen,1.5352848928384737,0.954950874006316,2.4292185145317546,-0.000106404159842628,0.20538346535137345
SUPERMARKET_3_018,2,Baja rotación volátil,1.968112911657083,1.8507944545027328,5.390423880597015,0.0021187461518763634,0.31573448407652194
SUPERMARKET_3_019,1,Básicos de alto volumen,6.950339780449555,0.5728364983870388,2.3388916913946587,7.691523543107517e-05,0.08832581274666707
SUPERMARKET_3_020,1,Básicos de alto volumen,30.695765812859385,0.7431846786386643,1.2604559139784945,-5.226457008016007e-05,0.17404130230254855
SUPERMARKET_3_021,1,Básicos de alto volumen,15.6299006795609,1.0012925276772313,2.6711584553928094,0.0003128628505479829,0.15879825248081444
SUPERMARKET_3_022,2,Baja rotación volátil,1.0543648719289074,1.609814133527128,2.376,0.0018823047992328847,0.13335538549213052
SUPERMARKET_3_023,1,Básicos de alto volumen,13.199686356508103,0.4020015302359696,4.738818791946308,-0.0003085811256755499,0.07607349457466413
SUPERMARKET_3_024,0,Estacionales volátiles,11.565081024568741,1.750856252198568,1.181742782152231,0.0016529058985040417,0.5461037334967479
SUPERMARKET_3_025,1,Básicos de alto volumen,6.376372190277052,0.6622395025849248,3.428296184359653,0.00032701775960443385,0.18531108100692795
SUPERMARKET_3_026,1,Básicos de alto volumen,13.615263983272348,0.44068454121395584,2.375847072879331,-0.0002756070186762517,0.08757459891776567
SUPERMARKET_3_027,0,Estacionales volátiles,6.265551489806587,1.2321501540850655,2.7394229987809835,-0.00012618011894111487,0.527494876388651
SUPERMARKET_3_028,1,Básicos de alto volumen,9.842655514898066,0.617334295220264,4.560747220163083,-7.173197658824816e-05,0.19470423456148767
SUPERMARKET_3_029,1,Básicos de alto volumen,12.757449032932566,0.7496081371765337,1.641078024877497,-4.604867417576442e-05,0.16726443226689394
SUPERMARKET_3_030,1,Básicos de alto volumen,94.04966021955045,0.8079916097968983,1.527573275862069,-0.00025190381656027186,0.18887521626577522
SUPERMARKET_3_031,1,Básicos de alto volumen,6.080501829587036,0.6020322812708893,5.478281249999999,0.000488900807323739,0.08941693591695003
SUPERMARKET_3_032,1,Básicos de alto volumen,10.159958180867747,0.9673052573819292,3.5737044673539518,0.001031891978496855,0.14958127734695992
SUPERMARKET_3_033,2,Baja rotación volátil,1.98170412963931,1.4697635790578096,2.998001665278934,0.001837139493839647,0.17386796764834708
SUPERMARKET_3_034,2,Baja rotación volátil,9.11604809200209,1.164709603771601,3.0035949720670394,0.0013322209544734578,0.168145732951057
SUPERMARKET_3_035,1,Básicos de alto volumen,10.57344485101934,0.4262202163894505,4.635706686930091,-0.0001556981335645851,0.061442579866354555
SUPERMARKET_3_036,2,Baja rotación volátil,1.9472033455305802,1.5699241870450131,3.443969111969112,0.0012576297926330216,0.25492660611982154
SUPERMARKET_3_037,1,Básicos de alto volumen,19.871406168322007,0.8865267530379543,2.9915440414507772,0.0002652979498757227,0.18961924828647914
SUPERMARKET_3_038,2,Baja rotación volátil,1.279665446941976,2.029599482164074,5.973309417040358,0.002386282945386546,0.16856514934868014
SUPERMARKET_3_039,1,Básicos de alto volumen,27.904861474124413,0.8557021793756402,4.843927861612072,-1.5246638687590472e-05,0.1972230400564925
SUPERMARKET_3_040,1,Básicos de alto volumen,4.147412441191845,0.9662903320943537,2.990690147548786,0.0003292821725511094,0.24705370098027907
SUPERMARKET_3_041,1,Básicos de alto volumen,13.452169367485626,0.8092237941437775,3.556999112688554,0.0008698217480660439,0.1297495551530051
SUPERMARKET_3_042,1,Básicos de alto volumen,48.57501306847883,0.2612583493089584,1.9195191256830602,2.427247783827232e-05,0.08728209783273903
SUPERMARKET_3_043,1,Básicos de alto volumen,5.955044432828019,0.9789368273641634,2.9884200829111007,0.00010020523328669907,0.18739555820738268
SUPERMARKET_3_044,2,Baja rotación volátil,3.820177731312075,1.512323018530149,3.453642857142857,0.0016101001363987746,0.3313569616709201
SUPERMARKET_3_045,1,Básicos de alto volumen,5.223209618400418,0.6629485173808074,4.7745429272281275,-0.00044873715895369466,0.10720561002222292
SUPERMARKET_3_046,1,Básicos de alto volumen,7.203345530580241,0.9636875457329611,2.368324612920448,0.0006718247588156637,0.10345231766998239
SUPERMARKET_3_047,2,Baja rotación volátil,4.282279142707789,1.9850649040997423,1.2,0.0024015910196316203,0.2890756315359661
SUPERMARKET_3_048,1,Básicos de alto volumen,12.532148457919499,0.7588588714443746,1.8015761527713086,0.0009853200795792655,0.07310871576924792
SUPERMARKET_3_049,2,Baja rotación volátil,2.614218504966022,1.0887545241206054,5.611363914373088,0.0012117492294880566,0.13567363268222815
SUPERMARKET_3_050,1,Básicos de alto volumen,6.037114479874543,0.7134232004863466,2.5261367781155015,-0.0007789398713554573,0.08134396148364167
SUPERMARKET_3_051,2,Baja rotación volátil,7.4511238891793,1.1930703257979831,2.376,0.001577249378616791,0.23687180928119472
SUPERMARKET_3_053,2,Baja rotación volátil,8.135912179822268,0.9619729420897609,4.774973008558262,0.0013812528536848233,0.076371242575404
SUPERMARKET_3_054,1,Básicos de alto volumen,32.502875065342394,0.6346736758324552,2.432698160836639,-0.000785662718388832,0.10654660709540949
SUPERMARKET_3_055,1,Básicos de alto volumen,4.287506534239415,1.0541036255218192,3.922344827586207,0.00040397555281176104,0.08268336340098466
SUPERMARKET_3_056,1,Básicos de alto volumen,4.785676947203346,1.3945231532096114,2.173635581061693,-0.0005684158395904457,0.34144690492005425
SUPERMARKET_3_057,1,Básicos de alto volumen,5.124934657605855,0.9155969530443231,3.363953523238381,-5.130027426878332e-05,0.21188422133118415
SUPERMARKET_3_058,2,Baja rotación volátil,5.6194458964976475,1.2039093225420963,2.376,0.0016176387422625256,0.1798003512028856
SUPERMARKET_3_059,1,Básicos de alto volumen,18.533193936225825,0.9822320572358345,2.5675934475055846,-0.0008491796662285011,0.21469036413271406
SUPERMARKET_3_060,2,Baja rotación volátil,3.89231573444851,1.1844986017489911,3.55759509202454,0.0015372822365742448,0.15608173575965567
SUPERMARKET_3_061,2,Baja rotación volátil,3.5196027182435965,1.1033064133660004,3.5574344827586204,0.0010626157756450985,0.2085593163736296
SUPERMARKET_3_062,1,Básicos de alto volumen,5.527443805541035,0.682625072566572,3.392908749530605,0.0005117336363467913,0.1504168964431011
SUPERMARKET_3_063,1,Básicos de alto volumen,11.980135912179822,0.5593228365178883,2.8794697885196374,-0.00017138199029874605,0.06812689429991753
SUPERMARKET_3_064,1,Básicos de alto volumen,39.56874019864088,0.7095440532366887,1.293832075471698,0.0010065303408224482,0.0790359763919328
SUPERMARKET_3_065,1,Básicos de alto volumen,9.055410350235233,0.6371686203758735,4.353061318935596,-0.000477319108502767,0.11358874395628266
SUPERMARKET_3_066,0,Estacionales volátiles,15.33507579717721,1.2480824170547933,3.592412973960713,0.0009953945951542069,0.3967014743134012
SUPERMARKET_3_067,1,Básicos de alto volumen,16.552535284892837,0.3582417708035981,4.73508111988514,-0.00022661140820098402,0.08742443730934255
SUPERMARKET_3_068,1,Básicos de alto volumen,4.138525875588082,1.0132070310489705,2.8651295531355614,-0.00017616923546803786,0.27593348233892956
SUPERMARKET_3_069,0,Estacionales volátiles,18.558285415577625,2.6875432550384444,3.563557803468208,6.484750152851922e-05,1.2485510743764827
SUPERMARKET_3_070,1,Básicos de alto volumen,49.37480397281757,1.0582043525370493,0.24133710407239817,0.0010657378498512176,0.07635486742322432
SUPERMARKET_3_071,1,Básicos de alto volumen,14.326711970726608,0.9734868558313412,1.606935960591133,0.0012654953656728277,0.1529491592304614
SUPERMARKET_3_072,2,Baja rotación volátil,3.078410872974386,1.488955355475155,2.9937417218543048,0.0018981916405527192,0.20891511018559863
SUPERMARKET_3_073,0,Estacionales volátiles,7.087820177731312,2.516463183796768,3.524215384615385,0.0013356043086783012,0.6585303480204012
SUPERMARKET_3_074,2,Baja rotación volátil,6.092002090956613,1.0707028009340522,5.1235763016158,0.0014095264155698298,0.17723156958943118
SUPERMARKET_3_075,2,Baja rotación volátil,4.29064296915839,1.1843383946616015,3.4502507797878974,0.0014186068694702673,0.206201920298128
SUPERMARKET_3_076,1,Básicos de alto volumen,24.630946157867225,0.6374640185857469,1.3156250539956804,0.0003937881712520886,0.14583475253018197
SUPERMARKET_3_077,0,Estacionales volátiles,20.80292733925771,1.5128456219077844,3.2934636363636365,0.0016752594024965473,0.6013103936889492
SUPERMARKET_3_078,1,Básicos de alto volumen,4.046001045478306,0.7808848155275594,3.515903052064632,-0.0003757549457186745,0.11825565183182732
SUPERMARKET_3_079,1,Básicos de alto volumen,25.945635128071093,0.5668052829616462,7.1757789240972745,-2.7441133522034517e-05,0.2398077968421231
SUPERMARKET_3_080,1,Básicos de alto volumen,137.2974385781495,0.25503991681802457,1.912258064516129,-0.00028243458734895867,0.07958737568923811
SUPERMARKET_3_081,1,Básicos de alto volumen,6.414532148457919,0.6303582977417269,5.521533212341198,-5.683802234974959e-06,0.08139464681042571
SUPERMARKET_3_082,1,Básicos de alto volumen,9.987454260324098,0.6590691651004305,2.3788548208348725,-0.0004778004058057327,0.15432584301031188
SUPERMARKET_3_083,3,Nicho premium,12.02038682697334,0.6651285080304783,22.556157762638936,0.0001832521966405274,0.05240345847335286
SUPERMARKET_3_084,2,Baja rotación volátil,6.128593831677993,1.7187917090716132,2.348144578313253,0.0013233159174705076,0.2892970947648316
SUPERMARKET_3_085,2,Baja rotación volátil,2.604286461055933,1.4840802638134352,3.576,0.001990174425810701,0.18050884583951532
SUPERMARKET_3_086,1,Básicos de alto volumen,63.12545739675902,0.7061039926206442,1.3133161592505855,0.0004646342190424705,0.1798428075106049
SUPERMARKET_3_087,1,Básicos de alto volumen,20.079979090433874,0.9830940283351238,3.003661792752702,0.0013565560274309916,0.13292314444180245
SUPERMARKET_3_088,2,Baja rotación volátil,1.1615263983272348,1.7159055792011426,3.3349424460431654,0.0020700190124992223,0.1047378145602948
SUPERMARKET_3_089,1,Básicos de alto volumen,19.35964453737585,0.4452381689797296,1.1998203067932796,-0.0001461695633091407,0.09894513230698712
SUPERMARKET_3_090,1,Básicos de alto volumen,524.06116048092,0.7404503220169962,1.6316559139784945,-1.1434134450530557e-05,0.21636002818384004
SUPERMARKET_3_091,1,Básicos de alto volumen,6.305802404600104,0.7622537695076519,7.289806164129224,-0.00018102900077927227,0.07831427774157367
SUPERMARKET_3_092,1,Básicos de alto volumen,15.277574490329325,0.7373619177494166,4.416630630630631,0.00037788860695645677,0.17679905002691285
SUPERMARKET_3_093,1,Básicos de alto volumen,22.84997386304234,0.8136793957751112,2.54227006466337,-0.0009529033194288365,0.10290353598711585
SUPERMARKET_3_094,1,Básicos de alto volumen,7.695765812859383,0.9947010496714878,3.573938144329897,0.0010651866038288934,0.15075458447838475
SUPERMARKET_3_095,1,Básicos de alto volumen,4.602195504443283,0.7392381237758535,6.2214521926671456,8.088448464263651e-05,0.3711390262892295
SUPERMARKET_3_096,1,Básicos de alto volumen,8.03659174072138,0.5337537586050963,5.11144966442953,-0.00013919882653475618,0.08354240642133123
SUPERMARKET_3_097,1,Básicos de alto volumen,17.97804495556717,0.4184672696136706,2.411814313346228,9.481020992859902e-05,0.1451193763590363
SUPERMARKET_3_098,1,Básicos de alto volumen,11.357030841610037,0.5960406686612271,5.1164977443609025,-0.00010991559088990543,0.12408331397586753
SUPERMARKET_3_099,1,Básicos de alto volumen,111.64506011500261,0.26794575353437816,2.994630215827338,-1.3308108912003328e-05,0.0890152169942983
SUPERMARKET_3_100,1,Básicos de alto volumen,9.966021955044432,0.8431264667776943,4.776,0.0007883855662981383,0.13219625252078912
SUPERMARKET_3_101,1,Básicos de alto volumen,33.15054887611082,0.6656356762682544,1.1996695929768555,1.2342668548584775e-05,0.13753365164834477
SUPERMARKET_3_102,1,Básicos de alto volumen,10.75013068478829,0.7488467882435338,2.379327331652863,-0.0005778804236057304,0.2269170799220961
SUPERMARKET_3_103,1,Básicos de alto volumen,10.846837428123367,0.4376040299700775,3.90610768126346,-2.9588007464598223e-05,0.11804603237678689
SUPERMARKET_3_104,1,Básicos de alto volumen,4.505488761108207,0.8303763841988168,3.618515283842795,0.0009014452264366904,0.11717955312686976
SUPERMARKET_3_105,2,Baja rotación volátil,4.41871406168322,1.4792205631099045,3.4552573289902275,0.0017790449321921696,0.3568014501181045
SUPERMARKET_3_106,2,Baja rotación volátil,11.27025614218505,1.1344000420972502,1.2,0.001398214550047928,0.11199020132054892
SUPERMARKET_3_107,1,Básicos de alto volumen,31.72399372713016,0.5605011495998438,3.0137087517934003,-1.0213071165988789e-05,0.037329065454450666
SUPERMARKET_3_108,1,Básicos de alto volumen,26.67694720334553,0.6406774359482683,1.1998903020667726,2.5419469841273355e-05,0.1287766491068989
SUPERMARKET_3_109,1,Básicos de alto volumen,72.6800836382645,0.5540916324503872,1.1999483870967742,-0.000293510669900662,0.22869484807880583
SUPERMARKET_3_110,2,Baja rotación volátil,2.1578672242550967,1.3346272322038295,12.431578021978021,0.0016487093431488012,0.1728329963385871
SUPERMARKET_3_111,2,Baja rotación volátil,1.6628332462101412,1.6204139934037038,5.976,0.002050856113747839,0.1787744665128363
SUPERMARKET_3_112,1,Básicos de alto volumen,8.443805541035024,0.815567143282162,3.5751203566121847,0.0010877913475689826,0.09026007212380413
SUPERMARKET_3_113,1,Básicos de alto volumen,43.76006272869838,0.5251522589051413,1.3748694404591104,-0.000514465188820455,0.08805387111497678
SUPERMARKET_3_114,0,Estacionales volátiles,2.994772608468374,1.784743442501316,3.063613976705491,0.0015235149417062094,0.76128126692883
SUPERMARKET_3_115,1,Básicos de alto volumen,15.342916884474647,0.5172142342157792,5.113298924731183,-0.0003417679096338174,0.11128674166579768
SUPERMARKET_3_116,1,Básicos de alto volumen,30.052796654469418,0.7095204420006818,1.3859849192100537,-0.0008776620760389801,0.13403887042971663
SUPERMARKET_3_117,1,Básicos de alto volumen,33.95243073706221,0.934667240647016,2.567896774193548,-0.0012399064613361512,0.10084397318295539
SUPERMARKET_3_118,1,Básicos de alto volumen,28.558285415577625,0.7032333891218409,1.3855632843313015,-0.0008328825520757103,0.12700012030350927
SUPERMARKET_3_119,2,Baja rotación volátil,1.8802927339257711,2.056599469611705,5.136,0.002395247556384939,0.3187348551670094
SUPERMARKET_3_120,1,Básicos de alto volumen,147.98954521693676,0.7449741000972928,5.97372347266881,0.0009444258837722426,0.15129855769997597
SUPERMARKET_3_121,1,Básicos de alto volumen,21.460533193936225,0.8997421332299762,3.574033222591362,0.001023270217959953,0.16490519906788015
SUPERMARKET_3_122,2,Baja rotación volátil,2.748562467328803,1.4300661277166846,2.9960298507462686,0.001774964600078082,0.20315911486612936
SUPERMARKET_3_123,1,Básicos de alto volumen,4.918452692106639,0.9402720425978919,3.044756989247312,-0.0007510435235418019,0.2548804409831347
SUPERMARKET_3_124,1,Básicos de alto volumen,36.098797699947724,0.6420357053924441,6.390401438848921,-0.00028493308609013363,0.29594953441837435
SUPERMARKET_3_125,2,Baja rotación volátil,2.704652378463147,1.979588910111989,5.976,0.002033699268702013,0.3546509933597259
SUPERMARKET_3_126,1,Básicos de alto volumen,17.71301620491375,0.4991065325866689,4.237946202531646,0.0003891917705714602,0.1083580658166272
SUPERMARKET_3_127,1,Básicos de alto volumen,22.829587036069,0.4991157437330746,4.218060022230456,0.00028015587294305376,0.09731674180693307
SUPERMARKET_3_128,1,Básicos de alto volumen,8.832200731834815,0.6671284577782145,3.5823513713862116,-0.0006492427940699803,0.1975329420414724
SUPERMARKET_3_129,2,Baja rotación volátil,6.328802927339257,1.1095679525989466,3.0480156453715774,0.001289390092237788,0.1552982554382471
SUPERMARKET_3_130,0,Estacionales volátiles,4.992681651855724,1.3489211589504801,3.046511548331908,0.00054718745191722,0.48093842691110533
SUPERMARKET_3_131,1,Básicos de alto volumen,29.07109252483011,0.6433887465472864,1.1997797286512368,4.536495764081656e-05,0.15919703174962593
SUPERMARKET_3_132,1,Básicos de alto volumen,22.535284892838472,0.6378522079599739,3.1792800867365383,-0.0007353646034315527,0.15441241119224522
SUPERMARKET_3_133,1,Básicos de alto volumen,47.04756926293779,0.5519987212558775,0.9796672642524202,-5.4921837828337535e-06,0.12628950981120898
SUPERMARKET_3_134,0,Estacionales volátiles,25.417145844223732,0.9790022475698198,8.067213389121338,0.0008224418940452662,0.45688614348575346
SUPERMARKET_3_135,2,Baja rotación volátil,23.321484579194983,1.3188314333821503,1.6826264501160093,0.0018419030626919725,0.1887583607361962
SUPERMARKET_3_136,1,Básicos de alto volumen,52.585990590695246,0.5144828621961214,5.1216860215053766,-0.00010512429995586333,0.11688187039372737
SUPERMARKET_3_137,2,Baja rotación volátil,2.2090956612650285,1.499505348895142,3.004745880312229,0.0017370867878283177,0.16351837887840426
SUPERMARKET_3_138,1,Básicos de alto volumen,16.374803972817563,0.7413730157514065,2.376,0.0004315502109479293,0.09828489312925812
SUPERMARKET_3_139,1,Básicos de alto volumen,15.576581285938317,0.4455363528114087,5.940544593528019,0.0002413031188815744,0.09692663948866562
SUPERMARKET_3_140,1,Básicos de alto volumen,13.575535807631992,0.6460806232014848,3.6144982394366196,0.0007272051457400221,0.07736879790347273
SUPERMARKET_3_141,1,Básicos de alto volumen,6.407736539466806,0.5727165520128826,3.3496718132854575,-0.00033873374875652203,0.138471595242723
SUPERMARKET_3_142,1,Básicos de alto volumen,10.611604809200209,0.8017471409463063,4.831367441860466,0.00047913060625810446,0.18669368580647386
SUPERMARKET_3_143,0,Estacionales volátiles,2.1181390486147413,1.7313325840977454,2.967530375426621,0.001697232355346187,0.5357824375936863
SUPERMARKET_3_144,1,Básicos de alto volumen,20.00209095661265,0.38954988777357363,2.2808392213410236,-0.0001989248996484274,0.052221642993660146
SUPERMARKET_3_145,1,Básicos de alto volumen,3.168844746471511,0.7048460934907927,3.3988632443531825,-0.0002797675680459891,0.04818519236117608
SUPERMARKET_3_146,1,Básicos de alto volumen,10.531625718766335,0.7397671948596013,6.36674290415467,0.00030457268651362435,0.2756494197750372
SUPERMARKET_3_147,0,Estacionales volátiles,4.376372190277052,2.1065406367042976,4.225603097773476,0.0019313903901421858,0.6599696680307773
SUPERMARKET_3_148,1,Básicos de alto volumen,21.461578672242553,0.7815635705453429,1.262679569892473,-5.972747963361823e-05,0.18677968690242633
SUPERMARKET_3_149,0,Estacionales volátiles,3.6304234187140616,1.1845157419231336,2.9607636849132177,0.00026617972607022967,0.5907828181968389
SUPERMARKET_3_150,1,Básicos de alto volumen,77.12075274438055,0.9349749778228474,2.56512688172043,-0.001231917074480399,0.14168575837123185
SUPERMARKET_3_151,1,Básicos de alto volumen,18.96968112911657,0.6180314245975236,3.281949498997996,-0.00045232068368732543,0.04923178332362794
SUPERMARKET_3_152,2,Baja rotación volátil,5.248301097752222,1.9040778454344278,3.129203007518797,0.0016965897770913172,0.30075741657966315
SUPERMARKET_3_153,1,Básicos de alto volumen,5.716675378985886,1.2154128281886307,2.1655129231889334,-0.00021792779369106226,0.28353945954128396
SUPERMARKET_3_154,1,Básicos de alto volumen,53.10141139571354,0.8543035753066527,3.576,-0.0007110310096700373,0.3425197762343875
SUPERMARKET_3_155,1,Básicos de alto volumen,9.47935180345008,0.7344536880650887,2.379163360980887,-0.0006347501170901575,0.2104073052828854
SUPERMARKET_3_156,1,Básicos de alto volumen,22.610559330893885,0.3328347272150428,4.635966565349544,-0.00019299346662289858,0.05258487637265892
SUPERMARKET_3_157,2,Baja rotación volátil,3.0308416100365916,1.459503459488059,3.638335650446872,0.0019724131542549215,0.1842271753239528
SUPERMARKET_3_158,2,Baja rotación volátil,3.065865133298484,1.1339663645004585,7.291109243697479,0.0010708890514803456,0.09377095220664446
SUPERMARKET_3_159,1,Básicos de alto volumen,4.704652378463147,0.8513072168146423,3.547496079456351,0.0003518029086128927,0.09628632249815636
SUPERMARKET_3_160,1,Básicos de alto volumen,6.762676424464193,0.9294636730195058,3.0392043010752694,-0.0009737308286199769,0.2135004773029973
SUPERMARKET_3_161,1,Básicos de alto volumen,3.8567694720334553,0.7051291545402224,2.3979619389587072,-0.0003482153361473425,0.1994707197324296
SUPERMARKET_3_162,1,Básicos de alto volumen,9.378463146889702,0.6755770193618122,2.3749078600977813,-0.0004457126547045498,0.1882901306726418
SUPERMARKET_3_163,1,Básicos de alto volumen,11.872974385781495,0.4694667677768267,2.410576047024247,0.00021796865462241785,0.12760064695012863
SUPERMARKET_3_164,2,Baja rotación volátil,1.3680083638264506,1.8492831020866287,3.3483837953091684,0.0021124062892954984,0.27589171969037474
SUPERMARKET_3_165,3,Nicho premium,1.4903293256664925,0.9602826724929968,4.1866088407005835,0.00033608396744781293,0.1094108687785847
SUPERMARKET_3_166,2,Baja rotación volátil,3.407736539466806,2.031817178201862,1.2,0.002399388973065745,0.19439117403833236
SUPERMARKET_3_167,2,Baja rotación volátil,7.730789336121275,1.162740780963936,2.376,0.001611689917996007,0.22296717737002514
SUPERMARKET_3_168,1,Básicos de alto volumen,7.276006272869838,0.7166641310427492,4.5054192107222635,0.00016525678604935128,0.12069421664732599
SUPERMARKET_3_169,1,Básicos de alto volumen,13.334553058024046,0.5857299242468847,4.7757327146171695,0.00047836042307885737,0.08812450026693672
SUPERMARKET_3_170,2,Baja rotación volátil,4.750653423941453,1.2144556276235319,2.374727793696275,0.0015544950578096402,0.22342100917493643
SUPERMARKET_3_171,2,Baja rotación volátil,0.5859905906952431,1.9946223962103173,2.9736672897196263,0.0018918130650562384,0.16401526163486857
SUPERMARKET_3_172,2,Baja rotación volátil,4.502352326189231,1.7439474698133082,2.136,0.0023370153898844897,0.2503475990176834
SUPERMARKET_3_173,3,Nicho premium,1.5452169367485624,1.3651770609153477,13.44985513288171,0.0013039139702622723,0.2290695707846791
SUPERMARKET_3_174,1,Básicos de alto volumen,7.58128593831678,0.5866245292306317,7.191908496732026,-5.275144700474472e-05,0.10444200424073813
SUPERMARKET_3_175,3,Nicho premium,4.9754312598013595,0.77360054107617,8.694206586826349,-0.00040176082678334245,0.19523547472521757
SUPERMARKET_3_176,1,Básicos de alto volumen,9.723993727130162,0.9197733653072072,1.7386058569371097,0.0006320107021580503,0.16420327828426123
SUPERMARKET_3_177,1,Básicos de alto volumen,9.687924725561945,0.6396558325560637,3.3592649239172845,-0.00019847988008881568,0.27366797994396447
SUPERMARKET_3_178,1,Básicos de alto volumen,20.95556717198118,0.35435047587512347,2.3336995073891624,8.023894958013584e-05,0.04929949640658747
SUPERMARKET_3_179,3,Nicho premium,2.7757449032932566,0.8930446229758527,5.205205400192864,0.0006048128282672664,0.21537039716399167
SUPERMARKET_3_180,2,Baja rotación volátil,1.519079979090434,1.4980526840729462,3.5201824981301426,0.0016398740390852987,0.1553547619707169
SUPERMARKET_3_181,1,Básicos de alto volumen,8.465760585467851,0.7873757018649082,3.576,0.0010867779699850815,0.09408302978852609
SUPERMARKET_3_182,1,Básicos de alto volumen,9.037637219027705,0.7445831059381163,2.3730605187319886,-0.0006215743868952402,0.11432961881608086
SUPERMARKET_3_183,1,Básicos de alto volumen,10.483533716675378,0.5627662428719163,3.6009102515959444,0.0005825955053607433,0.15647987989972278
SUPERMARKET_3_184,1,Básicos de alto volumen,19.702561421850497,0.4230237076526386,3.674064516129032,-0.00025661778617543904,0.0822514540906291
SUPERMARKET_3_185,1,Básicos de alto volumen,11.256664924202823,1.3512041696373183,2.771539885412076,0.0001254241073252329,0.3103850318324071
SUPERMARKET_3_186,1,Básicos de alto volumen,7.433873497124934,0.9109734806918535,2.7313211314475874,0.000629736074256758,0.11941948855412585
SUPERMARKET_3_187,1,Básicos de alto volumen,8.485101934134867,0.8506740033536759,2.9359569892473116,-0.0002456440107314752,0.39770003564885836
SUPERMARKET_3_188,1,Básicos de alto volumen,3.120752744380554,0.7144554933288608,2.3759083619702177,-4.3367284782846224e-05,0.1191288618141352
SUPERMARKET_3_189,2,Baja rotación volátil,4.703606900156822,1.167524265297946,3.0010923482849603,0.001305685761927966,0.20533369315014482
SUPERMARKET_3_190,2,Baja rotación volátil,8.601150026136958,1.3415086770147442,1.2,0.001823428076023223,0.09510244780739607
SUPERMARKET_3_191,1,Básicos de alto volumen,20.289597490852064,0.542833069226115,1.2,-0.0004487987778896359,0.11633556810758888
SUPERMARKET_3_192,2,Baja rotación volátil,6.221118661787768,1.1164066630433152,6.679150684931507,0.001661237927142795,0.1985321032902069
SUPERMARKET_3_193,1,Básicos de alto volumen,3.1458442237323574,0.7137799266752339,2.9157543155359296,-0.0002015917681128081,0.06112359623682571
SUPERMARKET_3_194,1,Básicos de alto volumen,17.186095138525875,0.39519150253457497,3.54187012987013,0.000151242909550395,0.07606101041496927
SUPERMARKET_3_195,1,Básicos de alto volumen,22.20334553058024,0.4898495584183845,3.180945295404814,-0.0004759463730525408,0.1047947193945192
SUPERMARKET_3_196,1,Básicos de alto volumen,5.258233141662311,0.8255644009656319,5.3456117647058825,0.00045436336626351886,0.21556500000579712
SUPERMARKET_3_197,1,Básicos de alto volumen,5.279142707788814,1.0211582963444827,2.36896,0.000666107883704321,0.09016704883363981
SUPERMARKET_3_198,2,Baja rotación volátil,2.5086251960271824,1.3578782575456418,7.044067711598746,0.00112585375163374,0.14989808718915754
SUPERMARKET_3_199,1,Básicos de alto volumen,9.427077888133821,0.8857086852965246,2.961353406097102,-0.0004970085048550473,0.24589176629151505
SUPERMARKET_3_200,1,Básicos de alto volumen,7.608991113434397,0.948277591091548,2.59238418972332,0.00045440359555510396,0.2387487471928115
SUPERMARKET_3_201,1,Básicos de alto volumen,23.643491897543125,0.35404835409444574,2.992115273775216,4.707847735929764e-05,0.05003245984348087
SUPERMARKET_3_202,1,Básicos de alto volumen,154.56821745948773,0.4984261159255488,5.106245161290322,-4.7414435241745406e-05,0.12918289733769278
SUPERMARKET_3_203,1,Básicos de alto volumen,19.247255619445898,0.5029808561042307,5.368344086021506,-7.100926298058488e-05,0.16886434947113615
SUPERMARKET_3_204,2,Baja rotación volátil,3.830109775222164,1.1391536766962385,2.97167845659164,0.0008305826348281806,0.19260508778423693
SUPERMARKET_3_205,2,Baja rotación volátil,11.692629377940408,1.4388942964508067,1.3562294264339152,0.0014439512152648088,0.14124876897169408
SUPERMARKET_3_206,1,Básicos de alto volumen,6.8316779926816515,0.8461443005437943,3.014768406961178,0.00032188232708982924,0.15680079907949762
SUPERMARKET_3_207,1,Básicos de alto volumen,12.296915838996341,0.7374024374725594,2.378090322580645,-0.0005302541461872574,0.19305642644273033
SUPERMARKET_3_208,1,Básicos de alto volumen,7.667537898588605,0.9845883764120531,5.8077601332593005,0.0010823929319591517,0.08171965710011518
SUPERMARKET_3_209,2,Baja rotación volátil,1.279665446941976,1.7372457038983595,4.776,0.002173867698773917,0.20075581572280066
SUPERMARKET_3_210,1,Básicos de alto volumen,2.7088342916884476,0.9798749272653363,2.4714280373831774,0.00042296847575471776,0.1740583637958822
SUPERMARKET_3_211,1,Básicos de alto volumen,6.933612127548353,0.6718968523146297,5.304097244732577,1.2457223885739162e-06,0.22382272790809551
SUPERMARKET_3_212,1,Básicos de alto volumen,9.949294302143231,0.6941400541298063,3.537806451612903,-0.0006481851846121055,0.21775024435295415
SUPERMARKET_3_213,1,Básicos de alto volumen,14.081547307893361,1.1017627401637755,2.631904864864865,-0.0004705223893064016,0.22018638355364753
SUPERMARKET_3_214,1,Básicos de alto volumen,13.551489806586513,0.7888779508430119,1.2583311827956989,0.00012339944051533398,0.2115123915106202
SUPERMARKET_3_215,1,Básicos de alto volumen,19.884474647151073,0.42036015580121,1.2522720887245842,0.00023547545129695694,0.11641769479778509
SUPERMARKET_3_216,1,Básicos de alto volumen,3.8112911657083117,0.9379701088301792,2.9911974580118024,0.00020065909607708583,0.2542911375145555
SUPERMARKET_3_217,1,Básicos de alto volumen,18.9147935180345,0.3466938379131596,3.546830107526882,-0.00012118061898408351,0.05973554662111483
SUPERMARKET_3_218,2,Baja rotación volátil,3.3256664924202823,1.5093300205910358,2.391898218829516,0.0016511212370577176,0.27074666915750917
SUPERMARKET_3_219,1,Básicos de alto volumen,44.6299006795609,0.8345903969852329,1.5729075268817205,-0.00018542241514898632,0.18082891052990385
SUPERMARKET_3_220,0,Estacionales volátiles,0.43021432305279667,2.4813795002640986,3.8648262295081963,0.001697437570186361,0.44243955014748926
SUPERMARKET_3_221,2,Baja rotación volátil,2.588604286461056,1.6199335461362008,5.974802395209581,0.002099887676564446,0.24272509896704753
SUPERMARKET_3_222,1,Básicos de alto volumen,6.938839519079979,0.6124619310187396,4.969743404409107,0.0001527452882065528,0.10004653429979901
SUPERMARKET_3_223,1,Básicos de alto volumen,4.708311552535285,0.7605480084441921,2.376,0.0006444339135081903,0.09176577122292341
SUPERMARKET_3_224,1,Básicos de alto volumen,19.830632514375328,0.7550655293474801,4.669393548387097,-5.796467926400335e-07,0.17455221595331055
SUPERMARKET_3_225,1,Básicos de alto volumen,11.71144798745426,0.49553842184418734,2.376121212121212,-0.00018236147563725544,0.104346837045844
SUPERMARKET_3_226,1,Básicos de alto volumen,189.79717720857292,0.23318775718526435,1.9243870967741936,0.00010605178018069768,0.07123763606662956
SUPERMARKET_3_227,1,Básicos de alto volumen,39.680083638264506,0.5278596165619895,3.1191913978494625,-0.0002528407094512438,0.17888659078793928
SUPERMARKET_3_228,1,Básicos de alto volumen,73.6466283324621,0.2877424722933464,1.9123010752688172,-0.00028282479423411455,0.09580448496506168
SUPERMARKET_3_229,2,Baja rotación volátil,4.766858337689493,1.4389595278690535,4.35519612590799,0.0019377840694731999,0.23339704631058839
SUPERMARKET_3_230,1,Básicos de alto volumen,25.464192368008362,0.5025412363713447,4.2560861244019135,0.0002414167803782418,0.08600468692691812
SUPERMARKET_3_231,1,Básicos de alto volumen,34.67171981181391,0.672905790231797,6.394055913978495,-0.0002833012621678617,0.291393598424563
SUPERMARKET_3_232,1,Básicos de alto volumen,17.200731834814427,0.3817235315219427,3.6480176276165994,0.00013898915594314957,0.06002098573504983
SUPERMARKET_3_233,1,Básicos de alto volumen,36.28593831677993,1.2569254018673115,2.988391068195534,0.0011271531139276372,0.3464119632659556
SUPERMARKET_3_234,1,Básicos de alto volumen,131.29116570831155,0.5398827565431513,0.24032362459546927,-0.00015149041875218535,0.1069635395941151
SUPERMARKET_3_235,1,Básicos de alto volumen,4.232618923157345,1.2289933749259154,2.1756800000000003,0.00035196990442174674,0.16539191638704817
SUPERMARKET_3_236,2,Baja rotación volátil,14.32305279665447,1.1736594717720312,2.988404571428571,0.000995754004038481,0.32322936790991186
SUPERMARKET_3_237,0,Estacionales volátiles,15.416100365917407,1.492043149701377,1.1993020771513352,0.0008395610933108576,0.3918841520373405
SUPERMARKET_3_238,1,Básicos de alto volumen,14.713016204913748,0.6584686213604525,4.350251204149686,-0.0004631941800287353,0.11039308627795988
SUPERMARKET_3_239,1,Básicos de alto volumen,7.925248301097752,0.5052133132642975,2.2627844827586205,1.144832317799818e-05,0.09008246492182204
SUPERMARKET_3_240,2,Baja rotación volátil,3.94720334553058,1.2872979060429393,1.1991971326164874,0.0009822488002174748,0.20934227923029247
SUPERMARKET_3_241,1,Básicos de alto volumen,18.02038682697334,0.8603486743399246,3.342474030724214,-0.0006692553939512695,0.21878478511001656
SUPERMARKET_3_242,3,Nicho premium,9.516989022477784,0.47861459063477174,11.545022979985175,8.761377954537316e-05,0.07687661842782022
SUPERMARKET_3_243,1,Básicos de alto volumen,7.072138003136435,0.6592396704493402,1.812823867721064,-0.0003518126449043463,0.1080392343176228
SUPERMARKET_3_244,3,Nicho premium,2.8818609513852587,0.7748268763159062,11.544556586270872,-8.794084530078538e-05,0.11889250606594727
SUPERMARKET_3_245,1,Básicos de alto volumen,52.43805541035024,0.9784333921497088,2.6781451327433627,0.00046854016228263626,0.1675309019249782
SUPERMARKET_3_246,1,Básicos de alto volumen,7.233141662310507,0.5300456795821739,2.33856338028169,3.259880280759214e-06,0.07001984892505389
SUPERMARKET_3_247,2,Baja rotación volátil,2.8980658651332987,1.2122598872763075,5.871604743083004,0.0017203542185179356,0.09889398322891435
SUPERMARKET_3_248,1,Básicos de alto volumen,9.032932566649242,0.5337385927336686,2.3572388724035607,-6.831008924186315e-05,0.08383501539445012
SUPERMARKET_3_249,1,Básicos de alto volumen,11.850496602195504,1.1478741412641225,3.0672774193548387,-0.0004630153052782899,0.38632020857103133
SUPERMARKET_3_250,1,Básicos de alto volumen,11.999477260846838,0.7078435266798906,4.685076743280093,-2.5586503054714196e-05,0.14173094108646672
SUPERMARKET_3_251,2,Baja rotación volátil,3.319916361735494,0.8952543774440245,3.571811650485437,0.0009503066636282116,0.1200043467118442
SUPERMARKET_3_252,1,Básicos de alto volumen,295.50392054364875,0.31952020130109593,1.8223655913978494,-2.376780030956428e-05,0.1744850102150617
SUPERMARKET_3_253,2,Baja rotación volátil,7.067433350757971,0.988513034178362,2.376,0.001288875332573933,0.11055271593101569
SUPERMARKET_3_254,2,Baja rotación volátil,1.2488238369053841,2.2321769569892753,2.088,0.0023843971586893975,0.2496946291952976
SUPERMARKET_3_255,2,Baja rotación volátil,0.6633559853633038,2.4628091129912204,4.776,0.0024350869912131835,0.26559731926447
SUPERMARKET_3_256,3,Nicho premium,1.1176163094615787,1.0879040941701064,3.063089407540395,-6.077025773313072e-05,0.1433132397738805
SUPERMARKET_3_257,1,Básicos de alto volumen,20.76424464192368,0.6750959926768235,4.689357245337159,0.000144014089644016,0.18170093023378373
SUPERMARKET_3_258,1,Básicos de alto volumen,31.04443282801882,0.5439346859559333,1.93044142614601,0.00039605676019328727,0.08447551127841597
SUPERMARKET_3_259,1,Básicos de alto volumen,25.001045478306324,0.575984395676883,1.930622448979592,0.00033945970378986234,0.11799989461879512
SUPERMARKET_3_260,0,Estacionales volátiles,0.7360167276529012,2.4899635355037137,2.3632100840336134,0.002383727240979859,0.4898816844529972
SUPERMARKET_3_261,1,Básicos de alto volumen,6.746471510716153,0.8045146739683461,5.336869565217392,-0.0005154111744386836,0.16143778207681964
SUPERMARKET_3_262,2,Baja rotación volátil,1.7872451646628333,1.7170600266096314,7.836750769230768,0.0021352833675056036,0.29493621437057377
SUPERMARKET_3_263,1,Básicos de alto volumen,41.957135389440666,0.5913090997070959,3.2803018867924525,-0.00021646707187878604,0.05799657093213792
SUPERMARKET_3_264,1,Básicos de alto volumen,3.5535807631991636,0.872274956012839,4.674216867469879,0.0007865546240408375,0.2059777499487227
SUPERMARKET_3_265,1,Básicos de alto volumen,16.92472556194459,0.39890182636094296,4.735253409906676,-0.0003772588740519956,0.10452763827113022
SUPERMARKET_3_266,1,Básicos de alto volumen,4.085729221118662,0.8428865597437131,4.547373265157049,-0.00041577176208338,0.1447156917766868
SUPERMARKET_3_267,1,Básicos de alto volumen,15.645060115002615,0.5759036825071365,2.491844660194175,-2.0537143109908876e-05,0.15371987358957467
SUPERMARKET_3_268,1,Básicos de alto volumen,3.667015159435442,0.8952607878656768,2.6149782403027437,0.00028790002980663335,0.0898723998465558
SUPERMARKET_3_269,1,Básicos de alto volumen,9.251960271824359,0.4960146859178461,3.5696301075268817,-0.0002657457397553303,0.07371982419233043
SUPERMARKET_3_270,2,Baja rotación volátil,1.6246732880292734,1.622784787256749,3.5745905068382946,0.0017749842811161532,0.2281711783545117
SUPERMARKET_3_271,1,Básicos de alto volumen,12.0935703084161,0.7250228546855877,5.415630700778643,7.765293151325472e-05,0.16519542672767515
SUPERMARKET_3_272,3,Nicho premium,2.868269733403032,0.948811677905034,11.490080996884735,0.0011019976754623173,0.14457756601497437
SUPERMARKET_3_273,1,Básicos de alto volumen,12.552012545739675,0.5073576349716418,2.4127671445176286,0.00010576698377113564,0.1386475695133221
SUPERMARKET_3_274,1,Básicos de alto volumen,22.710402509147936,0.7760033470567167,1.6438810572687224,-0.00012201429225898043,0.18936324915442707
SUPERMARKET_3_275,0,Estacionales volátiles,3.009409304756926,2.026809330314775,2.9427824701195218,0.0018651896703312323,0.742211463640032
SUPERMARKET_3_276,1,Básicos de alto volumen,12.55671719811814,0.6954386892585416,5.4100905044510395,8.971911669426906e-05,0.14909770224350619
SUPERMARKET_3_277,2,Baja rotación volátil,10.454783063251437,1.3634106126914507,2.31091873396065,0.0016947269185871115,0.16926072096988284
SUPERMARKET_3_278,2,Baja rotación volátil,4.025091479351803,2.0025066083633845,1.1986607142857142,0.0024362564744708206,0.2920016402377696
SUPERMARKET_3_279,1,Básicos de alto volumen,8.964453737584945,0.6262256779440002,3.3561777108433732,-0.0001730120116715831,0.2275638500857549
SUPERMARKET_3_280,1,Básicos de alto volumen,6.141139571353895,0.5387283546829087,5.129180139515798,-0.00015560955241402324,0.08151350256485401
SUPERMARKET_3_281,1,Básicos de alto volumen,92.39623627809723,1.127529357366644,1.4554495149119655,-0.0002745210360325432,0.18893474400595653
SUPERMARKET_3_282,1,Básicos de alto volumen,97.64296915838996,1.0898488390079444,3.003533242876526,0.0014442820689154496,0.22200710091326847
SUPERMARKET_3_283,1,Básicos de alto volumen,16.52221641400941,0.6009623092359593,3.355912683477606,-0.00015932964564873426,0.1908299664119239
SUPERMARKET_3_284,2,Baja rotación volátil,1.5363303711447986,1.4325750455118649,2.3751623931623933,0.0017049987959466602,0.10496503685380164
SUPERMARKET_3_285,1,Básicos de alto volumen,27.89231573444851,0.9145301951768608,1.4541386992454186,-0.0001466139715106255,0.2167384542746008
SUPERMARKET_3_286,1,Básicos de alto volumen,6.239937271301621,0.8394315591765998,4.7263943990665105,-0.00015602817807176727,0.15937674203459426
SUPERMARKET_3_287,1,Básicos de alto volumen,6.304234187140617,0.7531424790463543,7.526921933085501,-3.0294742888174494e-05,0.10401007802781141
SUPERMARKET_3_288,1,Básicos de alto volumen,82.66231050705697,0.936574927251819,1.7871695014662756,0.0011824552846779874,0.11800416251578925
SUPERMARKET_3_289,1,Básicos de alto volumen,8.812336644014637,0.5327591788497191,3.352453697056712,-0.00031852393052695706,0.1510957910264188
SUPERMARKET_3_290,1,Básicos de alto volumen,32.35650810245687,0.4206198720815037,1.2,-0.00038883787438366075,0.07180720318076392
SUPERMARKET_3_291,1,Básicos de alto volumen,12.15473078933612,0.4808333340578231,3.2236725763862695,0.0003803832010399051,0.07810929907552042
SUPERMARKET_3_292,2,Baja rotación volátil,15.754312598013591,1.0851438978309105,4.202839317245439,0.0013990752866775277,0.23480738963535086
SUPERMARKET_3_293,1,Básicos de alto volumen,5.268687924725562,0.8352530864707125,2.3721290322580644,-0.0007153118386415449,0.15883426008443347
SUPERMARKET_3_294,1,Básicos de alto volumen,8.824882383690538,0.6374204931430403,2.9734981046247158,0.0003802525338342598,0.10156296581998639
SUPERMARKET_3_295,1,Básicos de alto volumen,105.60951385258755,0.5152642577944124,0.9785462365591397,7.112927778228989e-06,0.12776617561363035
SUPERMARKET_3_296,0,Estacionales volátiles,0.7490852064819655,3.9782132829906955,2.087908045977011,0.002592387256068929,1.1241271429855197
SUPERMARKET_3_297,2,Baja rotación volátil,3.7417668583376895,1.2189678416852048,3.450876404494382,0.0014128106414689418,0.24795650153581236
SUPERMARKET_3_298,3,Nicho premium,4.271824359644538,0.7371339059131099,22.56234492649695,1.4841307862129231e-05,0.0609210482705303
SUPERMARKET_3_299,1,Básicos de alto volumen,17.8128593831678,1.002205760351557,1.7867632508833922,0.0011948810473403223,0.16350598492814303
SUPERMARKET_3_300,1,Básicos de alto volumen,27.820700470465237,0.46448549123256005,4.787230541141587,0.0003572754945510192,0.1252950515076032
SUPERMARKET_3_301,1,Básicos de alto volumen,11.799268165185572,0.5039158402958588,2.3542319569120287,-0.0002639705220648338,0.09464230946531978
SUPERMARKET_3_302,1,Básicos de alto volumen,15.664401463669629,0.7550832660915711,1.794893059799214,0.0009745823798207776,0.12199670696206366
SUPERMARKET_3_303,1,Básicos de alto volumen,5.956612650287506,0.598338845309348,3.5759903536977493,-0.0002371239249243578,0.07027417195768784
SUPERMARKET_3_304,1,Básicos de alto volumen,27.101411395713537,0.3901026791656821,5.1953763440860214,-0.0003936370038672501,0.035695399855878225
SUPERMARKET_3_305,1,Básicos de alto volumen,26.948771562990068,0.5124887745189793,4.204215053763441,-0.0005486551801719333,0.05188272924911052
SUPERMARKET_3_306,1,Básicos de alto volumen,11.919498170412965,0.9069269946781637,1.8692706645056727,0.0013459407278132232,0.11305495200124183
SUPERMARKET_3_307,1,Básicos de alto volumen,17.81913225300575,1.0735604485672898,4.789135755258126,0.0005321249539971326,0.13012469430557955
SUPERMARKET_3_308,1,Básicos de alto volumen,11.052273915316258,0.6041834996914014,5.919890954151177,0.00026256023149080516,0.10510302475052521
SUPERMARKET_3_309,1,Básicos de alto volumen,3.704652378463147,0.6873638083573026,2.376,0.00010902521394327814,0.09303485690164096
SUPERMARKET_3_310,1,Básicos de alto volumen,15.848405645582854,0.6543809538285806,1.1998320671731306,9.03224273231243e-05,0.14275244890055538
SUPERMARKET_3_311,1,Básicos de alto volumen,15.186095138525875,0.6081638623920729,3.5355870967741936,-0.0005420123069021072,0.16663265985228598
SUPERMARKET_3_312,2,Baja rotación volátil,3.5243073706220596,1.2245459675258055,3.4528899937849595,0.0014939423519489412,0.2153816166649427
SUPERMARKET_3_313,1,Básicos de alto volumen,52.24516466283325,1.0548516867392406,2.256747236551216,-0.00020792695409817597,0.20064580146866862
SUPERMARKET_3_314,1,Básicos de alto volumen,5.755358076319917,0.8317971988881481,3.041765265082267,-0.0006451740507695725,0.1827377567705304
SUPERMARKET_3_315,2,Baja rotación volátil,3.3497124934657605,1.4852624628423858,2.1383762376237625,0.0008783327299998044,0.14526255811452513
SUPERMARKET_3_316,1,Básicos de alto volumen,6.383167799268165,0.8968553417453671,2.993178770949721,0.00032051829069960235,0.23142975991935047
SUPERMARKET_3_317,1,Básicos de alto volumen,17.283847360167275,0.7716757074182374,1.2601290322580645,-1.8392833081077575e-05,0.20928887418147454
SUPERMARKET_3_318,1,Básicos de alto volumen,136.2247778358599,1.0309543029710382,1.5788344086021506,-0.0002794174327479208,0.22086152803811845
SUPERMARKET_3_319,1,Básicos de alto volumen,108.916361735494,0.7012751093882333,1.1761163375224417,-0.00025712762192817693,0.4790803114958699
SUPERMARKET_3_320,1,Básicos de alto volumen,8.624673288029273,0.9313481419639449,2.4370582010582007,0.00065212105978269,0.16248245752944668
SUPERMARKET_3_321,2,Baja rotación volátil,15.957658128593831,1.1888931801318872,1.6777455830388692,0.0018347974022427593,0.1322714289424363
SUPERMARKET_3_322,2,Baja rotación volátil,7.237323575535807,1.209385186992827,2.993076130509445,0.0011203261858107104,0.32360890259512604
SUPERMARKET_3_323,2,Baja rotación volátil,3.386826973340303,1.0657740644022105,2.9707664350614644,0.0010612007614565113,0.148026004527793
SUPERMARKET_3_324,1,Básicos de alto volumen,34.93779404077365,0.6142300722305513,3.7290846918489065,0.00029895316600835146,0.1274838058782093
SUPERMARKET_3_325,1,Básicos de alto volumen,6.278097229482488,0.9134783918860809,2.9914703448275866,0.0002810438055991015,0.21424352411480066
SUPERMARKET_3_326,1,Básicos de alto volumen,23.095138525875587,0.8115083439662092,1.5751870967741934,-5.645597184803643e-05,0.13477214423672546
SUPERMARKET_3_327,1,Básicos de alto volumen,39.05645582854156,0.6666309607065258,3.80339619651347,0.00019479547742349656,0.24905262218604918
SUPERMARKET_3_328,1,Básicos de alto volumen,5.509670674333508,0.6648009518770945,4.536160356347438,-0.00037802794628548185,0.1455951909234449
SUPERMARKET_3_329,1,Básicos de alto volumen,76.4636696288552,1.1117458850201247,3.558519008264463,0.0007979620462992647,0.31632290843757715
SUPERMARKET_3_330,1,Básicos de alto volumen,17.425509670674334,0.5094963484760866,4.792112759643917,0.00041297514746775485,0.14603298758873015
SUPERMARKET_3_331,1,Básicos de alto volumen,13.718243596445374,0.49572462819877955,1.8134967741935484,-0.00027020517268885907,0.05490928412923413
SUPERMARKET_3_332,1,Básicos de alto volumen,21.015682174594875,0.6739396789770188,2.376,1.6405246932891476e-05,0.16530422007924758
SUPERMARKET_3_333,0,Estacionales volátiles,10.539989545216937,1.7747258242988035,2.376,0.0016794155556819413,0.624238350419643
SUPERMARKET_3_334,1,Básicos de alto volumen,12.436487192890748,0.8784915527939623,3.3402776572668116,-0.0006225303799728258,0.22994920623317977
SUPERMARKET_3_335,1,Básicos de alto volumen,8.607945635128072,0.9122953649866846,2.6418794402583425,0.0008647047910777557,0.14967459038164097
SUPERMARKET_3_336,1,Básicos de alto volumen,8.593831677992682,0.8146655382589509,3.0404172043010758,-0.0008517344921506589,0.23063524793221457
SUPERMARKET_3_337,2,Baja rotación volátil,1.0209095661265029,1.888765483558191,4.773977220956719,0.0022214972997106563,0.2540016457039012
SUPERMARKET_3_338,2,Baja rotación volátil,0.9027705175117616,1.8518613692006833,4.4136626086956525,0.001999372179496604,0.128504311745671
SUPERMARKET_3_339,1,Básicos de alto volumen,29.613173026659698,0.592311971145735,0.9790494623655913,0.0003882524446651513,0.14749847464381677
SUPERMARKET_3_340,2,Baja rotación volátil,3.286983795086252,1.3796987694834852,3.669514431239389,0.001819431162658735,0.15518254173913887
SUPERMARKET_3_341,1,Básicos de alto volumen,3.5331939362258233,0.9148842043008579,4.717550335570469,-0.00012589534942359957,0.11841572140556098
SUPERMARKET_3_342,1,Básicos de alto volumen,35.47673810768426,0.923056766609613,1.4600028776978418,6.358262173940615e-05,0.21057903223717922
SUPERMARKET_3_343,1,Básicos de alto volumen,2.1620491374803974,0.8327373428578401,4.175469504707327,0.0002566265106548898,0.06476817187771795
SUPERMARKET_3_344,2,Baja rotación volátil,6.087297438578149,1.2216878807299636,2.450884866039102,0.0016484880105142622,0.15721046532426877
SUPERMARKET_3_345,1,Básicos de alto volumen,4.3512807109252485,1.0482121200392276,3.0264404591104737,-0.0010899680261612053,0.22596919123779166
SUPERMARKET_3_346,1,Básicos de alto volumen,34.97438578149504,0.4723968481187,2.376,-0.0004258289294730013,0.08263846532452457
SUPERMARKET_3_347,1,Básicos de alto volumen,17.098274960794562,0.8546156826367407,2.570332491886044,-0.0010562670403333522,0.10202905268293465
SUPERMARKET_3_348,1,Básicos de alto volumen,56.92786199686356,0.571298386654113,0.9782861240588024,3.958819138105049e-05,0.12426543978996357
SUPERMARKET_3_349,1,Básicos de alto volumen,39.72503920543649,0.4991593774242819,1.885826402906742,0.00037856908820905273,0.131971538390266
SUPERMARKET_3_350,0,Estacionales volátiles,0.8734971249346576,2.6028399352793543,4.242825147347741,0.0020242316266449504,0.7921989245716861
SUPERMARKET_3_351,1,Básicos de alto volumen,41.07527443805541,0.7458027447945177,1.2565204301075268,-0.00035594647544940266,0.16727139325847146
SUPERMARKET_3_352,1,Básicos de alto volumen,8.29900679560899,0.8970554488231371,4.925737358490566,-9.103503583101799e-05,0.18252225457731638
SUPERMARKET_3_353,0,Estacionales volátiles,1.6429691583899635,2.5907337491095275,10.725328903654486,0.0023237670280474325,0.7257831589497871
SUPERMARKET_3_354,2,Baja rotación volátil,4.119707266074229,1.1311396113048813,3.5614125777470633,0.0014717815072823495,0.1316698801837885
SUPERMARKET_3_355,1,Básicos de alto volumen,24.73967590172504,0.7956789144191676,1.2618709677419355,-0.0004274045349553926,0.21355578155360838
SUPERMARKET_3_356,1,Básicos de alto volumen,11.794563512807109,0.44836359701125933,3.591233429394813,-4.2894371784588683e-05,0.09117608442023661
SUPERMARKET_3_357,1,Básicos de alto volumen,7.10559330893884,0.7710255853434691,4.903225017972681,1.637728536550006e-05,0.10662878097518215
SUPERMARKET_3_358,2,Baja rotación volátil,2.4234187140616834,1.3002006398668968,3.4459962476547843,0.0013459013745284961,0.2413921466417797
SUPERMARKET_3_359,2,Baja rotación volátil,1.305279665446942,1.7527500354331496,3.335046104928457,0.001636986222109781,0.42105299409741076
SUPERMARKET_3_360,1,Básicos de alto volumen,8.552012545739675,1.2836509333256039,2.6359393939393936,-0.000809935071417624,0.27195189538304126
SUPERMARKET_3_361,2,Baja rotación volátil,6.533716675378986,0.9867034350974271,2.3751122257053288,0.0012803915146228054,0.11696828020582578
SUPERMARKET_3_362,1,Básicos de alto volumen,76.42812336644015,1.148638083321398,2.989205298013245,0.0008973979831471635,0.3313571020883135
SUPERMARKET_3_363,1,Básicos de alto volumen,41.436487192890745,0.5309331902454983,2.9335449814126395,8.126004116162645e-05,0.14707546408596928
SUPERMARKET_3_364,2,Baja rotación volátil,1.5546262415054888,1.7394947456980114,3.3313924914675765,0.0018607386619821033,0.2241791981399049
SUPERMARKET_3_365,1,Básicos de alto volumen,4.088865656037637,0.6399868066789249,5.102627218934911,0.00020386275201934287,0.15324570740431087
SUPERMARKET_3_366,2,Baja rotación volátil,1.618923157344485,2.160601090914365,2.088,0.002394976651902025,0.27447299724084795
SUPERMARKET_3_367,1,Básicos de alto volumen,16.106116048092,0.5299105065999691,3.181799280287885,0.0003732767397918532,0.07839480820827759
SUPERMARKET_3_368,1,Básicos de alto volumen,27.462101411395714,0.5920256915080705,7.172986006458558,-0.000359960668170527,0.27548909342309535
SUPERMARKET_3_369,1,Básicos de alto volumen,14.020909566126504,0.41907192024580914,4.733290322580645,-0.00031703618972051375,0.07754066322931412
SUPERMARKET_3_370,0,Estacionales volátiles,11.255096706743336,1.8742062362765106,8.143640918580376,0.0022567011963999374,0.6742047095285851
SUPERMARKET_3_371,2,Baja rotación volátil,1.3512807109252483,1.7116089585844918,3.001628808864266,0.0020030077685295865,0.22304815865343383
SUPERMARKET_3_372,2,Baja rotación volátil,13.941975953998954,1.3871239986537574,3.936,0.0020049691207717013,0.1327824434305397
SUPERMARKET_3_373,1,Básicos de alto volumen,5.276529012023,1.225025165124649,2.182688241639698,-0.00031233828202901776,0.30628286620644757
SUPERMARKET_3_374,1,Básicos de alto volumen,3.970726607422896,0.9975171096626647,2.883951724137931,-0.00025274135379260986,0.34839233502382944
SUPERMARKET_3_375,1,Básicos de alto volumen,3.933089388395191,1.1890238089529805,2.1672490537471614,-3.641238214913516e-05,0.29901821216238667
SUPERMARKET_3_376,1,Básicos de alto volumen,119.47255619445896,0.5657672703706585,1.2,-0.00029999830488532315,0.2424274663146067
SUPERMARKET_3_377,1,Básicos de alto volumen,142.8588604286461,0.21379754135973508,1.9098064516129032,-4.907070725936716e-05,0.06966014589785444
SUPERMARKET_3_378,1,Básicos de alto volumen,9.906952430737062,0.6092033935408958,5.537034859302813,0.0001473936852695051,0.16910400199345496
SUPERMARKET_3_379,2,Baja rotación volátil,3.1860951385258756,1.3129424278612778,2.642065573770492,0.0012075536042237464,0.10488355413831672
SUPERMARKET_3_380,1,Básicos de alto volumen,2.624150548876111,0.7414801432946939,2.3903810548977393,-0.00024425977573422423,0.11022580185270787
SUPERMARKET_3_381,2,Baja rotación volátil,8.177731312075274,1.3519468242005366,3.5286407119021135,0.0007490797015778642,0.16766464317785973
SUPERMARKET_3_382,2,Baja rotación volátil,6.072138003136435,1.5417636394331304,2.311179487179487,0.0018594275188440251,0.25760663666204037
SUPERMARKET_3_383,1,Básicos de alto volumen,21.20334553058024,0.7620198576769642,1.521904419690981,-0.0004302277777851037,0.1460815908113052
SUPERMARKET_3_384,1,Básicos de alto volumen,4.849451123889179,0.8566140221775452,3.559178937103852,0.00042825744826232014,0.14170202489977046
SUPERMARKET_3_385,1,Básicos de alto volumen,11.745426032409828,0.5272101560911157,3.572126801152738,-0.00047677268335392535,0.07403207595482304
SUPERMARKET_3_386,1,Básicos de alto volumen,10.196549921589128,0.9310344073045886,2.9916683649837887,0.000348124487729757,0.18802696391996346
SUPERMARKET_3_387,0,Estacionales volátiles,7.742812336644015,1.1011545108803897,3.107789247311828,-0.00023167780178623494,0.4237091836339625
SUPERMARKET_3_388,1,Básicos de alto volumen,13.25405122843701,0.8906075359965676,4.917092473118279,-0.0006007708728368393,0.20908635650660667
SUPERMARKET_3_389,1,Básicos de alto volumen,88.37898588604287,0.3117230497995597,1.9112519083969464,0.00023873132085977714,0.07204992020154291
SUPERMARKET_3_390,2,Baja rotación volátil,4.607422895974908,1.3522743707551568,2.124529411764706,0.0019442537094410237,0.1855514775470705
SUPERMARKET_3_391,1,Básicos de alto volumen,5.253528489283847,1.142570951923389,3.341522950819672,0.00010306933871193083,0.27878906109364854
SUPERMARKET_3_392,1,Básicos de alto volumen,9.419759539989546,0.48405573037664,4.639528057553957,-4.807175726612936e-05,0.05826791464749325
SUPERMARKET_3_393,1,Básicos de alto volumen,23.81860951385259,1.013279442671812,4.2027724620770135,0.00137545701904263,0.18019135488002908
SUPERMARKET_3_394,1,Básicos de alto volumen,7.017250392054365,0.534525833779282,3.3565129310344832,-0.00016533072607612654,0.14745298473739551
SUPERMARKET_3_395,1,Básicos de alto volumen,8.043387349712493,0.48581875714670414,4.7492218506131545,-0.0002968150493985116,0.07014625487424393
SUPERMARKET_3_396,3,Nicho premium,2.4511238891792995,1.2329875086442135,12.624542872172542,0.0015133741429077608,0.06200742663545564
SUPERMARKET_3_397,1,Básicos de alto volumen,3.4218504966021954,0.7904066485361618,2.3850539956803454,0.00020771636269285547,0.2020180843132192
SUPERMARKET_3_398,1,Básicos de alto volumen,8.57710402509148,0.7390564672759561,7.236584946236559,-0.00037338054835493013,0.08184471984754314
SUPERMARKET_3_399,1,Básicos de alto volumen,25.326189231573444,1.0732345620948998,4.202702639296188,0.0013037930390132804,0.18282775518884714
SUPERMARKET_3_400,1,Básicos de alto volumen,17.29639309984318,0.35848955966875123,3.5531397849462367,-0.00011231131108299376,0.05186025534529806
SUPERMARKET_3_401,1,Básicos de alto volumen,6.47360167276529,0.5440734197636689,2.3759088145896654,9.047431260323792e-05,0.06805694412573891
SUPERMARKET_3_402,2,Baja rotación volátil,2.8860428646105594,1.046384076599601,6.571259668508287,0.0010976142700579068,0.0846167414524695
SUPERMARKET_3_403,1,Básicos de alto volumen,30.09722948248824,0.976401810772597,1.7859894179894178,0.0010800925560242654,0.16022538245464618
SUPERMARKET_3_404,1,Básicos de alto volumen,57.525352848928385,0.6777680746907044,1.172215005599104,8.572834150721802e-05,0.3875252532145608
SUPERMARKET_3_405,1,Básicos de alto volumen,7.190799790904339,0.5719145252848251,4.577154535675869,-0.0003688237734553495,0.16992021708039703
SUPERMARKET_3_406,1,Básicos de alto volumen,73.92629377940408,0.547021727920303,0.9775999999999999,1.9611316200753036e-05,0.10980131190428014
SUPERMARKET_3_407,1,Básicos de alto volumen,30.05018295870361,0.4162444829883516,3.5816258064516133,-0.00030593342629977444,0.10469564442261571
SUPERMARKET_3_408,1,Básicos de alto volumen,3.975953998954522,0.6660566702302925,3.556879310344828,-3.935537351053879e-05,0.057750625236336256
SUPERMARKET_3_409,2,Baja rotación volátil,1.5394668060637742,2.16824755529696,3.3255584415584414,0.002099310939848972,0.41699129476166963
SUPERMARKET_3_410,1,Básicos de alto volumen,10.577626764244641,0.4837641972476538,3.177632047477745,-0.00027078860417416626,0.08692791978979884
SUPERMARKET_3_411,1,Básicos de alto volumen,10.191845269210663,0.48171540515423983,3.5759817490494297,-0.00010632583730907748,0.08182466861564743
SUPERMARKET_3_412,1,Básicos de alto volumen,78.70778881338212,0.5859198989722761,0.240882223847842,-8.535126533091875e-05,0.14024951979478384
SUPERMARKET_3_413,1,Básicos de alto volumen,43.66649242028228,0.6712775256458735,1.198722997210044,-1.3331416266546293e-05,0.14434818691066353
SUPERMARKET_3_414,3,Nicho premium,4.297961317302666,0.9790959254465015,6.080504638218923,0.0007597349276673579,0.10900690182743591
SUPERMARKET_3_415,1,Básicos de alto volumen,10.214845791949816,0.8233254137620207,2.9955278937381404,-0.00031486424918142803,0.2877010999851026
SUPERMARKET_3_416,2,Baja rotación volátil,3.2070047046523786,1.1043313342024288,3.200839363241679,0.0014450877988917464,0.14479397869820657
SUPERMARKET_3_417,2,Baja rotación volátil,1.5169890224777836,1.8760266724399595,5.393907502569373,0.0022123082150962564,0.4097987521262187
SUPERMARKET_3_418,1,Básicos de alto volumen,14.930475692629377,0.523255327349179,4.774216414863209,0.00032978749686416733,0.08463943487168266
SUPERMARKET_3_419,2,Baja rotación volátil,3.7224255096706744,1.9445332290083617,3.3208090909090906,0.002219074901142249,0.32146523310638137
SUPERMARKET_3_420,3,Nicho premium,5.523784631468897,0.7644793075880009,10.037643219724439,-0.0004007708681830404,0.4355603797142063
SUPERMARKET_3_421,2,Baja rotación volátil,2.5514898065865133,1.3955296912171637,2.976,0.0008442453994744522,0.15461024758791542
SUPERMARKET_3_422,1,Básicos de alto volumen,12.636696288552013,0.9667617071053162,2.568404446038006,-0.0007885364217158535,0.13693456838915938
SUPERMARKET_3_423,1,Básicos de alto volumen,9.67903815995818,0.8397256953109368,3.559240461401952,0.0008040423976012283,0.14674010529801312
SUPERMARKET_3_424,1,Básicos de alto volumen,10.159435441714585,0.6049958839810143,4.556022955523672,-0.000120256953861394,0.19855434183889217
SUPERMARKET_3_425,2,Baja rotación volátil,3.3277574490329327,1.2483744879244747,2.973790518191841,0.0009162966132541415,0.20763878242263442
SUPERMARKET_3_426,2,Baja rotación volátil,4.344485101934135,1.0530411646056983,3.5601350114416475,0.0010809815257080053,0.16253433415108254
SUPERMARKET_3_427,2,Baja rotación volátil,2.8097229482488237,1.2830017767793327,2.9721764057331863,0.000966869745662698,0.25023925602656455
SUPERMARKET_3_428,1,Básicos de alto volumen,7.479874542603241,1.0564486719668715,2.4358916967509026,0.0004006059150486242,0.26649482294995513
SUPERMARKET_3_429,2,Baja rotación volátil,5.818086774699425,1.4460511118241695,7.176000000000001,0.0016090488603235547,0.2472297530810449
SUPERMARKET_3_430,2,Baja rotación volátil,1.905906952430737,1.3601603019306807,7.16240059568131,0.001589055666745137,0.10221225732074009
SUPERMARKET_3_431,1,Básicos de alto volumen,13.033455305802404,0.6713041761719195,1.1997322709163347,0.0003857065072798321,0.1468444950604271
SUPERMARKET_3_432,1,Básicos de alto volumen,18.25823314166231,1.0156946447061923,4.671944086021505,-7.663252539655281e-05,0.2501595659022186
SUPERMARKET_3_433,1,Básicos de alto volumen,11.748562467328803,0.6990079216100783,1.1996657381615599,0.00015508196383113275,0.17897135111312842
SUPERMARKET_3_434,1,Básicos de alto volumen,15.308416100365918,0.607088467881586,3.396250279329609,-0.00022754399421528296,0.11723219399476664
SUPERMARKET_3_435,1,Básicos de alto volumen,51.93727130162049,0.9404333639407189,1.5780645161290323,-6.743500941541042e-05,0.2058657734973139
SUPERMARKET_3_436,0,Estacionales volátiles,1.9712493465760585,2.106414287333885,2.9714666666666667,0.0020807269204270807,0.585567482392762
SUPERMARKET_3_437,2,Baja rotación volátil,6.293256664924203,1.1988583191224005,1.2,0.001465372811160953,0.22981416040122768
SUPERMARKET_3_438,1,Básicos de alto volumen,13.339257710402508,0.6693440260172774,1.1999420523138833,0.0003432332960187436,0.1695180282229581
SUPERMARKET_3_439,2,Baja rotación volátil,11.350235232618923,1.1282036984741406,3.5694443646805456,0.00170600547226531,0.10445870183827516
SUPERMARKET_3_440,2,Baja rotación volátil,2.6246732880292734,1.513915665074763,5.59501326259947,0.0019690094457516963,0.11305378561036383
SUPERMARKET_3_441,0,Estacionales volátiles,31.256664924202823,1.5049876249039602,7.906870588235295,0.0001950828408246363,0.5600287867199871
SUPERMARKET_3_442,2,Baja rotación volátil,2.889179299529535,1.2161787687810415,2.9726297872340424,0.0007553502143236299,0.20096855217391396
SUPERMARKET_3_443,0,Estacionales volátiles,1.6779926816518558,1.7083498021436538,2.980439059158945,0.0015183805362900499,0.6800983985369681
SUPERMARKET_3_444,0,Estacionales volátiles,55.171981181390485,1.4925136699543526,7.92235113122172,0.0005084985481293325,0.5605175479714505
SUPERMARKET_3_445,2,Baja rotación volátil,3.96549921589127,1.15721792521563,2.9708379530916846,0.0009210554111968881,0.17106629814116253
SUPERMARKET_3_446,1,Básicos de alto volumen,50.33193936225823,0.6691168084555451,1.3858298025134648,-0.0008857696305568122,0.11737144092035419
SUPERMARKET_3_447,1,Básicos de alto volumen,4.500261369576581,1.207271885952108,2.1730837294332725,0.000271093734713248,0.15727097613036056
SUPERMARKET_3_448,1,Básicos de alto volumen,12.052273915316258,0.8683335317184594,3.7191882212495027,0.00033565454298602274,0.11191205340196635
SUPERMARKET_3_449,1,Básicos de alto volumen,39.739153162571874,0.4017143171017596,2.376,-0.00030788876569812587,0.06608186274892026
SUPERMARKET_3_450,1,Básicos de alto volumen,10.95713538944067,0.4380408942125265,3.6498458149779736,4.063794748132835e-05,0.04187755075398135
SUPERMARKET_3_451,1,Básicos de alto volumen,8.165708311552535,0.8017480627586178,1.757700760777684,0.0001927490197763971,0.3115350571043651
SUPERMARKET_3_452,1,Básicos de alto volumen,4.777835859905907,0.5939709029056056,5.96575368043088,-0.0002276482065379629,0.10739895686814678
SUPERMARKET_3_453,1,Básicos de alto volumen,2.669106116048092,0.9383481131902935,3.3568415584415585,0.0003386881754706211,0.3464335190648798
SUPERMARKET_3_454,1,Básicos de alto volumen,52.69785676947203,0.8277973200663756,0.23965729585006693,0.00023648643129174852,0.14411481859409805
SUPERMARKET_3_455,1,Básicos de alto volumen,70.45269210663879,0.9043111041431627,2.6764163701067614,0.0005837553250098671,0.16644130653504854
SUPERMARKET_3_456,1,Básicos de alto volumen,3.9587036069001567,0.8880399804251128,4.7113656387665195,0.000636658088949081,0.14064950619479846
SUPERMARKET_3_457,0,Estacionales volátiles,3.062728698379509,1.1967864650426936,2.9522836363636364,0.00047239451668361517,0.5936254095099922
SUPERMARKET_3_458,1,Básicos de alto volumen,86.54992158912702,0.24806833870456388,2.2816957462148517,-2.1285373268759123e-05,0.04059106562824103
SUPERMARKET_3_459,1,Básicos de alto volumen,24.661265028750652,0.7530672864899154,2.2419571865443424,0.00037754255826312716,0.14246762930899395
SUPERMARKET_3_460,1,Básicos de alto volumen,25.117093570308416,0.5302709095634077,2.357247311827957,-0.0002464623594095141,0.09696172453266019
SUPERMARKET_3_461,1,Básicos de alto volumen,17.994772608468374,0.7242406557362111,1.7345505376344086,0.00016668151484103803,0.3860943304218559
SUPERMARKET_3_462,1,Básicos de alto volumen,100.43125980135912,0.5503172129690983,1.2,-0.00012903270291822025,0.23124181042938674
SUPERMARKET_3_463,1,Básicos de alto volumen,11.438055410350236,1.1353583788523423,7.25512882839086,0.00027912364573527346,0.2898523505725811
SUPERMARKET_3_464,1,Básicos de alto volumen,8.393622582331417,0.813393219812675,4.174036205648081,-0.0007299940630618464,0.15702110724885812
SUPERMARKET_3_465,1,Básicos de alto volumen,6.033455305802405,1.3242695339089021,2.170868411617067,-0.0004890078398281806,0.2759226934802535
SUPERMARKET_3_466,0,Estacionales volátiles,0.851019341348667,2.8968752282900176,4.519003154574132,0.00251072048234992,0.6991685493473291
SUPERMARKET_3_467,1,Básicos de alto volumen,9.065865133298484,0.4783998850773182,2.3505935483870966,-0.0002140852715577838,0.0675039919563704
SUPERMARKET_3_468,1,Básicos de alto volumen,44.752744380554105,0.6759363064069202,1.385608040201005,-0.0009075123137323064,0.10907791615552408
SUPERMARKET_3_469,1,Básicos de alto volumen,34.868792472556194,0.3741887158248351,7.3916258064516125,4.754531754003018e-05,0.09658744337743279
SUPERMARKET_3_470,1,Básicos de alto volumen,7.212754835337167,1.179910467279307,2.1707259684361553,-0.00015989450219116682,0.20104560629262758
SUPERMARKET_3_471,2,Baja rotación volátil,1.5980135912179823,1.548776514290959,2.9974683544303797,0.001828160247849972,0.18084143819078843
SUPERMARKET_3_472,0,Estacionales volátiles,0.5452169367485624,2.63368412644305,2.364,0.0024102242871336882,0.6451226500295175
SUPERMARKET_3_473,1,Básicos de alto volumen,51.57030841610037,0.28602530067405046,4.638180022787695,-9.30862058971473e-05,0.06178831480551528
SUPERMARKET_3_474,1,Básicos de alto volumen,44.177731312075274,0.8468950271652639,2.2410917516218722,0.0003488416943072085,0.1555643280186379
SUPERMARKET_3_475,1,Básicos de alto volumen,23.877679038159958,0.5074941972334152,1.199784946236559,-0.0004657493317030365,0.09513654930574467
SUPERMARKET_3_476,1,Básicos de alto volumen,37.60271824359644,0.5546761635872441,7.168429704397982,-0.0002768290734271646,0.2662587609470171
SUPERMARKET_3_477,1,Básicos de alto volumen,42.41087297438578,0.28713545295494275,1.908989247311828,-0.00023074293593567497,0.08363921182551187
SUPERMARKET_3_478,1,Básicos de alto volumen,4.680606377417669,1.158878173736471,2.17013715146948,0.00025803585404062847,0.20999428526143665
SUPERMARKET_3_479,1,Básicos de alto volumen,12.491374803972818,0.5658809086605256,1.1978227654698244,0.00036404105886507303,0.1154453151792095
SUPERMARKET_3_480,1,Básicos de alto volumen,11.604809200209095,0.5597909236947539,3.197558855487142,-0.0005197380556275377,0.10856280052190104
SUPERMARKET_3_481,1,Básicos de alto volumen,15.64819654992159,0.5218232357763418,4.547019354838709,-0.00021025638444994383,0.14266051921333048
SUPERMARKET_3_482,2,Baja rotación volátil,4.01829587036069,1.4660061277481675,3.572720194647202,0.001895211402534765,0.2406076111888325
SUPERMARKET_3_483,2,Baja rotación volátil,6.024046001045479,1.4007649470532597,3.5372918287937742,0.0006229347258727658,0.17654142381734375
SUPERMARKET_3_484,1,Básicos de alto volumen,3.846314688970204,0.6167850745046826,2.389012203876525,-3.6098352644132224e-05,0.14007757372808222
SUPERMARKET_3_485,1,Básicos de alto volumen,14.09932043910089,0.48429131889429095,4.586486021505377,-0.00020295255374803604,0.13524411443290368
SUPERMARKET_3_486,1,Básicos de alto volumen,4.292211186617878,0.8495932236357903,3.271917837837838,-0.000236160930948905,0.23341734884304072
SUPERMARKET_3_487,1,Básicos de alto volumen,15.695765812859383,0.6963967067940362,1.949512367491166,0.0007412321588530226,0.14579976353546806
SUPERMARKET_3_488,1,Básicos de alto volumen,8.589649764767382,0.6427522887240843,5.104899755501222,0.000358203684156019,0.151763019149723
SUPERMARKET_3_489,2,Baja rotación volátil,9.321484579194982,1.3388526957887654,2.309625987708516,0.0018338029649186461,0.14296035807461335
SUPERMARKET_3_490,1,Básicos de alto volumen,6.277574490329326,0.6182405248168846,4.192509849362689,-0.0003363912666642011,0.08943360856195921
SUPERMARKET_3_491,1,Básicos de alto volumen,102.78463146889702,0.7088272125569556,1.627105376344086,-8.088497010416075e-05,0.2116415215387337
SUPERMARKET_3_492,1,Básicos de alto volumen,7.865656037637219,0.540550257645581,3.57112,0.0001433723325156139,0.13942903441499938
SUPERMARKET_3_493,1,Básicos de alto volumen,10.474647151071615,0.7100076757103865,8.696123008521674,-0.00041626291664651177,0.18136276158230935
SUPERMARKET_3_494,1,Básicos de alto volumen,7.124411918452692,0.5589150150399302,3.5620416356877325,-0.00023977840064606857,0.0773571491084087
SUPERMARKET_3_495,1,Básicos de alto volumen,16.59958180867747,0.4250626340583514,2.333729064039409,0.00010034962535237361,0.07730042747253509
SUPERMARKET_3_496,1,Básicos de alto volumen,9.835859905906952,1.0001990996344594,4.790839241549876,0.0009750920918333887,0.3060148848447162
SUPERMARKET_3_497,1,Básicos de alto volumen,8.805018295870362,0.8339154057053904,2.939918191603875,-0.0002826485655382983,0.3909954114969738
SUPERMARKET_3_498,1,Básicos de alto volumen,87.00052273915317,0.5322636536688496,0.24032115732368894,-0.0001620511569719737,0.07702241666948409
SUPERMARKET_3_499,1,Básicos de alto volumen,64.41244119184528,1.003901287325655,3.003718528082634,0.001515459628308272,0.19318763096432548
SUPERMARKET_3_500,0,Estacionales volátiles,1.012023000522739,2.5350557325022316,2.8770000000000002,0.0025092871685383046,0.733217092391709
SUPERMARKET_3_501,1,Básicos de alto volumen,104.4678515420805,0.5230415083894107,0.9788903225806451,-3.221503418649263e-05,0.12503550491050208
SUPERMARKET_3_502,2,Baja rotación volátil,9.025091479351804,1.097561150295197,3.003881401617251,0.0013887651361529723,0.1968165389546517
SUPERMARKET_3_503,1,Básicos de alto volumen,48.285415577626765,0.3683796017642042,2.930332124728064,-8.403443178012473e-05,0.07070137927949387
SUPERMARKET_3_504,1,Básicos de alto volumen,16.077888133821222,0.8354585159544374,1.5611655913978495,-5.2193560780732526e-05,0.15522538275446254
SUPERMARKET_3_505,1,Básicos de alto volumen,18.409827496079455,0.7334541209581352,4.161998176845944,0.0006281453869875224,0.2645817665434731
SUPERMARKET_3_506,1,Básicos de alto volumen,4.097229482488238,0.6783055391097724,4.772114192495922,-0.00044096872624061254,0.12152449245754868
SUPERMARKET_3_507,2,Baja rotación volátil,1.483533716675379,1.4747223611082294,2.376,0.0017517427096537161,0.2716410471220807
SUPERMARKET_3_508,1,Básicos de alto volumen,19.210663878724517,0.5146383974775487,1.2,-0.0004501060769791316,0.15327943340568959
SUPERMARKET_3_509,1,Básicos de alto volumen,9.77835859905907,0.9238049102479259,2.368008497079129,0.0007344398279382909,0.10502755222304842
SUPERMARKET_3_510,2,Baja rotación volátil,1.8311552535284892,2.1486489699716635,2.473677811550152,0.001818235698738315,0.26788293354488774
SUPERMARKET_3_511,0,Estacionales volátiles,37.131207527443806,1.2826169557853064,7.755742040816326,0.0003365954077321916,0.6659748593892524
SUPERMARKET_3_512,2,Baja rotación volátil,1.0188186095138525,1.545968052832459,2.376,0.001752924142972971,0.23885398915897268
SUPERMARKET_3_513,1,Básicos de alto volumen,12.828541557762676,0.5053567728445686,5.315241279069768,3.401641718184371e-05,0.17077139346664988
SUPERMARKET_3_514,2,Baja rotación volátil,8.065342394145322,1.3844930307156482,5.968450387051372,0.001492842664920152,0.2751515322209899
SUPERMARKET_3_515,2,Baja rotación volátil,10.025614218504966,1.1754166609613328,3.4382441430332924,0.0014592616306662806,0.2643413150427842
SUPERMARKET_3_516,1,Básicos de alto volumen,70.07370622059592,0.6063973337059265,4.228087181381603,0.00010781202023865147,0.12455579102277019
SUPERMARKET_3_517,2,Baja rotación volátil,0.9194981704129639,2.1229410235644104,3.464231548480463,0.002437986156507283,0.23805353867387422
SUPERMARKET_3_518,2,Baja rotación volátil,3.231573444851019,1.2280872602228754,3.452277741726152,0.0015030694672083763,0.21485048613393382
SUPERMARKET_3_519,2,Baja rotación volátil,12.139571353894407,1.1403324007671525,1.1986904598490047,0.001361950190490046,0.11857583591330946
SUPERMARKET_3_520,1,Básicos de alto volumen,9.217982226868793,0.49462764334112136,4.767425867507886,0.00011966208430491147,0.053896036004523556
SUPERMARKET_3_521,2,Baja rotación volátil,1.4694197595399896,1.631171246028604,3.046791044776119,0.0019030011793333497,0.22682668826926114
SUPERMARKET_3_522,1,Básicos de alto volumen,2.9294302143230526,1.2810636243597755,3.0510381451009727,-0.0007298073005488128,0.130449136015228
SUPERMARKET_3_523,2,Baja rotación volátil,12.531625718766335,1.1501501436569885,2.376,0.0015169332104949746,0.18884524515032355
SUPERMARKET_3_524,1,Básicos de alto volumen,49.32828018818609,0.6683509523871021,1.1744373134328356,3.2675841171560976e-05,0.3653636569532631
SUPERMARKET_3_525,2,Baja rotación volátil,7.1160480920020905,1.3680103154967636,2.3959398496240603,0.0017750313131362056,0.2630131033157679
SUPERMARKET_3_526,1,Básicos de alto volumen,45.240982749607944,0.46423151605202767,2.3757247311827956,-0.0003312074703963887,0.07506343097739848
SUPERMARKET_3_527,2,Baja rotación volátil,1.8452692106638788,1.551731992339363,5.972734246575342,0.0019223547976108116,0.12222932365543909
SUPERMARKET_3_528,1,Básicos de alto volumen,4.675901725039205,0.6500889913092127,5.96622469410456,0.00018469498501006074,0.15041693273012888
SUPERMARKET_3_529,2,Baja rotación volátil,1.7788813382122322,1.652469217208219,4.776,0.002119189546034989,0.25236221994955843
SUPERMARKET_3_530,1,Básicos de alto volumen,23.953476215368532,0.8951819274336563,1.9503558282208588,0.001354562836744469,0.1258615006142958
SUPERMARKET_3_531,2,Baja rotación volátil,3.946157867224255,1.1082579115943296,2.965572279371955,0.0009486306094820746,0.14898101684425785
SUPERMARKET_3_532,2,Baja rotación volátil,11.864087820177732,1.1727649259327404,3.5701592920353984,0.0017930956360545963,0.10513718830843763
SUPERMARKET_3_533,1,Básicos de alto volumen,14.061683220073183,0.4424937458060981,5.9659268817204305,-0.00013920334018095327,0.12264311762378492
SUPERMARKET_3_534,1,Básicos de alto volumen,20.777835859905906,0.48202479815184857,5.744540695589817,-0.00021541120847649398,0.1182759407672274
SUPERMARKET_3_535,1,Básicos de alto volumen,11.171981181390485,0.4299189637336639,7.387810752688171,-0.0001099252853642052,0.09040619929895613
SUPERMARKET_3_536,1,Básicos de alto volumen,5.904338734971249,0.623034837073436,3.263031714171016,0.0003712322877445678,0.11166861986031441
SUPERMARKET_3_537,1,Básicos de alto volumen,8.03450078410873,0.6444190054443638,4.773916230366492,0.0005473340339105653,0.08724042021133487
SUPERMARKET_3_538,1,Básicos de alto volumen,7.4166231050705695,0.9260741798510038,1.692174,0.0007911879153172917,0.1692012880303213
SUPERMARKET_3_539,1,Básicos de alto volumen,3.360167276529012,0.7720846863827691,3.249083895853423,4.712013219600287e-05,0.11938139542002359
SUPERMARKET_3_540,1,Básicos de alto volumen,30.412441191845268,1.0119926960679135,3.6300288568257493,-3.887242375014409e-05,0.267471226784688
SUPERMARKET_3_541,1,Básicos de alto volumen,142.511238891793,0.7108705222219409,1.176305376344086,-0.00043012648010079074,0.4695871994331749
SUPERMARKET_3_542,1,Básicos de alto volumen,7.154730789336122,0.6235396217548304,2.994367157242448,0.00018135130202279973,0.3171330835373689
SUPERMARKET_3_543,1,Básicos de alto volumen,4.611082070047047,0.8202325329558483,4.545627242768217,-0.0003848964100811586,0.15675319947851388
SUPERMARKET_3_544,2,Baja rotación volátil,4.856769472033455,1.0655251660576297,3.560281592613964,0.0010848322633241433,0.14035482490911616
SUPERMARKET_3_545,2,Baja rotación volátil,6.281233664401464,1.2070332441884168,1.2,0.0016704545847510566,0.19475848347407432
SUPERMARKET_3_546,1,Básicos de alto volumen,37.512807109252485,0.5393191498527268,7.1708356066044505,-0.00025125833110508934,0.263029610125268
SUPERMARKET_3_547,1,Básicos de alto volumen,94.22582331416623,0.5557162756049353,0.2399016759776536,-0.0002717504539191699,0.09357884358612065
SUPERMARKET_3_548,1,Básicos de alto volumen,1.738630423418714,0.912011009183821,3.0621179422835634,0.0003893433932558528,0.11431128056969064
SUPERMARKET_3_549,2,Baja rotación volátil,2.202300052273915,1.8450493374885766,2.9795062972292192,0.0013561993455404153,0.24284657390438807
SUPERMARKET_3_550,2,Baja rotación volátil,4.0277051751176165,1.108156757627364,3.5630246136233543,0.0010737046730150534,0.13837134315718616
SUPERMARKET_3_551,1,Básicos de alto volumen,10.348667015159435,0.5442556402811641,5.50683779527559,0.00021249443210584254,0.042450801245873165
SUPERMARKET_3_552,2,Baja rotación volátil,6.1129116570831155,1.3683475165092223,2.371669333333333,0.0019284615205344925,0.15203027486709064
SUPERMARKET_3_553,2,Baja rotación volátil,3.5776267642446418,1.204119229729379,3.003439711191336,0.0016105401937967002,0.2071971121893934
SUPERMARKET_3_554,1,Básicos de alto volumen,3.255096706743335,0.890788451845176,4.539417888563049,-0.0004408405616526584,0.1955491123112132
SUPERMARKET_3_555,1,Básicos de alto volumen,256.81495033978047,0.29184646849139984,1.912258064516129,-0.00026427725008246157,0.0818917004861229
SUPERMARKET_3_556,0,Estacionales volátiles,2.975953998954522,1.2730016583836745,2.974176582038651,-0.0002295024583367157,0.3523916868269014
SUPERMARKET_3_557,0,Estacionales volátiles,7.121275483533717,1.9607602422108805,2.9630710900473933,0.0018344248223644878,0.6691125501636582
SUPERMARKET_3_558,1,Básicos de alto volumen,4.853110297961317,0.7346966210630962,3.5878972067039108,-0.0006489034118610293,0.20768452575323465
SUPERMARKET_3_559,1,Básicos de alto volumen,11.189754312598014,0.4402835797476946,3.4521462365591398,-0.00027005498821301775,0.07541742214127171
SUPERMARKET_3_560,2,Baja rotación volátil,6.083115525352849,0.9378106977558167,3.4195098425196853,0.0010161445743237893,0.23996592731056515
SUPERMARKET_3_561,2,Baja rotación volátil,15.388917929952953,1.0495827869812884,3.5719345603271986,0.001528628416582486,0.16054297603872988
SUPERMARKET_3_562,1,Básicos de alto volumen,20.955044432828018,0.4349171924510977,5.969212221304707,0.00045818575929576006,0.036841564110993257
SUPERMARKET_3_563,0,Estacionales volátiles,1.0078410872974386,2.8386095510501983,4.5214407582938385,0.0024995195678085905,0.7078882535544929
SUPERMARKET_3_564,1,Básicos de alto volumen,5.253528489283847,1.2903883414225052,2.18,-0.0002552788059283859,0.28532656724708383
SUPERMARKET_3_565,1,Básicos de alto volumen,13.116570831155254,0.42409992815221115,3.1432299927901948,0.00018130457288932078,0.05699932739191136
SUPERMARKET_3_566,1,Básicos de alto volumen,17.913225300575014,1.0535466768600261,1.199524541691307,0.0012617970417745743,0.15040894624675627
SUPERMARKET_3_567,0,Estacionales volátiles,3.4464192368008364,1.2489042290260834,2.1741952309985098,-3.08515601773889e-05,0.3666092348251739
SUPERMARKET_3_568,1,Básicos de alto volumen,12.35546262415055,0.9918387773103479,1.1985648312611012,0.0012375157091803386,0.10986197993196753
SUPERMARKET_3_569,1,Básicos de alto volumen,10.216936748562468,0.7946591431030001,4.924430107526882,-7.179388726561369e-05,0.17499243398796535
SUPERMARKET_3_570,1,Básicos de alto volumen,41.537375849451124,0.529412078105153,1.9369970225435986,0.0003846272566000198,0.08915029494770428
SUPERMARKET_3_571,3,Nicho premium,5.981181390486148,0.9833589752273733,10.207349016583107,-0.0002441435395203897,0.23932532471479837
SUPERMARKET_3_572,1,Básicos de alto volumen,38.894929430214326,0.5994496737720956,3.291733538698498,-0.00019157361944467815,0.05607530858653813
SUPERMARKET_3_573,1,Básicos de alto volumen,14.863565081024568,1.0249967853252666,1.1999197324414717,0.001234283297646003,0.16203504783143852
SUPERMARKET_3_574,1,Básicos de alto volumen,44.91792995295348,0.5816448721889103,7.172557906059519,-0.0004438340661816371,0.28599639600270266
SUPERMARKET_3_575,0,Estacionales volátiles,1.1787767903815995,2.0760772088632575,7.842615384615384,0.0022904059251252253,0.46796489257410295
SUPERMARKET_3_576,2,Baja rotación volátil,1.996340825927862,1.4987695740828306,2.998999165971643,0.0018886058517480944,0.17088637704936147
SUPERMARKET_3_577,1,Básicos de alto volumen,17.918975431259803,0.46337677480006834,3.674081896551724,-0.0004212928618944604,0.0876253739012816
SUPERMARKET_3_578,1,Básicos de alto volumen,22.243596445373758,0.8152475911028775,3.70644930417495,0.0005722468485174038,0.14182499103177898
SUPERMARKET_3_579,2,Baja rotación volátil,5.3774176685833766,1.4341166862519863,2.3312033293697976,0.0007941368285230212,0.3256072769890207
SUPERMARKET_3_580,1,Básicos de alto volumen,72.54103502352326,0.5952836342332751,0.23960134378499437,-0.0002802465825239417,0.08637311725073543
SUPERMARKET_3_581,1,Básicos de alto volumen,7.010454783063252,0.54606244407942,3.7090646326776398,4.3106481377969275e-05,0.19715207032524
SUPERMARKET_3_582,1,Básicos de alto volumen,7.016727652901202,0.7439831038769212,2.3685714285714283,-6.773783994951735e-05,0.31110654651248776
SUPERMARKET_3_583,2,Baja rotación volátil,6.50810245687402,1.5708957571248674,1.780253164556962,0.001666475189724152,0.2415316753481316
SUPERMARKET_3_584,1,Básicos de alto volumen,18.155776267642448,0.491298242052721,1.2,-0.0003754325318945366,0.08329661964115666
SUPERMARKET_3_585,1,Básicos de alto volumen,11.29064296915839,0.6786454500261068,4.729590306702007,0.0002739150775048519,0.058012377956332156
SUPERMARKET_3_586,1,Básicos de alto volumen,481.04652378463146,0.2415694001804445,1.9123010752688172,-0.0001334657820387838,0.10135785981563121
SUPERMARKET_3_587,1,Básicos de alto volumen,207.0669106116048,0.5162668120066741,3.0201075268817204,-3.38655057393512e-05,0.09512662114543897
SUPERMARKET_3_588,2,Baja rotación volátil,5.630946157867224,1.1569861751394013,4.635034482758621,0.0017153056746447017,0.1976384492009538
SUPERMARKET_3_589,1,Básicos de alto volumen,14.066387872451646,1.0971583130087035,1.3031074183976261,0.0009667236068082874,0.20734356401582085
SUPERMARKET_3_590,1,Básicos de alto volumen,15.308416100365918,1.1419470935000722,3.0824516129032262,-0.00040072811534164015,0.41073328241922796
SUPERMARKET_3_591,1,Básicos de alto volumen,8.603763721902771,0.5199354683291831,3.4376394386469955,-0.00017162500997260126,0.1169014826426316
SUPERMARKET_3_592,1,Básicos de alto volumen,17.629377940407736,0.6703489109498063,8.69178947368421,-0.00035490370655520215,0.2147592309041535
SUPERMARKET_3_593,3,Nicho premium,4.293256664924203,0.926141573719374,7.81786320754717,-6.61292881594639e-05,0.2005808981392231
SUPERMARKET_3_594,1,Básicos de alto volumen,35.136957658128594,0.6490395679885564,1.172989996294924,-0.00044639410794152255,0.3603280134085973
SUPERMARKET_3_595,2,Baja rotación volátil,3.766858337689493,1.34485675855041,2.375230769230769,0.001619805537040261,0.3691938136334778
SUPERMARKET_3_596,1,Básicos de alto volumen,16.864610559330895,0.3998429036354692,3.4534279569892474,-0.00011636164824087207,0.07801006170469825
SUPERMARKET_3_597,2,Baja rotación volátil,2.4035546262415055,1.2086655279187573,3.354579415501906,0.0011939343760076669,0.15214533570595726
SUPERMARKET_3_598,1,Básicos de alto volumen,20.236278097229484,0.7223958411297303,2.282598513011152,0.0007802085618911342,0.10821137994675568
SUPERMARKET_3_599,2,Baja rotación volátil,4.9132253005750135,1.5506957535287318,2.1574285714285715,0.002120707145668666,0.2774257568368303
SUPERMARKET_3_600,2,Baja rotación volátil,3.477783585990591,1.3812045296520234,2.9991371115173675,0.0011798954714892997,0.3814145347655433
SUPERMARKET_3_601,2,Baja rotación volátil,0.7867224255096706,1.648765503078352,2.376,0.0017773983975713328,0.3484830450177935
SUPERMARKET_3_602,0,Estacionales volátiles,1.9968635650810245,2.7509834141008773,3.115879518072289,0.002373590606969591,0.8584156137105984
SUPERMARKET_3_603,2,Baja rotación volátil,7.401463669628855,1.5942756516805034,1.1989473684210525,0.0021289317615542512,0.2368163087624854
SUPERMARKET_3_604,2,Baja rotación volátil,7.085729221118662,1.1297306008585617,3.003040454222853,0.0015343151375031413,0.20439448350982153
SUPERMARKET_3_605,0,Estacionales volátiles,6.307370622059592,1.150659249613777,3.0962542787286065,4.3270698522318435e-05,0.4615376715730361
SUPERMARKET_3_606,2,Baja rotación volátil,6.059069524307371,1.1846164803025527,3.4367092374457533,0.0014536276913400962,0.19999623253697632
SUPERMARKET_3_607,1,Básicos de alto volumen,116.35859905906952,0.8827892712038614,2.6787769911504427,0.0005679420922938185,0.12416488217196475
SUPERMARKET_3_608,1,Básicos de alto volumen,4.982749607945635,1.1636969433991038,2.1737380518059104,0.0003460480820743449,0.17283603372544787
SUPERMARKET_3_609,2,Baja rotación volátil,6.675901725039205,1.1486234629399397,3.570153846153846,0.0013743801927111705,0.2211392828693238
SUPERMARKET_3_610,1,Básicos de alto volumen,14.537898588604287,0.4129466789869868,2.3487609475951183,-0.00024239891973736597,0.04528424183965619
SUPERMARKET_3_611,1,Básicos de alto volumen,15.104547830632514,0.7952689322802032,2.962275268817204,-0.0006723453075761415,0.15287326631201728
SUPERMARKET_3_612,1,Básicos de alto volumen,5.769472033455306,0.6695000303879958,4.97628326848249,0.00030147975811770333,0.11534291045525526
SUPERMARKET_3_613,2,Baja rotación volátil,1.6408782017773131,2.129553652212062,3.4536209912536444,0.0023310779992983385,0.44118338346392927
SUPERMARKET_3_614,1,Básicos de alto volumen,24.5363303711448,0.68449011680902,1.1733986316168525,-0.0005711818775139583,0.31370288727478346
SUPERMARKET_3_615,1,Básicos de alto volumen,11.620491374803972,0.5188901657428979,5.095526992287918,-0.0003076346679457038,0.08309097601994561
SUPERMARKET_3_616,1,Básicos de alto volumen,11.643491897543125,0.4585875926624406,3.3723879598662205,-8.738867397136775e-05,0.10744046398296798
SUPERMARKET_3_617,1,Básicos de alto volumen,17.935703084161002,0.44050869635924383,3.047191222570533,0.00024204768975185907,0.1365614324004066
SUPERMARKET_3_618,0,Estacionales volátiles,7.555671719811814,2.0217501044664683,2.6477191533298914,0.00046178272413554086,0.6027715402839566
SUPERMARKET_3_619,0,Estacionales volátiles,1.8379508625196028,1.3551794683725056,3.3878637992831537,0.0010319547368495977,0.4900982531912468
SUPERMARKET_3_620,3,Nicho premium,4.352326189231573,0.9382336881662533,7.8724489629930865,0.00026951157634660065,0.09584328309786519
SUPERMARKET_3_621,2,Baja rotación volátil,3.9309984317825406,1.7312682639637125,1.8019531442663377,0.002240907158347535,0.2742079397921081
SUPERMARKET_3_622,1,Básicos de alto volumen,4.967067433350758,0.5710146237442597,3.0623956989247314,-0.00015412690425773806,0.08210330093873364
SUPERMARKET_3_623,2,Baja rotación volátil,3.1432305279665447,1.1396943204061416,3.5572858809801633,0.0010588169348838502,0.17806199955719712
SUPERMARKET_3_624,1,Básicos de alto volumen,6.472556194458965,1.038361639136073,2.971844680851064,0.0009739913726171324,0.12809354964788863
SUPERMARKET_3_625,1,Básicos de alto volumen,6.085729221118662,0.7449520609292308,3.5901519925857275,0.0007785844114638232,0.06563240964080357
SUPERMARKET_3_626,2,Baja rotación volátil,1.094093047569263,1.7376977211981646,4.7753858751279425,0.0021177689404245584,0.25783226145973026
SUPERMARKET_3_627,1,Básicos de alto volumen,4.67067433350758,0.7070592247306975,3.401390519187359,-1.8210888370234224e-05,0.11502112793549428
SUPERMARKET_3_628,1,Básicos de alto volumen,23.268687924725562,0.6033854930133509,4.779698924731182,0.00010211941349182572,0.1339382667832276
SUPERMARKET_3_629,1,Básicos de alto volumen,6.240460010454783,0.7090940223178337,6.23007343412527,8.332307347267991e-05,0.38402330436457305
SUPERMARKET_3_630,1,Básicos de alto volumen,3.378463146889702,1.0069499384644864,3.037483870967742,-0.0006768716179440618,0.23203690707280042
SUPERMARKET_3_631,1,Básicos de alto volumen,8.706220595922634,0.44024428194138493,4.280353996737357,1.1882243673324463e-05,0.07750905520076386
SUPERMARKET_3_632,1,Básicos de alto volumen,12.760585467851541,0.49300810671272793,4.793160667903525,0.00038961330797747016,0.09100162751285033
SUPERMARKET_3_633,0,Estacionales volátiles,1.1986408782017772,2.3109453375179196,3.4537290836653387,0.0022193192401172967,0.6548994159577058
SUPERMARKET_3_634,1,Básicos de alto volumen,26.893361212754836,0.6393561917808568,4.779402150537634,0.0002493779446360833,0.1453162920745084
SUPERMARKET_3_635,1,Básicos de alto volumen,147.48248823836906,0.6998306962691486,1.1757496402877696,-0.0004089766193362451,0.47147758067449624
SUPERMARKET_3_636,2,Baja rotación volátil,19.23941453214846,1.3217747825213824,4.203297334244703,0.0016041412276970451,0.20880540404805925
SUPERMARKET_3_637,2,Baja rotación volátil,3.019864087820178,1.0916503091322236,3.564453089244851,0.001217895321541223,0.15782823955419728
SUPERMARKET_3_638,1,Básicos de alto volumen,14.732357553580764,0.991002544117586,1.7860362361192286,0.001019959694207731,0.13627834421992044
SUPERMARKET_3_639,2,Baja rotación volátil,7.9100888656560375,1.3373703176910856,2.370941979522184,0.001854513342661614,0.1673045531446935
SUPERMARKET_3_640,2,Baja rotación volátil,3.8954521693674855,1.664922255903655,1.7991674449633088,0.0021759200911779437,0.21539524960562842
SUPERMARKET_3_641,2,Baja rotación volátil,3.5629900679560897,1.292593075479107,2.4541556195965417,0.0016610697041867422,0.22981148551358208
SUPERMARKET_3_642,1,Básicos de alto volumen,3.9581808677469943,1.0338282498053073,3.9196718606782768,0.0006779072995880458,0.12208873813303903
SUPERMARKET_3_643,1,Básicos de alto volumen,6.536853110297962,1.1776103599268937,2.1709624224735498,0.00031012030858752114,0.15588539600784787
SUPERMARKET_3_644,1,Básicos de alto volumen,15.425509670674334,0.7310605431488155,2.0796886976926086,0.0007026155849533728,0.1225181102059692
SUPERMARKET_3_645,1,Básicos de alto volumen,9.1019341348667,0.9064551634384636,2.875574193548387,-0.0003862021074290962,0.2562090726901089
SUPERMARKET_3_646,1,Básicos de alto volumen,11.731312075274438,1.1772861912237658,3.0794134098243098,-0.0005544365637545959,0.3793330028084313
SUPERMARKET_3_647,2,Baja rotación volátil,3.662833246210141,2.326308555317019,1.4162518740629686,0.00220440780122766,0.2293288012683149
SUPERMARKET_3_648,1,Básicos de alto volumen,12.10559330893884,0.5497914946310846,1.2,0.0003029844297666186,0.11638599192711309
SUPERMARKET_3_649,3,Nicho premium,2.9932043910088866,1.1441044776926252,6.91809323583181,0.000204114722830291,0.31938690835807004
SUPERMARKET_3_650,2,Baja rotación volátil,3.742289597490852,1.1843529858186606,3.566657552973343,0.0015740584121466787,0.19616529358627713
SUPERMARKET_3_651,1,Básicos de alto volumen,14.918452692106639,0.6196731197782016,5.160623655913978,-0.00013544171115348122,0.05685097567470675
SUPERMARKET_3_652,1,Básicos de alto volumen,32.46419236800836,0.5190716276532409,4.775341964965727,0.0006098034056202548,0.08620085530060477
SUPERMARKET_3_653,1,Básicos de alto volumen,10.064296915838996,0.9707720110051751,4.720531660011409,0.001296901550423023,0.13523882537406395
SUPERMARKET_3_654,1,Básicos de alto volumen,26.984317825405125,0.5992171561288095,1.8884215607401449,0.0006069967087340333,0.17247276373366435
SUPERMARKET_3_655,1,Básicos de alto volumen,22.273915316257188,0.6838353915771845,2.3775264103485445,-0.0006135137295963508,0.17578709365379394
SUPERMARKET_3_656,1,Básicos de alto volumen,10.846314688970203,0.7583303585549488,4.171456647398844,-0.0007965267892565411,0.10218448407334557
SUPERMARKET_3_657,1,Básicos de alto volumen,16.411918452692106,0.6667232519926655,3.8107384284176535,-0.0005373801797004928,0.13231910273002298
SUPERMARKET_3_658,2,Baja rotación volátil,4.087820177731312,1.1213840024812063,3.3577777777777773,0.001192493694530579,0.13862594930585156
SUPERMARKET_3_659,1,Básicos de alto volumen,8.495033978044956,0.7523931249609527,3.7624051094890514,-0.000312000680236568,0.1267262939235829
SUPERMARKET_3_660,1,Básicos de alto volumen,11.934657605854678,0.8550453970401019,1.7367827027027027,0.00012455431580803372,0.41813382717428826
SUPERMARKET_3_661,2,Baja rotación volátil,14.347098797699948,1.362766350736238,3.936,0.0020003034766154096,0.09619253857543478
SUPERMARKET_3_662,2,Baja rotación volátil,2.273392577104025,1.6796258402035313,2.999216129032258,0.001579728770250697,0.31419529439645677
SUPERMARKET_3_663,1,Básicos de alto volumen,7.967590172503921,1.1642219067285133,2.1685136298421805,-0.00016815728539569977,0.28982572705073223
SUPERMARKET_3_664,1,Básicos de alto volumen,35.68740198640878,0.8830042360292883,2.568781857451404,-0.001191645310472279,0.13238167028374864
SUPERMARKET_3_665,0,Estacionales volátiles,13.031364349189754,1.447873711275723,3.5746140452698785,0.0007815426487632583,0.4328931716876299
SUPERMARKET_3_666,1,Básicos de alto volumen,7.967067433350758,0.8203451567318096,3.0414967741935484,-0.000768266470483297,0.16992306547223254
SUPERMARKET_3_667,1,Básicos de alto volumen,4.406691061160481,0.6618380294265265,2.4291674435281463,-0.00021966072093638627,0.24591405171794306
SUPERMARKET_3_668,1,Básicos de alto volumen,71.57449032932567,0.24463611080293673,1.9243870967741936,-0.00013555965451107708,0.09023416626141673
SUPERMARKET_3_669,1,Básicos de alto volumen,9.2639832723471,1.0041998288846943,0.8541477572559366,9.608845977651748e-05,0.1984873094132588
SUPERMARKET_3_670,1,Básicos de alto volumen,3.0564558285415577,0.7362381041759484,2.3879612764431695,0.00013657318875233586,0.15190051992195605
SUPERMARKET_3_671,1,Básicos de alto volumen,10.724516466283324,0.5952616173383334,2.491483870967742,1.646889968869662e-05,0.12005020897399124
SUPERMARKET_3_672,1,Básicos de alto volumen,47.41348667015159,0.44314562357392184,2.8847956834532376,-0.00020112278040332449,0.1739851839014234
SUPERMARKET_3_673,2,Baja rotación volátil,3.584945112388918,1.2461458845765854,7.176000000000001,0.0016719756707396403,0.21748028956425777
SUPERMARKET_3_674,1,Básicos de alto volumen,19.363303711447987,0.39667603962793246,3.5739956989247315,-0.00020245781969532658,0.07589328919788577
SUPERMARKET_3_675,1,Básicos de alto volumen,12.563512807109252,0.794014538163721,2.378205689277899,0.00039449036304168455,0.1285097972105598
SUPERMARKET_3_676,1,Básicos de alto volumen,8.931521170935703,0.7306368715211774,8.693538461538463,-0.0004722839905345653,0.17354662444567076
SUPERMARKET_3_677,1,Básicos de alto volumen,5.187140616832201,0.7293328749302429,4.7328337468982635,0.0002623957704211861,0.09111708414802472
SUPERMARKET_3_678,1,Básicos de alto volumen,15.365394668060638,0.6251344467196815,5.918116480793061,0.0005115879960147966,0.1309096966791905
SUPERMARKET_3_679,1,Básicos de alto volumen,14.110820700470466,0.6446543719099895,4.604046165301563,-0.00018717576515652742,0.13109072084670167
SUPERMARKET_3_680,1,Básicos de alto volumen,5.123366440146367,0.9160484603493032,2.992475229357798,0.00017636013260732792,0.20133277500480704
SUPERMARKET_3_681,1,Básicos de alto volumen,130.69419759539988,0.6313276879866896,1.3263101220387652,0.000385272505654445,0.157668980749306
SUPERMARKET_3_682,1,Básicos de alto volumen,30.194458964976477,1.121469530089499,4.202114352392066,0.0014149854244165897,0.26279464926500434
SUPERMARKET_3_683,2,Baja rotación volátil,11.133298484056455,1.0932538175563205,3.0039425051334705,0.001530561250908927,0.17738477507315079
SUPERMARKET_3_684,1,Básicos de alto volumen,7.470465237846315,0.8019985320842489,2.2690925831202047,0.0009061711895550261,0.07882872032755406
SUPERMARKET_3_685,1,Básicos de alto volumen,10.267642446419236,0.8779566020664514,2.9504129032258066,-0.0003487207213393026,0.4557184840052114
SUPERMARKET_3_686,1,Básicos de alto volumen,4.6356508102456875,0.7131272542018264,4.483694588584136,-0.00023751259840946515,0.13474856148679382
SUPERMARKET_3_687,1,Básicos de alto volumen,8.8170412963931,0.5075728059882672,3.4648839285714286,-0.000139557743685489,0.08388529040415063
SUPERMARKET_3_688,1,Básicos de alto volumen,45.77051751176163,0.8124418266021336,2.244409703504043,0.00025033949384299707,0.10834770477242607
SUPERMARKET_3_689,0,Estacionales volátiles,8.459487715629901,1.1366132725123204,3.381159593544531,0.0012726000471079736,0.465009908098684
SUPERMARKET_3_690,2,Baja rotación volátil,1.2326189231573446,1.8549369485786824,11.975999999999999,0.002252323023396891,0.32710891352444915
SUPERMARKET_3_691,2,Baja rotación volátil,1.2535284892838474,1.6778637095910598,8.976,0.0020325195358789337,0.21957687611902282
SUPERMARKET_3_692,1,Básicos de alto volumen,27.24568740198641,0.5920430852154568,0.9803655913978494,0.00030772269176415336,0.16061575352192126
SUPERMARKET_3_693,2,Baja rotación volátil,0.9477260846837429,1.7667980647606552,4.18272,0.0017475465153598592,0.29736592074038926
SUPERMARKET_3_694,1,Básicos de alto volumen,203.8687924725562,0.22606785156318238,1.9243440860215053,-6.380568619921774e-05,0.08062886709965537
SUPERMARKET_3_695,1,Básicos de alto volumen,38.963930998431785,0.5345051271120411,4.789015590200446,0.000515395953698146,0.15549175636025453
SUPERMARKET_3_696,2,Baja rotación volátil,1.0784108729743858,2.1240792647286257,5.404599118942731,0.0022902999705954503,0.43216799384562044
SUPERMARKET_3_697,1,Básicos de alto volumen,51.569785676947205,0.3301740495711786,3.649119353654058,0.000266616102149053,0.03449630769746825
SUPERMARKET_3_698,2,Baja rotación volátil,7.7401986408782015,1.3785453998237371,1.2,0.0017383742168586734,0.15787006772931647
SUPERMARKET_3_700,0,Estacionales volátiles,5.808154730789336,1.1836852875377153,3.1135391241923904,3.877106228204766e-05,0.4605952465211374
SUPERMARKET_3_701,2,Baja rotación volátil,3.7051751176163092,1.286177246410115,2.3923166077738514,0.0017986178207971433,0.178674400619608
SUPERMARKET_3_702,1,Básicos de alto volumen,64.50026136957658,0.6683951147538012,3.592825806451613,0.00035818175584087514,0.44315686706542096
SUPERMARKET_3_703,2,Baja rotación volátil,2.8186095138525875,1.4799529825283468,2.376,0.0019089455837702225,0.20664825746938886
SUPERMARKET_3_704,1,Básicos de alto volumen,38.15473078933612,0.45371303794614604,5.096116129032258,-0.0002613442541473666,0.11536325538102724
SUPERMARKET_3_705,1,Básicos de alto volumen,7.676424464192368,0.6531866934501227,4.562500556173526,-0.00014593125538326065,0.20617404576182374
SUPERMARKET_3_706,2,Baja rotación volátil,12.130684788290642,1.1510102024730768,2.376,0.0016435702842414383,0.2394497851744967
SUPERMARKET_3_707,2,Baja rotación volátil,8.163617354939886,1.4378899201286894,1.3570491257285595,0.001466466758105975,0.13993096768908922
SUPERMARKET_3_708,1,Básicos de alto volumen,11.950862519602719,0.623270236567519,3.4301266427718042,-4.486418506189815e-05,0.10351972240333909
SUPERMARKET_3_709,2,Baja rotación volátil,3.5452169367485626,1.2983310905817158,2.666305418719212,0.001821670557314158,0.31203592462196345
SUPERMARKET_3_710,2,Baja rotación volátil,2.54678515420805,1.2201236845397585,3.555664429530202,0.0013438953326403013,0.13601780932395502
SUPERMARKET_3_711,1,Básicos de alto volumen,100.0334553058024,0.5348403188835846,0.24035737351991388,-0.00019051092484247467,0.13601409114409116
SUPERMARKET_3_712,1,Básicos de alto volumen,9.261892315734448,0.6952708363572764,4.289825503355704,0.00040681542460384876,0.12801050503785932
SUPERMARKET_3_713,2,Baja rotación volátil,1.4803972817564035,1.6206265894566008,4.30592748091603,0.00046109105440768155,0.2976967787449072
SUPERMARKET_3_714,1,Básicos de alto volumen,207.09461578672241,0.3218470700314223,1.8268387096774195,-7.639652939260139e-05,0.18641009564331423
SUPERMARKET_3_715,1,Básicos de alto volumen,7.276006272869838,0.6701460110496791,4.776,0.0005346316087209545,0.14744982436011445
SUPERMARKET_3_716,1,Básicos de alto volumen,10.535807631991636,0.46637899872843835,1.654795593635251,8.612588361812923e-05,0.08969905768364443
SUPERMARKET_3_717,1,Básicos de alto volumen,5.604286461055933,0.53133045414254,2.3759134823359767,-8.675863213598704e-05,0.061420696544955966
SUPERMARKET_3_718,1,Básicos de alto volumen,10.785676947203346,0.8683525041105865,1.5569186746987953,-0.00011749573131999682,0.14924534767135197
SUPERMARKET_3_719,1,Básicos de alto volumen,7.953998954521694,0.9691737645986475,2.8664932249322495,6.450464870853171e-05,0.2527814244892695
SUPERMARKET_3_720,2,Baja rotación volátil,1.8593831677992683,1.551159204049794,5.203719038817005,0.0019028705036697304,0.15026964351958264
SUPERMARKET_3_721,1,Básicos de alto volumen,11.879247255619445,0.6638125681919501,2.379473227206946,-0.00028255198914783983,0.11570470587569456
SUPERMARKET_3_722,0,Estacionales volátiles,1.9932043910088866,1.987137935614135,3.000981132075472,0.001908637830801235,0.5124028051022934
SUPERMARKET_3_723,1,Básicos de alto volumen,148.63199163617355,0.7357421998712472,1.643290322580645,8.95199057429481e-05,0.2000118122723686
SUPERMARKET_3_724,3,Nicho premium,3.0088865656037638,0.7932699098693351,7.815655172413793,0.0004996340424063451,0.10521820601878176
SUPERMARKET_3_725,1,Básicos de alto volumen,18.71772085729221,0.5575297328897646,3.39743928035982,3.413299068273642e-05,0.12355858368112257
SUPERMARKET_3_726,2,Baja rotación volátil,6.2598013591217985,1.2450161056788198,2.988991334488735,0.0009493059299185838,0.32623991501795735
SUPERMARKET_3_727,1,Básicos de alto volumen,22.079979090433874,0.7778124891244708,4.581264516129032,0.00021310513269860541,0.1720785754670121
SUPERMARKET_3_729,1,Básicos de alto volumen,7.7825405122843705,0.691115097706106,4.730370931112793,0.00019504662986410335,0.10123416523335892
SUPERMARKET_3_730,1,Básicos de alto volumen,14.108729743857815,0.3758542957873136,5.7750537634408605,-2.0369146007571326e-05,0.09985229072499605
SUPERMARKET_3_731,2,Baja rotación volátil,7.638264506011501,0.954293315161469,3.5739317524580687,0.0012430636151825854,0.1971445792651175
SUPERMARKET_3_732,1,Básicos de alto volumen,19.419759539989546,0.6901768117461468,2.429806451612903,-0.0010257943117015615,0.059713666694201126
SUPERMARKET_3_733,2,Baja rotación volátil,6.317825405122844,1.7025405007213554,2.3479570602807596,0.001405367128371286,0.3252972418677392
SUPERMARKET_3_734,1,Básicos de alto volumen,51.450078410872976,0.2865029685665949,1.9554690647482014,-3.351657392871673e-05,0.077590203977678
SUPERMARKET_3_735,2,Baja rotación volátil,2.004704652378463,1.840351051146424,2.4,0.0023424381960949433,0.2149235378901859
SUPERMARKET_3_736,2,Baja rotación volátil,2.2916884474647152,1.44590644543265,2.1814037403740376,-2.535599032533832e-06,0.2675921157355941
SUPERMARKET_3_737,2,Baja rotación volátil,0.8698379508625196,1.8382708311731846,4.176,0.0018285693935627205,0.2782146402735586
SUPERMARKET_3_738,1,Básicos de alto volumen,38.24934657605855,0.7494511956509303,1.6416559139784948,-0.00014323659568336275,0.192399729917934
SUPERMARKET_3_739,1,Básicos de alto volumen,75.05959226346053,0.9526379036966381,1.787676056338028,0.001149124420543908,0.13527013338122135
SUPERMARKET_3_741,1,Básicos de alto volumen,59.32305279665447,0.49273112050334106,1.5888758265980896,-0.00032905610680293844,0.15084086888302092
SUPERMARKET_3_742,1,Básicos de alto volumen,17.242028227914272,0.9048093279079451,1.4600701486847123,-0.00011812983047874437,0.22836124938683386
SUPERMARKET_3_743,2,Baja rotación volátil,1.553058024046001,2.262590321637761,3.567944055944056,0.0024502817645285927,0.4620128168732182
SUPERMARKET_3_744,1,Básicos de alto volumen,62.00575013068479,0.5215051639524922,2.4902980561555075,0.0003450201083610736,0.12458120382363412
SUPERMARKET_3_745,2,Baja rotación volátil,2.3648719289074753,1.043844923819994,2.4631754874651812,0.0003699890260271158,0.20930870260604012
SUPERMARKET_3_746,1,Básicos de alto volumen,33.65603763721903,0.43200619600657936,2.358916129032258,-0.0001697210376824323,0.0635451148356723
SUPERMARKET_3_747,2,Baja rotación volátil,9.769472033455306,1.2023703950941238,1.199560117302053,0.0017159336274793538,0.11617439551730611
SUPERMARKET_3_748,1,Básicos de alto volumen,5.937794040773654,0.9028285424859243,4.685181605611847,-0.0002972677287479737,0.14635324222126805
SUPERMARKET_3_749,1,Básicos de alto volumen,5.872451646628332,1.198723615393355,2.1813113105924598,4.206259426816847e-05,0.22086012605679398
SUPERMARKET_3_750,1,Básicos de alto volumen,18.772085729221118,0.7047990398028083,2.7043918426802622,-0.00015777812953195728,0.2346865116160923
SUPERMARKET_3_751,2,Baja rotación volátil,2.4291688447464717,1.3513253409643315,5.935875,0.0016107063314485292,0.20465899138850177
SUPERMARKET_3_752,1,Básicos de alto volumen,105.7177208572922,0.5329041983590592,0.240137832017229,-0.00023361128031121697,0.06799051011409125
SUPERMARKET_3_753,1,Básicos de alto volumen,30.25248301097752,0.6523808071559293,6.393580993520519,-0.00018659414809492561,0.2826592552167584
SUPERMARKET_3_754,2,Baja rotación volátil,3.100888656560376,1.1291309694859728,7.290845830833834,0.001083087171236634,0.12713173160881427
SUPERMARKET_3_755,1,Básicos de alto volumen,48.61265028750653,0.7560226795805319,1.2635139784946237,-0.0004843546082179896,0.18286693750906932
SUPERMARKET_3_756,1,Básicos de alto volumen,58.7151071615264,0.3282206286612015,3.1417505407354,0.0002763681032911972,0.03977669109761632
SUPERMARKET_3_757,1,Básicos de alto volumen,31.600627286983794,1.0736783832446157,3.09438105489774,-0.00022781807618130767,0.41757532640071643
SUPERMARKET_3_758,0,Estacionales volátiles,2.265028750653424,1.2714965207702935,2.9479873130946985,0.0005784280211946972,0.6220518838891962
SUPERMARKET_3_759,2,Baja rotación volátil,6.065342394145321,1.2751860787578353,3.3899252336448598,0.001400675368949809,0.2186277350362829
SUPERMARKET_3_760,2,Baja rotación volátil,15.295347621536854,1.9358678278747101,3.4491161473087817,0.0024370230788555228,0.38646532414750034
SUPERMARKET_3_761,1,Básicos de alto volumen,8.27861996863565,1.0055270298730525,2.392520345252774,0.0009128193113863135,0.10778684808159651
SUPERMARKET_3_762,1,Básicos de alto volumen,3.1427077888133823,0.8877945602792372,4.348518902891031,-0.0006942040770790716,0.16714659986896613
SUPERMARKET_3_763,1,Básicos de alto volumen,3.608991113434396,1.293570021469809,4.302045968624589,-0.000953376971357051,0.22545460573286447
SUPERMARKET_3_764,1,Básicos de alto volumen,80.25091479351804,0.7563899470270222,3.563006493506493,-0.00029122219358446877,0.24338534928028546
SUPERMARKET_3_765,1,Básicos de alto volumen,11.150026136957658,0.41237161211985035,3.452373697448796,-6.307047421176018e-05,0.0719534511380852
SUPERMARKET_3_766,1,Básicos de alto volumen,7.506011500261369,0.5675775578937283,3.362528356066045,-0.0003764129373092572,0.16808737856877942
SUPERMARKET_3_767,1,Básicos de alto volumen,50.8044955567172,0.7549496761567572,1.174790322580645,-0.00010104089976802919,0.49962071905170163
SUPERMARKET_3_768,2,Baja rotación volátil,8.509670674333508,1.4311620568166779,2.3063581267217628,0.001970950619028351,0.2142637436621639
SUPERMARKET_3_769,1,Básicos de alto volumen,38.720334553058024,1.0326806771723889,1.4597527847646423,-0.00020331277818426584,0.24102173886231368
SUPERMARKET_3_770,2,Baja rotación volátil,7.445896497647674,1.1335102794226013,4.770823783783784,0.0008337772470506654,0.18606397119321483
SUPERMARKET_3_771,1,Básicos de alto volumen,9.622582331416623,0.922136964124771,2.9904179943767573,0.00019923679509145433,0.1830818736209581
SUPERMARKET_3_772,1,Básicos de alto volumen,21.193413486670153,0.7157770186053188,6.36224941543258,-5.13471383035148e-05,0.2798237760092429
SUPERMARKET_3_773,2,Baja rotación volátil,2.256664924202823,1.6105702262746042,5.971668185961714,0.001892256750404306,0.16753965167351773
SUPERMARKET_3_774,1,Básicos de alto volumen,5.844223732357554,0.7531573010835012,7.563712556732224,0.00019595057514516098,0.08252245009965219
SUPERMARKET_3_775,1,Básicos de alto volumen,6.032932566649242,0.5293649635784347,4.297617369930356,0.00012435256924579936,0.08129591541041213
SUPERMARKET_3_776,2,Baja rotación volátil,8.113957135389441,1.4192521841295924,3.573004991680533,0.0017032638539936972,0.30771251886875506
SUPERMARKET_3_777,2,Baja rotación volátil,2.399372713016205,1.8477932011819522,3.573207990599295,0.002115201625712799,0.4010092523447619
SUPERMARKET_3_778,1,Básicos de alto volumen,3.1594354417145842,0.7484858667865618,2.5019121706398995,8.812379942106202e-06,0.1491568082515571
SUPERMARKET_3_779,2,Baja rotación volátil,1.9226346053319394,1.3094370630411973,2.9748561759729273,0.0010283173833320785,0.2048162647243627
SUPERMARKET_3_780,2,Baja rotación volátil,3.5572399372713015,1.857010600220758,3.559891525423729,0.0022409992652461424,0.22317190951416055
SUPERMARKET_3_781,1,Básicos de alto volumen,7.4887611082070045,0.6500589397131091,2.87362358276644,-0.0006109483589536516,0.07899397104563989
SUPERMARKET_3_782,1,Básicos de alto volumen,34.319916361735494,0.5126758820290956,3.1190881720430106,-0.0001871933409322594,0.18862212230390227
SUPERMARKET_3_783,1,Básicos de alto volumen,33.061683220073185,0.6875704428277376,6.390376080691643,-0.00022913742665296624,0.3315327152907622
SUPERMARKET_3_784,1,Básicos de alto volumen,9.448510193413487,1.144762006348531,1.5559569892473117,-0.0004586600367477788,0.22114579799187103
SUPERMARKET_3_785,1,Básicos de alto volumen,64.5321484579195,0.7123446925794553,3.711965009940358,0.0003272221777132095,0.12052222063333314
SUPERMARKET_3_786,1,Básicos de alto volumen,15.578672242550967,0.6567360221258681,2.3785099170573387,-0.0004820227874190403,0.21400965345490133
SUPERMARKET_3_787,1,Básicos de alto volumen,29.29482488238369,1.064628296806789,2.6736851441241685,0.00025944309627056383,0.2266203370229256
SUPERMARKET_3_788,1,Básicos de alto volumen,15.212232096184005,0.7005431061974569,4.533825327510916,-0.00042826421547224625,0.11635450427945102
SUPERMARKET_3_789,1,Básicos de alto volumen,34.40250914793518,0.9754053531976923,1.787224659158269,0.0011991644405258573,0.12982387726862932
SUPERMARKET_3_790,2,Baja rotación volátil,1.3120752744380555,1.9602889742108545,2.990830092983939,0.001387072478439229,0.2536355276142925
SUPERMARKET_3_791,1,Básicos de alto volumen,6.275483533716676,0.8640331629441154,2.9910130371801062,0.0009012606787718645,0.10389466885217703
SUPERMARKET_3_792,1,Básicos de alto volumen,41.25666492420282,0.4552520835463123,1.2,-0.0003370838908036001,0.1286867721963421
SUPERMARKET_3_793,1,Básicos de alto volumen,15.541557762676424,0.42241384982850727,3.5742150537634405,7.403678588573963e-05,0.07479163000859058
SUPERMARKET_3_794,1,Básicos de alto volumen,12.393099843178254,0.4987551277177044,3.3529817007534986,-0.00030668402049128883,0.1394925190334133
SUPERMARKET_3_795,2,Baja rotación volátil,15.027705175117616,1.1396753370721597,3.5698064516129033,0.001774114359559258,0.1409773242718069
SUPERMARKET_3_796,0,Estacionales volátiles,1.3805541035023523,2.5851066946619565,3.503511627906977,0.002438376957470914,0.7832903913905249
SUPERMARKET_3_797,1,Básicos de alto volumen,9.14427600627287,0.7548184544506155,4.813380952380952,0.0007261115719937134,0.13986388632787577
SUPERMARKET_3_798,2,Baja rotación volátil,1.7286983795086253,1.278951976886543,2.376,0.0014381924280685743,0.17586368511130993
SUPERMARKET_3_799,1,Básicos de alto volumen,1.6403554626241506,0.9334291586049036,2.518195034184959,-0.00029371446816499986,0.2624098146534759
SUPERMARKET_3_800,1,Básicos de alto volumen,47.149503397804494,0.8474622729075223,2.5679092545912856,-0.0010939265393078348,0.12502265945410743
SUPERMARKET_3_801,1,Básicos de alto volumen,29.918452692106637,0.7090700697632871,1.2,0.0004755696559555511,0.14862164056167015
SUPERMARKET_3_802,1,Básicos de alto volumen,4.628855201254574,0.6659869917441136,2.016,-0.00019483152368972677,0.2423963072783805
SUPERMARKET_3_803,2,Baja rotación volátil,7.937794040773654,1.1540452532631065,1.1996059957173446,0.0014770765927744065,0.11425397874278857
SUPERMARKET_3_804,1,Básicos de alto volumen,104.86042864610559,0.3577301768653511,2.256,3.3581550346531276e-05,0.11442467852779258
SUPERMARKET_3_805,1,Básicos de alto volumen,17.539989545216937,0.4994861628377393,1.2,-8.667229777711547e-05,0.11562879737315956
SUPERMARKET_3_806,0,Estacionales volátiles,2.202300052273915,1.7043860207318016,2.9553724420190997,0.0015937856099394832,0.5339446928245928
SUPERMARKET_3_807,1,Básicos de alto volumen,30.672242550967066,0.4308075312678895,2.3758623655913977,-0.00010267430717814234,0.10603151148132843
SUPERMARKET_3_808,1,Básicos de alto volumen,147.3491897543126,0.700846673367441,1.1774584681769147,-0.0002478622203559523,0.48422078237095406
SUPERMARKET_3_809,1,Básicos de alto volumen,34.78933612127548,0.6928231593359574,1.2,0.0004226437308374021,0.1268566892085168
SUPERMARKET_3_810,1,Básicos de alto volumen,9.7318348144276,0.9056528087189323,2.9903818953323906,0.0003645087819716659,0.24503248399541827
SUPERMARKET_3_811,1,Básicos de alto volumen,93.06534239414532,0.7329146881001203,2.244507194244604,0.0005519761235258311,0.12230411574811893
SUPERMARKET_3_812,1,Básicos de alto volumen,13.822791427077888,0.4658308262739828,3.3894236559139785,0.00018453595127034637,0.11844968005077854
SUPERMARKET_3_813,2,Baja rotación volátil,2.9247255619445895,1.8083035978732223,5.398567164179105,0.0021098802924675187,0.36379698061897864
SUPERMARKET_3_814,1,Básicos de alto volumen,20.885520125457397,0.5963030013043016,2.1419264705882353,5.980984912465991e-05,0.18537172770312127
SUPERMARKET_3_815,2,Baja rotación volátil,2.2388917929952954,1.63599547515114,2.968612756264237,0.001081857599016682,0.21094173088858983
SUPERMARKET_3_816,1,Básicos de alto volumen,49.22948248823837,0.8365862169300401,0.24100489977728282,0.00022870194127022595,0.09250576252385043
SUPERMARKET_3_817,1,Básicos de alto volumen,6.801359121798223,0.6038307413881726,3.3830007178750896,-0.0004738570396907441,0.10866759443136424
SUPERMARKET_3_818,1,Básicos de alto volumen,18.692629377940406,0.7063857449089787,3.576,0.0010199919460937741,0.1471100598994381
SUPERMARKET_3_819,1,Básicos de alto volumen,20.01463669628855,0.7034187877028194,2.3794816414686824,-0.0006637159650112745,0.15603279564994157
SUPERMARKET_3_820,1,Básicos de alto volumen,15.958180867746995,0.45478493479280363,2.364426229508197,0.0003939188232397337,0.10811000634801425
SUPERMARKET_3_821,2,Baja rotación volátil,3.5389440669106116,1.1441859707210806,5.974927331189711,0.0015460308490391694,0.06493964015565072
SUPERMARKET_3_822,1,Básicos de alto volumen,30.38839519079979,0.884246772364519,4.650477419354839,-6.650037216416175e-06,0.2407965905762831
SUPERMARKET_3_823,1,Básicos de alto volumen,8.043910088865657,0.9409701231792896,3.3446086956521737,0.00020054057303757312,0.17768961552046156
SUPERMARKET_3_824,1,Básicos de alto volumen,4.351803450078411,0.9066994158793747,3.0266924731182794,-0.0008370973772791689,0.23984739615537795
SUPERMARKET_3_825,1,Básicos de alto volumen,7.070569785676947,0.801659674462698,4.934385360602799,0.00014369289243600563,0.1696278982047123
SUPERMARKET_3_826,2,Baja rotación volátil,6.371144798745426,1.0157345843849985,1.5357901311680202,0.0012818922813927494,0.13675031416045302
SUPERMARKET_3_827,2,Baja rotación volátil,5.94720334553058,1.6627661268329539,1.1993945509586275,0.002149707984385691,0.23465471630624207
